set,tier,coverage,risk
meva_frozen,Nano,0.00179,0.00000
meva_frozen,Nano,0.00357,0.00000
meva_frozen,Nano,0.00536,0.00000
meva_frozen,Nano,0.00714,0.00000
meva_frozen,Nano,0.00893,0.00000
meva_frozen,Nano,0.01071,0.00000
meva_frozen,Nano,0.01250,0.00000
meva_frozen,Nano,0.01429,0.00000
meva_frozen,Nano,0.01607,0.00000
meva_frozen,Nano,0.01786,0.00000
meva_frozen,Nano,0.01964,0.00000
meva_frozen,Nano,0.02143,0.00000
meva_frozen,Nano,0.02321,0.00000
meva_frozen,Nano,0.02500,0.00000
meva_frozen,Nano,0.02679,0.00000
meva_frozen,Nano,0.02857,0.00000
meva_frozen,Nano,0.03036,0.00000
meva_frozen,Nano,0.03214,0.00000
meva_frozen,Nano,0.03393,0.00000
meva_frozen,Nano,0.03571,0.00000
meva_frozen,Nano,0.03750,0.00000
meva_frozen,Nano,0.03929,0.00000
meva_frozen,Nano,0.04107,0.00000
meva_frozen,Nano,0.04286,0.00000
meva_frozen,Nano,0.04464,0.00000
meva_frozen,Nano,0.04643,0.00000
meva_frozen,Nano,0.04821,0.00000
meva_frozen,Nano,0.05000,0.00000
meva_frozen,Nano,0.05179,0.00000
meva_frozen,Nano,0.05357,0.00000
meva_frozen,Nano,0.05536,0.00000
meva_frozen,Nano,0.05714,0.00000
meva_frozen,Nano,0.05893,0.00000
meva_frozen,Nano,0.06071,0.00000
meva_frozen,Nano,0.06250,0.00000
meva_frozen,Nano,0.06429,0.00000
meva_frozen,Nano,0.06607,0.00000
meva_frozen,Nano,0.06786,0.00000
meva_frozen,Nano,0.06964,0.00000
meva_frozen,Nano,0.07143,0.00000
meva_frozen,Nano,0.07321,0.00000
meva_frozen,Nano,0.07500,0.00000
meva_frozen,Nano,0.07679,0.00000
meva_frozen,Nano,0.07857,0.00000
meva_frozen,Nano,0.08036,0.00000
meva_frozen,Nano,0.08214,0.00000
meva_frozen,Nano,0.08393,0.00000
meva_frozen,Nano,0.08571,0.00000
meva_frozen,Nano,0.08750,0.00000
meva_frozen,Nano,0.08929,0.00000
meva_frozen,Nano,0.09107,0.00000
meva_frozen,Nano,0.09286,0.00000
meva_frozen,Nano,0.09464,0.00000
meva_frozen,Nano,0.09643,0.00000
meva_frozen,Nano,0.09821,0.00000
meva_frozen,Nano,0.10000,0.00000
meva_frozen,Nano,0.10179,0.00000
meva_frozen,Nano,0.10357,0.00000
meva_frozen,Nano,0.10536,0.00000
meva_frozen,Nano,0.10714,0.00000
meva_frozen,Nano,0.10893,0.00000
meva_frozen,Nano,0.11071,0.00000
meva_frozen,Nano,0.11250,0.00000
meva_frozen,Nano,0.11429,0.00000
meva_frozen,Nano,0.11607,0.00000
meva_frozen,Nano,0.11786,0.00000
meva_frozen,Nano,0.11964,0.00000
meva_frozen,Nano,0.12143,0.00000
meva_frozen,Nano,0.12321,0.00000
meva_frozen,Nano,0.12500,0.00000
meva_frozen,Nano,0.12679,0.00000
meva_frozen,Nano,0.12857,0.00000
meva_frozen,Nano,0.13036,0.00000
meva_frozen,Nano,0.13214,0.00000
meva_frozen,Nano,0.13393,0.00000
meva_frozen,Nano,0.13571,0.00000
meva_frozen,Nano,0.13750,0.00000
meva_frozen,Nano,0.13929,0.00000
meva_frozen,Nano,0.14107,0.00000
meva_frozen,Nano,0.14286,0.00000
meva_frozen,Nano,0.14464,0.00000
meva_frozen,Nano,0.14643,0.00000
meva_frozen,Nano,0.14821,0.00000
meva_frozen,Nano,0.15000,0.00000
meva_frozen,Nano,0.15179,0.00000
meva_frozen,Nano,0.15357,0.00000
meva_frozen,Nano,0.15536,0.00000
meva_frozen,Nano,0.15714,0.00000
meva_frozen,Nano,0.15893,0.00000
meva_frozen,Nano,0.16071,0.00000
meva_frozen,Nano,0.16250,0.00000
meva_frozen,Nano,0.16429,0.00000
meva_frozen,Nano,0.16607,0.00000
meva_frozen,Nano,0.16786,0.00000
meva_frozen,Nano,0.16964,0.00000
meva_frozen,Nano,0.17143,0.01042
meva_frozen,Nano,0.17321,0.01031
meva_frozen,Nano,0.17500,0.01020
meva_frozen,Nano,0.17679,0.01010
meva_frozen,Nano,0.17857,0.01000
meva_frozen,Nano,0.18036,0.00990
meva_frozen,Nano,0.18214,0.00980
meva_frozen,Nano,0.18393,0.00971
meva_frozen,Nano,0.18571,0.00962
meva_frozen,Nano,0.18750,0.00952
meva_frozen,Nano,0.18929,0.00943
meva_frozen,Nano,0.19107,0.00935
meva_frozen,Nano,0.19286,0.00926
meva_frozen,Nano,0.19464,0.00917
meva_frozen,Nano,0.19643,0.00909
meva_frozen,Nano,0.19821,0.00901
meva_frozen,Nano,0.20000,0.00893
meva_frozen,Nano,0.20179,0.00885
meva_frozen,Nano,0.20357,0.00877
meva_frozen,Nano,0.20536,0.00870
meva_frozen,Nano,0.20714,0.00862
meva_frozen,Nano,0.20893,0.00855
meva_frozen,Nano,0.21071,0.00847
meva_frozen,Nano,0.21250,0.00840
meva_frozen,Nano,0.21429,0.00833
meva_frozen,Nano,0.21607,0.00826
meva_frozen,Nano,0.21786,0.00820
meva_frozen,Nano,0.21964,0.00813
meva_frozen,Nano,0.22143,0.00806
meva_frozen,Nano,0.22321,0.00800
meva_frozen,Nano,0.22500,0.00794
meva_frozen,Nano,0.22679,0.00787
meva_frozen,Nano,0.22857,0.00781
meva_frozen,Nano,0.23036,0.00775
meva_frozen,Nano,0.23214,0.00769
meva_frozen,Nano,0.23393,0.00763
meva_frozen,Nano,0.23571,0.00758
meva_frozen,Nano,0.23750,0.00752
meva_frozen,Nano,0.23929,0.00746
meva_frozen,Nano,0.24107,0.00741
meva_frozen,Nano,0.24286,0.00735
meva_frozen,Nano,0.24464,0.00730
meva_frozen,Nano,0.24643,0.00725
meva_frozen,Nano,0.24821,0.00719
meva_frozen,Nano,0.25000,0.00714
meva_frozen,Nano,0.25179,0.00709
meva_frozen,Nano,0.25357,0.00704
meva_frozen,Nano,0.25536,0.00699
meva_frozen,Nano,0.25714,0.00694
meva_frozen,Nano,0.25893,0.00690
meva_frozen,Nano,0.26071,0.00685
meva_frozen,Nano,0.26250,0.00680
meva_frozen,Nano,0.26429,0.00676
meva_frozen,Nano,0.26607,0.00671
meva_frozen,Nano,0.26786,0.00667
meva_frozen,Nano,0.26964,0.00662
meva_frozen,Nano,0.27143,0.00658
meva_frozen,Nano,0.27321,0.00654
meva_frozen,Nano,0.27500,0.00649
meva_frozen,Nano,0.27679,0.00645
meva_frozen,Nano,0.27857,0.00641
meva_frozen,Nano,0.28036,0.00637
meva_frozen,Nano,0.28214,0.00633
meva_frozen,Nano,0.28393,0.01258
meva_frozen,Nano,0.28571,0.01250
meva_frozen,Nano,0.28750,0.01242
meva_frozen,Nano,0.28929,0.01235
meva_frozen,Nano,0.29107,0.01227
meva_frozen,Nano,0.29286,0.01220
meva_frozen,Nano,0.29464,0.01212
meva_frozen,Nano,0.29643,0.01205
meva_frozen,Nano,0.29821,0.01198
meva_frozen,Nano,0.30000,0.01190
meva_frozen,Nano,0.30179,0.01183
meva_frozen,Nano,0.30357,0.01176
meva_frozen,Nano,0.30536,0.01170
meva_frozen,Nano,0.30714,0.01163
meva_frozen,Nano,0.30893,0.01156
meva_frozen,Nano,0.31071,0.01149
meva_frozen,Nano,0.31250,0.01143
meva_frozen,Nano,0.31429,0.01136
meva_frozen,Nano,0.31607,0.01130
meva_frozen,Nano,0.31786,0.01124
meva_frozen,Nano,0.31964,0.01117
meva_frozen,Nano,0.32143,0.01111
meva_frozen,Nano,0.32321,0.01105
meva_frozen,Nano,0.32500,0.01099
meva_frozen,Nano,0.32679,0.01093
meva_frozen,Nano,0.32857,0.01087
meva_frozen,Nano,0.33036,0.01081
meva_frozen,Nano,0.33214,0.01075
meva_frozen,Nano,0.33393,0.01070
meva_frozen,Nano,0.33571,0.01064
meva_frozen,Nano,0.33750,0.01058
meva_frozen,Nano,0.33929,0.01053
meva_frozen,Nano,0.34107,0.01047
meva_frozen,Nano,0.34286,0.01042
meva_frozen,Nano,0.34464,0.01036
meva_frozen,Nano,0.34643,0.01031
meva_frozen,Nano,0.34821,0.01026
meva_frozen,Nano,0.35000,0.01020
meva_frozen,Nano,0.35179,0.01015
meva_frozen,Nano,0.35357,0.01010
meva_frozen,Nano,0.35536,0.01005
meva_frozen,Nano,0.35714,0.01000
meva_frozen,Nano,0.35893,0.00995
meva_frozen,Nano,0.36071,0.00990
meva_frozen,Nano,0.36250,0.00985
meva_frozen,Nano,0.36429,0.00980
meva_frozen,Nano,0.36607,0.00976
meva_frozen,Nano,0.36786,0.00971
meva_frozen,Nano,0.36964,0.00966
meva_frozen,Nano,0.37143,0.00962
meva_frozen,Nano,0.37321,0.00957
meva_frozen,Nano,0.37500,0.00952
meva_frozen,Nano,0.37679,0.00948
meva_frozen,Nano,0.37857,0.00943
meva_frozen,Nano,0.38036,0.00939
meva_frozen,Nano,0.38214,0.00935
meva_frozen,Nano,0.38393,0.00930
meva_frozen,Nano,0.38571,0.00926
meva_frozen,Nano,0.38750,0.00922
meva_frozen,Nano,0.38929,0.00917
meva_frozen,Nano,0.39107,0.00913
meva_frozen,Nano,0.39286,0.00909
meva_frozen,Nano,0.39464,0.00905
meva_frozen,Nano,0.39643,0.00901
meva_frozen,Nano,0.39821,0.00897
meva_frozen,Nano,0.40000,0.00893
meva_frozen,Nano,0.40179,0.00889
meva_frozen,Nano,0.40357,0.00885
meva_frozen,Nano,0.40536,0.00881
meva_frozen,Nano,0.40714,0.00877
meva_frozen,Nano,0.40893,0.00873
meva_frozen,Nano,0.41071,0.00870
meva_frozen,Nano,0.41250,0.00866
meva_frozen,Nano,0.41429,0.00862
meva_frozen,Nano,0.41607,0.00858
meva_frozen,Nano,0.41786,0.00855
meva_frozen,Nano,0.41964,0.00851
meva_frozen,Nano,0.42143,0.00847
meva_frozen,Nano,0.42321,0.00844
meva_frozen,Nano,0.42500,0.00840
meva_frozen,Nano,0.42679,0.00837
meva_frozen,Nano,0.42857,0.00833
meva_frozen,Nano,0.43036,0.01245
meva_frozen,Nano,0.43214,0.01240
meva_frozen,Nano,0.43393,0.01235
meva_frozen,Nano,0.43571,0.01230
meva_frozen,Nano,0.43750,0.01224
meva_frozen,Nano,0.43929,0.01220
meva_frozen,Nano,0.44107,0.01215
meva_frozen,Nano,0.44286,0.01210
meva_frozen,Nano,0.44464,0.01205
meva_frozen,Nano,0.44643,0.01200
meva_frozen,Nano,0.44821,0.01195
meva_frozen,Nano,0.45000,0.01190
meva_frozen,Nano,0.45179,0.01186
meva_frozen,Nano,0.45357,0.01181
meva_frozen,Nano,0.45536,0.01176
meva_frozen,Nano,0.45714,0.01172
meva_frozen,Nano,0.45893,0.01167
meva_frozen,Nano,0.46071,0.01163
meva_frozen,Nano,0.46250,0.01158
meva_frozen,Nano,0.46429,0.01154
meva_frozen,Nano,0.46607,0.01149
meva_frozen,Nano,0.46786,0.01145
meva_frozen,Nano,0.46964,0.01521
meva_frozen,Nano,0.47143,0.01515
meva_frozen,Nano,0.47321,0.01509
meva_frozen,Nano,0.47500,0.01504
meva_frozen,Nano,0.47679,0.01498
meva_frozen,Nano,0.47857,0.01493
meva_frozen,Nano,0.48036,0.01487
meva_frozen,Nano,0.48214,0.01481
meva_frozen,Nano,0.48393,0.01476
meva_frozen,Nano,0.48571,0.01471
meva_frozen,Nano,0.48750,0.01465
meva_frozen,Nano,0.48929,0.01460
meva_frozen,Nano,0.49107,0.01455
meva_frozen,Nano,0.49286,0.01449
meva_frozen,Nano,0.49464,0.01444
meva_frozen,Nano,0.49643,0.01439
meva_frozen,Nano,0.49821,0.01434
meva_frozen,Nano,0.50000,0.01429
meva_frozen,Nano,0.50179,0.01423
meva_frozen,Nano,0.50357,0.01418
meva_frozen,Nano,0.50536,0.01413
meva_frozen,Nano,0.50714,0.01408
meva_frozen,Nano,0.50893,0.01404
meva_frozen,Nano,0.51071,0.01399
meva_frozen,Nano,0.51250,0.01394
meva_frozen,Nano,0.51429,0.01389
meva_frozen,Nano,0.51607,0.01384
meva_frozen,Nano,0.51786,0.01379
meva_frozen,Nano,0.51964,0.01375
meva_frozen,Nano,0.52143,0.01370
meva_frozen,Nano,0.52321,0.01365
meva_frozen,Nano,0.52500,0.01361
meva_frozen,Nano,0.52679,0.01356
meva_frozen,Nano,0.52857,0.01351
meva_frozen,Nano,0.53036,0.01347
meva_frozen,Nano,0.53214,0.01342
meva_frozen,Nano,0.53393,0.01338
meva_frozen,Nano,0.53571,0.01333
meva_frozen,Nano,0.53750,0.01329
meva_frozen,Nano,0.53929,0.01325
meva_frozen,Nano,0.54107,0.01320
meva_frozen,Nano,0.54286,0.01316
meva_frozen,Nano,0.54464,0.01311
meva_frozen,Nano,0.54643,0.01307
meva_frozen,Nano,0.54821,0.01303
meva_frozen,Nano,0.55000,0.01299
meva_frozen,Nano,0.55179,0.01294
meva_frozen,Nano,0.55357,0.01290
meva_frozen,Nano,0.55536,0.01286
meva_frozen,Nano,0.55714,0.01282
meva_frozen,Nano,0.55893,0.01278
meva_frozen,Nano,0.56071,0.01274
meva_frozen,Nano,0.56250,0.01270
meva_frozen,Nano,0.56429,0.01266
meva_frozen,Nano,0.56607,0.01262
meva_frozen,Nano,0.56786,0.01258
meva_frozen,Nano,0.56964,0.01254
meva_frozen,Nano,0.57143,0.01250
meva_frozen,Nano,0.57321,0.01246
meva_frozen,Nano,0.57500,0.01242
meva_frozen,Nano,0.57679,0.01238
meva_frozen,Nano,0.57857,0.01235
meva_frozen,Nano,0.58036,0.01231
meva_frozen,Nano,0.58214,0.01227
meva_frozen,Nano,0.58393,0.01223
meva_frozen,Nano,0.58571,0.01220
meva_frozen,Nano,0.58750,0.01216
meva_frozen,Nano,0.58929,0.01212
meva_frozen,Nano,0.59107,0.01208
meva_frozen,Nano,0.59286,0.01205
meva_frozen,Nano,0.59464,0.01201
meva_frozen,Nano,0.59643,0.01198
meva_frozen,Nano,0.59821,0.01194
meva_frozen,Nano,0.60000,0.01190
meva_frozen,Nano,0.60179,0.01187
meva_frozen,Nano,0.60357,0.01183
meva_frozen,Nano,0.60536,0.01180
meva_frozen,Nano,0.60714,0.01176
meva_frozen,Nano,0.60893,0.01173
meva_frozen,Nano,0.61071,0.01170
meva_frozen,Nano,0.61250,0.01166
meva_frozen,Nano,0.61429,0.01163
meva_frozen,Nano,0.61607,0.01159
meva_frozen,Nano,0.61786,0.01156
meva_frozen,Nano,0.61964,0.01153
meva_frozen,Nano,0.62143,0.01149
meva_frozen,Nano,0.62321,0.01146
meva_frozen,Nano,0.62500,0.01143
meva_frozen,Nano,0.62679,0.01140
meva_frozen,Nano,0.62857,0.01136
meva_frozen,Nano,0.63036,0.01133
meva_frozen,Nano,0.63214,0.01130
meva_frozen,Nano,0.63393,0.01127
meva_frozen,Nano,0.63571,0.01124
meva_frozen,Nano,0.63750,0.01120
meva_frozen,Nano,0.63929,0.01117
meva_frozen,Nano,0.64107,0.01114
meva_frozen,Nano,0.64286,0.01111
meva_frozen,Nano,0.64464,0.01108
meva_frozen,Nano,0.64643,0.01105
meva_frozen,Nano,0.64821,0.01102
meva_frozen,Nano,0.65000,0.01099
meva_frozen,Nano,0.65179,0.01096
meva_frozen,Nano,0.65357,0.01093
meva_frozen,Nano,0.65536,0.01090
meva_frozen,Nano,0.65714,0.01087
meva_frozen,Nano,0.65893,0.01084
meva_frozen,Nano,0.66071,0.01081
meva_frozen,Nano,0.66250,0.01078
meva_frozen,Nano,0.66429,0.01075
meva_frozen,Nano,0.66607,0.01072
meva_frozen,Nano,0.66786,0.01070
meva_frozen,Nano,0.66964,0.01067
meva_frozen,Nano,0.67143,0.01064
meva_frozen,Nano,0.67321,0.01061
meva_frozen,Nano,0.67500,0.01058
meva_frozen,Nano,0.67679,0.01055
meva_frozen,Nano,0.67857,0.01053
meva_frozen,Nano,0.68036,0.01050
meva_frozen,Nano,0.68214,0.01047
meva_frozen,Nano,0.68393,0.01044
meva_frozen,Nano,0.68571,0.01042
meva_frozen,Nano,0.68750,0.01039
meva_frozen,Nano,0.68929,0.01036
meva_frozen,Nano,0.69107,0.01034
meva_frozen,Nano,0.69286,0.01031
meva_frozen,Nano,0.69464,0.01028
meva_frozen,Nano,0.69643,0.01026
meva_frozen,Nano,0.69821,0.01023
meva_frozen,Nano,0.70000,0.01020
meva_frozen,Nano,0.70179,0.01018
meva_frozen,Nano,0.70357,0.01015
meva_frozen,Nano,0.70536,0.01013
meva_frozen,Nano,0.70714,0.01010
meva_frozen,Nano,0.70893,0.01259
meva_frozen,Nano,0.71071,0.01256
meva_frozen,Nano,0.71250,0.01253
meva_frozen,Nano,0.71429,0.01250
meva_frozen,Nano,0.71607,0.01247
meva_frozen,Nano,0.71786,0.01244
meva_frozen,Nano,0.71964,0.01241
meva_frozen,Nano,0.72143,0.01238
meva_frozen,Nano,0.72321,0.01235
meva_frozen,Nano,0.72500,0.01232
meva_frozen,Nano,0.72679,0.01229
meva_frozen,Nano,0.72857,0.01225
meva_frozen,Nano,0.73036,0.01222
meva_frozen,Nano,0.73214,0.01220
meva_frozen,Nano,0.73393,0.01217
meva_frozen,Nano,0.73571,0.01214
meva_frozen,Nano,0.73750,0.01211
meva_frozen,Nano,0.73929,0.01208
meva_frozen,Nano,0.74107,0.01205
meva_frozen,Nano,0.74286,0.01202
meva_frozen,Nano,0.74464,0.01199
meva_frozen,Nano,0.74643,0.01196
meva_frozen,Nano,0.74821,0.01193
meva_frozen,Nano,0.75000,0.01190
meva_frozen,Nano,0.75179,0.01188
meva_frozen,Nano,0.75357,0.01185
meva_frozen,Nano,0.75536,0.01182
meva_frozen,Nano,0.75714,0.01179
meva_frozen,Nano,0.75893,0.01176
meva_frozen,Nano,0.76071,0.01174
meva_frozen,Nano,0.76250,0.01171
meva_frozen,Nano,0.76429,0.01168
meva_frozen,Nano,0.76607,0.01166
meva_frozen,Nano,0.76786,0.01163
meva_frozen,Nano,0.76964,0.01160
meva_frozen,Nano,0.77143,0.01157
meva_frozen,Nano,0.77321,0.01155
meva_frozen,Nano,0.77500,0.01152
meva_frozen,Nano,0.77679,0.01149
meva_frozen,Nano,0.77857,0.01147
meva_frozen,Nano,0.78036,0.01144
meva_frozen,Nano,0.78214,0.01142
meva_frozen,Nano,0.78393,0.01139
meva_frozen,Nano,0.78571,0.01136
meva_frozen,Nano,0.78750,0.01134
meva_frozen,Nano,0.78929,0.01131
meva_frozen,Nano,0.79107,0.01129
meva_frozen,Nano,0.79286,0.01126
meva_frozen,Nano,0.79464,0.01124
meva_frozen,Nano,0.79643,0.01121
meva_frozen,Nano,0.79821,0.01119
meva_frozen,Nano,0.80000,0.01116
meva_frozen,Nano,0.80179,0.01114
meva_frozen,Nano,0.80357,0.01111
meva_frozen,Nano,0.80536,0.01109
meva_frozen,Nano,0.80714,0.01106
meva_frozen,Nano,0.80893,0.01104
meva_frozen,Nano,0.81071,0.01101
meva_frozen,Nano,0.81250,0.01099
meva_frozen,Nano,0.81429,0.01096
meva_frozen,Nano,0.81607,0.01094
meva_frozen,Nano,0.81786,0.01092
meva_frozen,Nano,0.81964,0.01089
meva_frozen,Nano,0.82143,0.01087
meva_frozen,Nano,0.82321,0.01085
meva_frozen,Nano,0.82500,0.01082
meva_frozen,Nano,0.82679,0.01080
meva_frozen,Nano,0.82857,0.01293
meva_frozen,Nano,0.83036,0.01290
meva_frozen,Nano,0.83214,0.01288
meva_frozen,Nano,0.83393,0.01285
meva_frozen,Nano,0.83571,0.01496
meva_frozen,Nano,0.83750,0.01493
meva_frozen,Nano,0.83929,0.01489
meva_frozen,Nano,0.84107,0.01486
meva_frozen,Nano,0.84286,0.01483
meva_frozen,Nano,0.84464,0.01480
meva_frozen,Nano,0.84643,0.01477
meva_frozen,Nano,0.84821,0.01474
meva_frozen,Nano,0.85000,0.01471
meva_frozen,Nano,0.85179,0.01468
meva_frozen,Nano,0.85357,0.01674
meva_frozen,Nano,0.85536,0.01670
meva_frozen,Nano,0.85714,0.01875
meva_frozen,Nano,0.85893,0.01871
meva_frozen,Nano,0.86071,0.01867
meva_frozen,Nano,0.86250,0.01863
meva_frozen,Nano,0.86429,0.01860
meva_frozen,Nano,0.86607,0.01856
meva_frozen,Nano,0.86786,0.01852
meva_frozen,Nano,0.86964,0.01848
meva_frozen,Nano,0.87143,0.01844
meva_frozen,Nano,0.87321,0.01840
meva_frozen,Nano,0.87500,0.01837
meva_frozen,Nano,0.87679,0.01833
meva_frozen,Nano,0.87857,0.02033
meva_frozen,Nano,0.88036,0.02028
meva_frozen,Nano,0.88214,0.02227
meva_frozen,Nano,0.88393,0.02222
meva_frozen,Nano,0.88571,0.02218
meva_frozen,Nano,0.88750,0.02213
meva_frozen,Nano,0.88929,0.02209
meva_frozen,Nano,0.89107,0.02204
meva_frozen,Nano,0.89286,0.02200
meva_frozen,Nano,0.89464,0.02196
meva_frozen,Nano,0.89643,0.02191
meva_frozen,Nano,0.89821,0.02187
meva_frozen,Nano,0.90000,0.02381
meva_frozen,Nano,0.90179,0.02574
meva_frozen,Nano,0.90357,0.02767
meva_frozen,Nano,0.90536,0.02959
meva_frozen,Nano,0.90714,0.02953
meva_frozen,Nano,0.90893,0.03143
meva_frozen,Nano,0.91071,0.03137
meva_frozen,Nano,0.91250,0.03131
meva_frozen,Nano,0.91429,0.03125
meva_frozen,Nano,0.91607,0.03119
meva_frozen,Nano,0.91786,0.03113
meva_frozen,Nano,0.91964,0.03301
meva_frozen,Nano,0.92143,0.03295
meva_frozen,Nano,0.92321,0.03482
meva_frozen,Nano,0.92500,0.03475
meva_frozen,Nano,0.92679,0.03468
meva_frozen,Nano,0.92857,0.03654
meva_frozen,Nano,0.93036,0.03647
meva_frozen,Nano,0.93214,0.03640
meva_frozen,Nano,0.93393,0.03633
meva_frozen,Nano,0.93571,0.03626
meva_frozen,Nano,0.93750,0.03619
meva_frozen,Nano,0.93929,0.03612
meva_frozen,Nano,0.94107,0.03605
meva_frozen,Nano,0.94286,0.03598
meva_frozen,Nano,0.94464,0.03781
meva_frozen,Nano,0.94643,0.03774
meva_frozen,Nano,0.94821,0.03766
meva_frozen,Nano,0.95000,0.03759
meva_frozen,Nano,0.95179,0.03940
meva_frozen,Nano,0.95357,0.03933
meva_frozen,Nano,0.95536,0.03925
meva_frozen,Nano,0.95714,0.03918
meva_frozen,Nano,0.95893,0.04097
meva_frozen,Nano,0.96071,0.04089
meva_frozen,Nano,0.96250,0.04082
meva_frozen,Nano,0.96429,0.04074
meva_frozen,Nano,0.96607,0.04067
meva_frozen,Nano,0.96786,0.04059
meva_frozen,Nano,0.96964,0.04236
meva_frozen,Nano,0.97143,0.04412
meva_frozen,Nano,0.97321,0.04404
meva_frozen,Nano,0.97500,0.04396
meva_frozen,Nano,0.97679,0.04388
meva_frozen,Nano,0.97857,0.04380
meva_frozen,Nano,0.98036,0.04372
meva_frozen,Nano,0.98214,0.04364
meva_frozen,Nano,0.98393,0.04356
meva_frozen,Nano,0.98571,0.04348
meva_frozen,Nano,0.98750,0.04340
meva_frozen,Nano,0.98929,0.04513
meva_frozen,Nano,0.99107,0.04685
meva_frozen,Nano,0.99286,0.04856
meva_frozen,Nano,0.99464,0.05027
meva_frozen,Nano,0.99643,0.05197
meva_frozen,Nano,0.99821,0.05188
meva_frozen,Nano,1.00000,0.05179
meva_frozen,Fast,0.00179,0.00000
meva_frozen,Fast,0.00357,0.00000
meva_frozen,Fast,0.00536,0.00000
meva_frozen,Fast,0.00714,0.00000
meva_frozen,Fast,0.00893,0.00000
meva_frozen,Fast,0.01071,0.00000
meva_frozen,Fast,0.01250,0.00000
meva_frozen,Fast,0.01429,0.00000
meva_frozen,Fast,0.01607,0.00000
meva_frozen,Fast,0.01786,0.00000
meva_frozen,Fast,0.01964,0.00000
meva_frozen,Fast,0.02143,0.00000
meva_frozen,Fast,0.02321,0.00000
meva_frozen,Fast,0.02500,0.00000
meva_frozen,Fast,0.02679,0.00000
meva_frozen,Fast,0.02857,0.00000
meva_frozen,Fast,0.03036,0.00000
meva_frozen,Fast,0.03214,0.00000
meva_frozen,Fast,0.03393,0.00000
meva_frozen,Fast,0.03571,0.00000
meva_frozen,Fast,0.03750,0.00000
meva_frozen,Fast,0.03929,0.00000
meva_frozen,Fast,0.04107,0.00000
meva_frozen,Fast,0.04286,0.00000
meva_frozen,Fast,0.04464,0.00000
meva_frozen,Fast,0.04643,0.00000
meva_frozen,Fast,0.04821,0.00000
meva_frozen,Fast,0.05000,0.00000
meva_frozen,Fast,0.05179,0.00000
meva_frozen,Fast,0.05357,0.00000
meva_frozen,Fast,0.05536,0.00000
meva_frozen,Fast,0.05714,0.00000
meva_frozen,Fast,0.05893,0.00000
meva_frozen,Fast,0.06071,0.00000
meva_frozen,Fast,0.06250,0.00000
meva_frozen,Fast,0.06429,0.00000
meva_frozen,Fast,0.06607,0.00000
meva_frozen,Fast,0.06786,0.00000
meva_frozen,Fast,0.06964,0.00000
meva_frozen,Fast,0.07143,0.00000
meva_frozen,Fast,0.07321,0.00000
meva_frozen,Fast,0.07500,0.00000
meva_frozen,Fast,0.07679,0.00000
meva_frozen,Fast,0.07857,0.00000
meva_frozen,Fast,0.08036,0.00000
meva_frozen,Fast,0.08214,0.00000
meva_frozen,Fast,0.08393,0.00000
meva_frozen,Fast,0.08571,0.00000
meva_frozen,Fast,0.08750,0.00000
meva_frozen,Fast,0.08929,0.00000
meva_frozen,Fast,0.09107,0.00000
meva_frozen,Fast,0.09286,0.00000
meva_frozen,Fast,0.09464,0.00000
meva_frozen,Fast,0.09643,0.00000
meva_frozen,Fast,0.09821,0.00000
meva_frozen,Fast,0.10000,0.00000
meva_frozen,Fast,0.10179,0.00000
meva_frozen,Fast,0.10357,0.00000
meva_frozen,Fast,0.10536,0.00000
meva_frozen,Fast,0.10714,0.00000
meva_frozen,Fast,0.10893,0.00000
meva_frozen,Fast,0.11071,0.00000
meva_frozen,Fast,0.11250,0.00000
meva_frozen,Fast,0.11429,0.00000
meva_frozen,Fast,0.11607,0.00000
meva_frozen,Fast,0.11786,0.00000
meva_frozen,Fast,0.11964,0.00000
meva_frozen,Fast,0.12143,0.00000
meva_frozen,Fast,0.12321,0.00000
meva_frozen,Fast,0.12500,0.00000
meva_frozen,Fast,0.12679,0.00000
meva_frozen,Fast,0.12857,0.00000
meva_frozen,Fast,0.13036,0.00000
meva_frozen,Fast,0.13214,0.00000
meva_frozen,Fast,0.13393,0.00000
meva_frozen,Fast,0.13571,0.00000
meva_frozen,Fast,0.13750,0.00000
meva_frozen,Fast,0.13929,0.00000
meva_frozen,Fast,0.14107,0.00000
meva_frozen,Fast,0.14286,0.00000
meva_frozen,Fast,0.14464,0.00000
meva_frozen,Fast,0.14643,0.00000
meva_frozen,Fast,0.14821,0.00000
meva_frozen,Fast,0.15000,0.00000
meva_frozen,Fast,0.15179,0.00000
meva_frozen,Fast,0.15357,0.00000
meva_frozen,Fast,0.15536,0.00000
meva_frozen,Fast,0.15714,0.00000
meva_frozen,Fast,0.15893,0.00000
meva_frozen,Fast,0.16071,0.00000
meva_frozen,Fast,0.16250,0.00000
meva_frozen,Fast,0.16429,0.00000
meva_frozen,Fast,0.16607,0.00000
meva_frozen,Fast,0.16786,0.00000
meva_frozen,Fast,0.16964,0.00000
meva_frozen,Fast,0.17143,0.00000
meva_frozen,Fast,0.17321,0.00000
meva_frozen,Fast,0.17500,0.00000
meva_frozen,Fast,0.17679,0.00000
meva_frozen,Fast,0.17857,0.00000
meva_frozen,Fast,0.18036,0.00000
meva_frozen,Fast,0.18214,0.00000
meva_frozen,Fast,0.18393,0.00000
meva_frozen,Fast,0.18571,0.00000
meva_frozen,Fast,0.18750,0.00000
meva_frozen,Fast,0.18929,0.00000
meva_frozen,Fast,0.19107,0.00000
meva_frozen,Fast,0.19286,0.00000
meva_frozen,Fast,0.19464,0.00000
meva_frozen,Fast,0.19643,0.00000
meva_frozen,Fast,0.19821,0.00000
meva_frozen,Fast,0.20000,0.00000
meva_frozen,Fast,0.20179,0.00000
meva_frozen,Fast,0.20357,0.00000
meva_frozen,Fast,0.20536,0.00000
meva_frozen,Fast,0.20714,0.00000
meva_frozen,Fast,0.20893,0.00000
meva_frozen,Fast,0.21071,0.00000
meva_frozen,Fast,0.21250,0.00000
meva_frozen,Fast,0.21429,0.00000
meva_frozen,Fast,0.21607,0.00000
meva_frozen,Fast,0.21786,0.00000
meva_frozen,Fast,0.21964,0.00000
meva_frozen,Fast,0.22143,0.00000
meva_frozen,Fast,0.22321,0.00000
meva_frozen,Fast,0.22500,0.00000
meva_frozen,Fast,0.22679,0.00000
meva_frozen,Fast,0.22857,0.00000
meva_frozen,Fast,0.23036,0.00000
meva_frozen,Fast,0.23214,0.00000
meva_frozen,Fast,0.23393,0.00000
meva_frozen,Fast,0.23571,0.00000
meva_frozen,Fast,0.23750,0.00000
meva_frozen,Fast,0.23929,0.00000
meva_frozen,Fast,0.24107,0.00000
meva_frozen,Fast,0.24286,0.00000
meva_frozen,Fast,0.24464,0.00000
meva_frozen,Fast,0.24643,0.00000
meva_frozen,Fast,0.24821,0.00000
meva_frozen,Fast,0.25000,0.00000
meva_frozen,Fast,0.25179,0.00000
meva_frozen,Fast,0.25357,0.00000
meva_frozen,Fast,0.25536,0.00000
meva_frozen,Fast,0.25714,0.00000
meva_frozen,Fast,0.25893,0.00000
meva_frozen,Fast,0.26071,0.00000
meva_frozen,Fast,0.26250,0.00000
meva_frozen,Fast,0.26429,0.00000
meva_frozen,Fast,0.26607,0.00000
meva_frozen,Fast,0.26786,0.00000
meva_frozen,Fast,0.26964,0.00000
meva_frozen,Fast,0.27143,0.00000
meva_frozen,Fast,0.27321,0.00000
meva_frozen,Fast,0.27500,0.00000
meva_frozen,Fast,0.27679,0.00000
meva_frozen,Fast,0.27857,0.00000
meva_frozen,Fast,0.28036,0.00000
meva_frozen,Fast,0.28214,0.00000
meva_frozen,Fast,0.28393,0.00000
meva_frozen,Fast,0.28571,0.00000
meva_frozen,Fast,0.28750,0.00000
meva_frozen,Fast,0.28929,0.00000
meva_frozen,Fast,0.29107,0.00000
meva_frozen,Fast,0.29286,0.00000
meva_frozen,Fast,0.29464,0.00000
meva_frozen,Fast,0.29643,0.00000
meva_frozen,Fast,0.29821,0.00000
meva_frozen,Fast,0.30000,0.00000
meva_frozen,Fast,0.30179,0.00000
meva_frozen,Fast,0.30357,0.00000
meva_frozen,Fast,0.30536,0.00000
meva_frozen,Fast,0.30714,0.00000
meva_frozen,Fast,0.30893,0.00000
meva_frozen,Fast,0.31071,0.00000
meva_frozen,Fast,0.31250,0.00000
meva_frozen,Fast,0.31429,0.00000
meva_frozen,Fast,0.31607,0.00000
meva_frozen,Fast,0.31786,0.00000
meva_frozen,Fast,0.31964,0.00000
meva_frozen,Fast,0.32143,0.00000
meva_frozen,Fast,0.32321,0.00000
meva_frozen,Fast,0.32500,0.00000
meva_frozen,Fast,0.32679,0.00000
meva_frozen,Fast,0.32857,0.00000
meva_frozen,Fast,0.33036,0.00000
meva_frozen,Fast,0.33214,0.00000
meva_frozen,Fast,0.33393,0.00000
meva_frozen,Fast,0.33571,0.00000
meva_frozen,Fast,0.33750,0.00000
meva_frozen,Fast,0.33929,0.00000
meva_frozen,Fast,0.34107,0.00000
meva_frozen,Fast,0.34286,0.00000
meva_frozen,Fast,0.34464,0.00000
meva_frozen,Fast,0.34643,0.00000
meva_frozen,Fast,0.34821,0.00000
meva_frozen,Fast,0.35000,0.00000
meva_frozen,Fast,0.35179,0.00000
meva_frozen,Fast,0.35357,0.00000
meva_frozen,Fast,0.35536,0.00000
meva_frozen,Fast,0.35714,0.00000
meva_frozen,Fast,0.35893,0.00000
meva_frozen,Fast,0.36071,0.00000
meva_frozen,Fast,0.36250,0.00000
meva_frozen,Fast,0.36429,0.00000
meva_frozen,Fast,0.36607,0.00000
meva_frozen,Fast,0.36786,0.00000
meva_frozen,Fast,0.36964,0.00000
meva_frozen,Fast,0.37143,0.00000
meva_frozen,Fast,0.37321,0.00000
meva_frozen,Fast,0.37500,0.00000
meva_frozen,Fast,0.37679,0.00000
meva_frozen,Fast,0.37857,0.00000
meva_frozen,Fast,0.38036,0.00000
meva_frozen,Fast,0.38214,0.00000
meva_frozen,Fast,0.38393,0.00000
meva_frozen,Fast,0.38571,0.00000
meva_frozen,Fast,0.38750,0.00000
meva_frozen,Fast,0.38929,0.00000
meva_frozen,Fast,0.39107,0.00000
meva_frozen,Fast,0.39286,0.00000
meva_frozen,Fast,0.39464,0.00000
meva_frozen,Fast,0.39643,0.00000
meva_frozen,Fast,0.39821,0.00000
meva_frozen,Fast,0.40000,0.00000
meva_frozen,Fast,0.40179,0.00000
meva_frozen,Fast,0.40357,0.00000
meva_frozen,Fast,0.40536,0.00000
meva_frozen,Fast,0.40714,0.00000
meva_frozen,Fast,0.40893,0.00000
meva_frozen,Fast,0.41071,0.00000
meva_frozen,Fast,0.41250,0.00000
meva_frozen,Fast,0.41429,0.00000
meva_frozen,Fast,0.41607,0.00000
meva_frozen,Fast,0.41786,0.00000
meva_frozen,Fast,0.41964,0.00000
meva_frozen,Fast,0.42143,0.00000
meva_frozen,Fast,0.42321,0.00000
meva_frozen,Fast,0.42500,0.00000
meva_frozen,Fast,0.42679,0.00000
meva_frozen,Fast,0.42857,0.00000
meva_frozen,Fast,0.43036,0.00000
meva_frozen,Fast,0.43214,0.00000
meva_frozen,Fast,0.43393,0.00000
meva_frozen,Fast,0.43571,0.00000
meva_frozen,Fast,0.43750,0.00000
meva_frozen,Fast,0.43929,0.00000
meva_frozen,Fast,0.44107,0.00000
meva_frozen,Fast,0.44286,0.00000
meva_frozen,Fast,0.44464,0.00000
meva_frozen,Fast,0.44643,0.00000
meva_frozen,Fast,0.44821,0.00000
meva_frozen,Fast,0.45000,0.00000
meva_frozen,Fast,0.45179,0.00000
meva_frozen,Fast,0.45357,0.00000
meva_frozen,Fast,0.45536,0.00000
meva_frozen,Fast,0.45714,0.00000
meva_frozen,Fast,0.45893,0.00000
meva_frozen,Fast,0.46071,0.00000
meva_frozen,Fast,0.46250,0.00000
meva_frozen,Fast,0.46429,0.00000
meva_frozen,Fast,0.46607,0.00000
meva_frozen,Fast,0.46786,0.00000
meva_frozen,Fast,0.46964,0.00000
meva_frozen,Fast,0.47143,0.00000
meva_frozen,Fast,0.47321,0.00000
meva_frozen,Fast,0.47500,0.00000
meva_frozen,Fast,0.47679,0.00000
meva_frozen,Fast,0.47857,0.00000
meva_frozen,Fast,0.48036,0.00000
meva_frozen,Fast,0.48214,0.00000
meva_frozen,Fast,0.48393,0.00000
meva_frozen,Fast,0.48571,0.00000
meva_frozen,Fast,0.48750,0.00000
meva_frozen,Fast,0.48929,0.00000
meva_frozen,Fast,0.49107,0.00000
meva_frozen,Fast,0.49286,0.00000
meva_frozen,Fast,0.49464,0.00000
meva_frozen,Fast,0.49643,0.00000
meva_frozen,Fast,0.49821,0.00000
meva_frozen,Fast,0.50000,0.00000
meva_frozen,Fast,0.50179,0.00000
meva_frozen,Fast,0.50357,0.00000
meva_frozen,Fast,0.50536,0.00000
meva_frozen,Fast,0.50714,0.00000
meva_frozen,Fast,0.50893,0.00000
meva_frozen,Fast,0.51071,0.00000
meva_frozen,Fast,0.51250,0.00000
meva_frozen,Fast,0.51429,0.00000
meva_frozen,Fast,0.51607,0.00000
meva_frozen,Fast,0.51786,0.00000
meva_frozen,Fast,0.51964,0.00000
meva_frozen,Fast,0.52143,0.00000
meva_frozen,Fast,0.52321,0.00000
meva_frozen,Fast,0.52500,0.00000
meva_frozen,Fast,0.52679,0.00000
meva_frozen,Fast,0.52857,0.00000
meva_frozen,Fast,0.53036,0.00000
meva_frozen,Fast,0.53214,0.00000
meva_frozen,Fast,0.53393,0.00000
meva_frozen,Fast,0.53571,0.00000
meva_frozen,Fast,0.53750,0.00000
meva_frozen,Fast,0.53929,0.00000
meva_frozen,Fast,0.54107,0.00000
meva_frozen,Fast,0.54286,0.00000
meva_frozen,Fast,0.54464,0.00000
meva_frozen,Fast,0.54643,0.00000
meva_frozen,Fast,0.54821,0.00000
meva_frozen,Fast,0.55000,0.00000
meva_frozen,Fast,0.55179,0.00000
meva_frozen,Fast,0.55357,0.00000
meva_frozen,Fast,0.55536,0.00000
meva_frozen,Fast,0.55714,0.00000
meva_frozen,Fast,0.55893,0.00000
meva_frozen,Fast,0.56071,0.00000
meva_frozen,Fast,0.56250,0.00000
meva_frozen,Fast,0.56429,0.00000
meva_frozen,Fast,0.56607,0.00000
meva_frozen,Fast,0.56786,0.00000
meva_frozen,Fast,0.56964,0.00000
meva_frozen,Fast,0.57143,0.00000
meva_frozen,Fast,0.57321,0.00000
meva_frozen,Fast,0.57500,0.00000
meva_frozen,Fast,0.57679,0.00000
meva_frozen,Fast,0.57857,0.00000
meva_frozen,Fast,0.58036,0.00000
meva_frozen,Fast,0.58214,0.00000
meva_frozen,Fast,0.58393,0.00000
meva_frozen,Fast,0.58571,0.00000
meva_frozen,Fast,0.58750,0.00000
meva_frozen,Fast,0.58929,0.00000
meva_frozen,Fast,0.59107,0.00000
meva_frozen,Fast,0.59286,0.00000
meva_frozen,Fast,0.59464,0.00000
meva_frozen,Fast,0.59643,0.00000
meva_frozen,Fast,0.59821,0.00000
meva_frozen,Fast,0.60000,0.00000
meva_frozen,Fast,0.60179,0.00000
meva_frozen,Fast,0.60357,0.00000
meva_frozen,Fast,0.60536,0.00000
meva_frozen,Fast,0.60714,0.00000
meva_frozen,Fast,0.60893,0.00000
meva_frozen,Fast,0.61071,0.00000
meva_frozen,Fast,0.61250,0.00000
meva_frozen,Fast,0.61429,0.00000
meva_frozen,Fast,0.61607,0.00000
meva_frozen,Fast,0.61786,0.00000
meva_frozen,Fast,0.61964,0.00000
meva_frozen,Fast,0.62143,0.00000
meva_frozen,Fast,0.62321,0.00000
meva_frozen,Fast,0.62500,0.00000
meva_frozen,Fast,0.62679,0.00000
meva_frozen,Fast,0.62857,0.00000
meva_frozen,Fast,0.63036,0.00000
meva_frozen,Fast,0.63214,0.00000
meva_frozen,Fast,0.63393,0.00000
meva_frozen,Fast,0.63571,0.00000
meva_frozen,Fast,0.63750,0.00000
meva_frozen,Fast,0.63929,0.00000
meva_frozen,Fast,0.64107,0.00000
meva_frozen,Fast,0.64286,0.00000
meva_frozen,Fast,0.64464,0.00000
meva_frozen,Fast,0.64643,0.00000
meva_frozen,Fast,0.64821,0.00000
meva_frozen,Fast,0.65000,0.00000
meva_frozen,Fast,0.65179,0.00000
meva_frozen,Fast,0.65357,0.00000
meva_frozen,Fast,0.65536,0.00000
meva_frozen,Fast,0.65714,0.00000
meva_frozen,Fast,0.65893,0.00000
meva_frozen,Fast,0.66071,0.00000
meva_frozen,Fast,0.66250,0.00000
meva_frozen,Fast,0.66429,0.00000
meva_frozen,Fast,0.66607,0.00000
meva_frozen,Fast,0.66786,0.00000
meva_frozen,Fast,0.66964,0.00000
meva_frozen,Fast,0.67143,0.00000
meva_frozen,Fast,0.67321,0.00000
meva_frozen,Fast,0.67500,0.00000
meva_frozen,Fast,0.67679,0.00000
meva_frozen,Fast,0.67857,0.00000
meva_frozen,Fast,0.68036,0.00000
meva_frozen,Fast,0.68214,0.00000
meva_frozen,Fast,0.68393,0.00000
meva_frozen,Fast,0.68571,0.00000
meva_frozen,Fast,0.68750,0.00000
meva_frozen,Fast,0.68929,0.00000
meva_frozen,Fast,0.69107,0.00000
meva_frozen,Fast,0.69286,0.00000
meva_frozen,Fast,0.69464,0.00000
meva_frozen,Fast,0.69643,0.00000
meva_frozen,Fast,0.69821,0.00000
meva_frozen,Fast,0.70000,0.00000
meva_frozen,Fast,0.70179,0.00000
meva_frozen,Fast,0.70357,0.00000
meva_frozen,Fast,0.70536,0.00000
meva_frozen,Fast,0.70714,0.00000
meva_frozen,Fast,0.70893,0.00000
meva_frozen,Fast,0.71071,0.00000
meva_frozen,Fast,0.71250,0.00000
meva_frozen,Fast,0.71429,0.00000
meva_frozen,Fast,0.71607,0.00000
meva_frozen,Fast,0.71786,0.00000
meva_frozen,Fast,0.71964,0.00000
meva_frozen,Fast,0.72143,0.00000
meva_frozen,Fast,0.72321,0.00000
meva_frozen,Fast,0.72500,0.00000
meva_frozen,Fast,0.72679,0.00000
meva_frozen,Fast,0.72857,0.00000
meva_frozen,Fast,0.73036,0.00000
meva_frozen,Fast,0.73214,0.00000
meva_frozen,Fast,0.73393,0.00000
meva_frozen,Fast,0.73571,0.00000
meva_frozen,Fast,0.73750,0.00000
meva_frozen,Fast,0.73929,0.00000
meva_frozen,Fast,0.74107,0.00000
meva_frozen,Fast,0.74286,0.00000
meva_frozen,Fast,0.74464,0.00000
meva_frozen,Fast,0.74643,0.00000
meva_frozen,Fast,0.74821,0.00000
meva_frozen,Fast,0.75000,0.00000
meva_frozen,Fast,0.75179,0.00000
meva_frozen,Fast,0.75357,0.00000
meva_frozen,Fast,0.75536,0.00000
meva_frozen,Fast,0.75714,0.00000
meva_frozen,Fast,0.75893,0.00000
meva_frozen,Fast,0.76071,0.00000
meva_frozen,Fast,0.76250,0.00000
meva_frozen,Fast,0.76429,0.00234
meva_frozen,Fast,0.76607,0.00233
meva_frozen,Fast,0.76786,0.00233
meva_frozen,Fast,0.76964,0.00232
meva_frozen,Fast,0.77143,0.00231
meva_frozen,Fast,0.77321,0.00231
meva_frozen,Fast,0.77500,0.00230
meva_frozen,Fast,0.77679,0.00230
meva_frozen,Fast,0.77857,0.00229
meva_frozen,Fast,0.78036,0.00229
meva_frozen,Fast,0.78214,0.00228
meva_frozen,Fast,0.78393,0.00228
meva_frozen,Fast,0.78571,0.00227
meva_frozen,Fast,0.78750,0.00227
meva_frozen,Fast,0.78929,0.00226
meva_frozen,Fast,0.79107,0.00226
meva_frozen,Fast,0.79286,0.00225
meva_frozen,Fast,0.79464,0.00225
meva_frozen,Fast,0.79643,0.00224
meva_frozen,Fast,0.79821,0.00224
meva_frozen,Fast,0.80000,0.00223
meva_frozen,Fast,0.80179,0.00223
meva_frozen,Fast,0.80357,0.00222
meva_frozen,Fast,0.80536,0.00222
meva_frozen,Fast,0.80714,0.00221
meva_frozen,Fast,0.80893,0.00221
meva_frozen,Fast,0.81071,0.00220
meva_frozen,Fast,0.81250,0.00220
meva_frozen,Fast,0.81429,0.00219
meva_frozen,Fast,0.81607,0.00219
meva_frozen,Fast,0.81786,0.00218
meva_frozen,Fast,0.81964,0.00218
meva_frozen,Fast,0.82143,0.00217
meva_frozen,Fast,0.82321,0.00217
meva_frozen,Fast,0.82500,0.00216
meva_frozen,Fast,0.82679,0.00216
meva_frozen,Fast,0.82857,0.00216
meva_frozen,Fast,0.83036,0.00215
meva_frozen,Fast,0.83214,0.00215
meva_frozen,Fast,0.83393,0.00214
meva_frozen,Fast,0.83571,0.00214
meva_frozen,Fast,0.83750,0.00213
meva_frozen,Fast,0.83929,0.00213
meva_frozen,Fast,0.84107,0.00212
meva_frozen,Fast,0.84286,0.00212
meva_frozen,Fast,0.84464,0.00211
meva_frozen,Fast,0.84643,0.00211
meva_frozen,Fast,0.84821,0.00211
meva_frozen,Fast,0.85000,0.00210
meva_frozen,Fast,0.85179,0.00210
meva_frozen,Fast,0.85357,0.00209
meva_frozen,Fast,0.85536,0.00209
meva_frozen,Fast,0.85714,0.00208
meva_frozen,Fast,0.85893,0.00208
meva_frozen,Fast,0.86071,0.00207
meva_frozen,Fast,0.86250,0.00207
meva_frozen,Fast,0.86429,0.00207
meva_frozen,Fast,0.86607,0.00206
meva_frozen,Fast,0.86786,0.00206
meva_frozen,Fast,0.86964,0.00205
meva_frozen,Fast,0.87143,0.00205
meva_frozen,Fast,0.87321,0.00204
meva_frozen,Fast,0.87500,0.00204
meva_frozen,Fast,0.87679,0.00204
meva_frozen,Fast,0.87857,0.00203
meva_frozen,Fast,0.88036,0.00203
meva_frozen,Fast,0.88214,0.00202
meva_frozen,Fast,0.88393,0.00202
meva_frozen,Fast,0.88571,0.00202
meva_frozen,Fast,0.88750,0.00201
meva_frozen,Fast,0.88929,0.00201
meva_frozen,Fast,0.89107,0.00200
meva_frozen,Fast,0.89286,0.00200
meva_frozen,Fast,0.89464,0.00200
meva_frozen,Fast,0.89643,0.00199
meva_frozen,Fast,0.89821,0.00199
meva_frozen,Fast,0.90000,0.00198
meva_frozen,Fast,0.90179,0.00198
meva_frozen,Fast,0.90357,0.00198
meva_frozen,Fast,0.90536,0.00197
meva_frozen,Fast,0.90714,0.00197
meva_frozen,Fast,0.90893,0.00196
meva_frozen,Fast,0.91071,0.00196
meva_frozen,Fast,0.91250,0.00196
meva_frozen,Fast,0.91429,0.00195
meva_frozen,Fast,0.91607,0.00195
meva_frozen,Fast,0.91786,0.00195
meva_frozen,Fast,0.91964,0.00194
meva_frozen,Fast,0.92143,0.00194
meva_frozen,Fast,0.92321,0.00387
meva_frozen,Fast,0.92500,0.00386
meva_frozen,Fast,0.92679,0.00385
meva_frozen,Fast,0.92857,0.00385
meva_frozen,Fast,0.93036,0.00384
meva_frozen,Fast,0.93214,0.00383
meva_frozen,Fast,0.93393,0.00382
meva_frozen,Fast,0.93571,0.00382
meva_frozen,Fast,0.93750,0.00381
meva_frozen,Fast,0.93929,0.00380
meva_frozen,Fast,0.94107,0.00569
meva_frozen,Fast,0.94286,0.00568
meva_frozen,Fast,0.94464,0.00567
meva_frozen,Fast,0.94643,0.00755
meva_frozen,Fast,0.94821,0.00753
meva_frozen,Fast,0.95000,0.00752
meva_frozen,Fast,0.95179,0.00750
meva_frozen,Fast,0.95357,0.00749
meva_frozen,Fast,0.95536,0.00748
meva_frozen,Fast,0.95714,0.00746
meva_frozen,Fast,0.95893,0.00745
meva_frozen,Fast,0.96071,0.00929
meva_frozen,Fast,0.96250,0.00928
meva_frozen,Fast,0.96429,0.00926
meva_frozen,Fast,0.96607,0.00924
meva_frozen,Fast,0.96786,0.00923
meva_frozen,Fast,0.96964,0.00921
meva_frozen,Fast,0.97143,0.00919
meva_frozen,Fast,0.97321,0.00917
meva_frozen,Fast,0.97500,0.01099
meva_frozen,Fast,0.97679,0.01280
meva_frozen,Fast,0.97857,0.01277
meva_frozen,Fast,0.98036,0.01275
meva_frozen,Fast,0.98214,0.01273
meva_frozen,Fast,0.98393,0.01270
meva_frozen,Fast,0.98571,0.01449
meva_frozen,Fast,0.98750,0.01447
meva_frozen,Fast,0.98929,0.01444
meva_frozen,Fast,0.99107,0.01441
meva_frozen,Fast,0.99286,0.01619
meva_frozen,Fast,0.99464,0.01795
meva_frozen,Fast,0.99643,0.01971
meva_frozen,Fast,0.99821,0.02147
meva_frozen,Fast,1.00000,0.02143
meva_frozen,Balanced,0.00179,0.00000
meva_frozen,Balanced,0.00357,0.00000
meva_frozen,Balanced,0.00536,0.00000
meva_frozen,Balanced,0.00714,0.00000
meva_frozen,Balanced,0.00893,0.00000
meva_frozen,Balanced,0.01071,0.00000
meva_frozen,Balanced,0.01250,0.00000
meva_frozen,Balanced,0.01429,0.00000
meva_frozen,Balanced,0.01607,0.00000
meva_frozen,Balanced,0.01786,0.00000
meva_frozen,Balanced,0.01964,0.00000
meva_frozen,Balanced,0.02143,0.00000
meva_frozen,Balanced,0.02321,0.00000
meva_frozen,Balanced,0.02500,0.00000
meva_frozen,Balanced,0.02679,0.00000
meva_frozen,Balanced,0.02857,0.00000
meva_frozen,Balanced,0.03036,0.00000
meva_frozen,Balanced,0.03214,0.00000
meva_frozen,Balanced,0.03393,0.00000
meva_frozen,Balanced,0.03571,0.00000
meva_frozen,Balanced,0.03750,0.00000
meva_frozen,Balanced,0.03929,0.00000
meva_frozen,Balanced,0.04107,0.00000
meva_frozen,Balanced,0.04286,0.00000
meva_frozen,Balanced,0.04464,0.00000
meva_frozen,Balanced,0.04643,0.00000
meva_frozen,Balanced,0.04821,0.00000
meva_frozen,Balanced,0.05000,0.00000
meva_frozen,Balanced,0.05179,0.00000
meva_frozen,Balanced,0.05357,0.00000
meva_frozen,Balanced,0.05536,0.00000
meva_frozen,Balanced,0.05714,0.00000
meva_frozen,Balanced,0.05893,0.00000
meva_frozen,Balanced,0.06071,0.00000
meva_frozen,Balanced,0.06250,0.00000
meva_frozen,Balanced,0.06429,0.00000
meva_frozen,Balanced,0.06607,0.00000
meva_frozen,Balanced,0.06786,0.00000
meva_frozen,Balanced,0.06964,0.00000
meva_frozen,Balanced,0.07143,0.00000
meva_frozen,Balanced,0.07321,0.00000
meva_frozen,Balanced,0.07500,0.00000
meva_frozen,Balanced,0.07679,0.00000
meva_frozen,Balanced,0.07857,0.00000
meva_frozen,Balanced,0.08036,0.00000
meva_frozen,Balanced,0.08214,0.00000
meva_frozen,Balanced,0.08393,0.00000
meva_frozen,Balanced,0.08571,0.00000
meva_frozen,Balanced,0.08750,0.00000
meva_frozen,Balanced,0.08929,0.00000
meva_frozen,Balanced,0.09107,0.00000
meva_frozen,Balanced,0.09286,0.00000
meva_frozen,Balanced,0.09464,0.00000
meva_frozen,Balanced,0.09643,0.00000
meva_frozen,Balanced,0.09821,0.00000
meva_frozen,Balanced,0.10000,0.00000
meva_frozen,Balanced,0.10179,0.00000
meva_frozen,Balanced,0.10357,0.00000
meva_frozen,Balanced,0.10536,0.00000
meva_frozen,Balanced,0.10714,0.00000
meva_frozen,Balanced,0.10893,0.00000
meva_frozen,Balanced,0.11071,0.00000
meva_frozen,Balanced,0.11250,0.00000
meva_frozen,Balanced,0.11429,0.00000
meva_frozen,Balanced,0.11607,0.00000
meva_frozen,Balanced,0.11786,0.00000
meva_frozen,Balanced,0.11964,0.00000
meva_frozen,Balanced,0.12143,0.00000
meva_frozen,Balanced,0.12321,0.00000
meva_frozen,Balanced,0.12500,0.00000
meva_frozen,Balanced,0.12679,0.00000
meva_frozen,Balanced,0.12857,0.00000
meva_frozen,Balanced,0.13036,0.00000
meva_frozen,Balanced,0.13214,0.00000
meva_frozen,Balanced,0.13393,0.00000
meva_frozen,Balanced,0.13571,0.00000
meva_frozen,Balanced,0.13750,0.00000
meva_frozen,Balanced,0.13929,0.00000
meva_frozen,Balanced,0.14107,0.00000
meva_frozen,Balanced,0.14286,0.00000
meva_frozen,Balanced,0.14464,0.00000
meva_frozen,Balanced,0.14643,0.00000
meva_frozen,Balanced,0.14821,0.00000
meva_frozen,Balanced,0.15000,0.00000
meva_frozen,Balanced,0.15179,0.00000
meva_frozen,Balanced,0.15357,0.00000
meva_frozen,Balanced,0.15536,0.00000
meva_frozen,Balanced,0.15714,0.00000
meva_frozen,Balanced,0.15893,0.00000
meva_frozen,Balanced,0.16071,0.00000
meva_frozen,Balanced,0.16250,0.00000
meva_frozen,Balanced,0.16429,0.00000
meva_frozen,Balanced,0.16607,0.00000
meva_frozen,Balanced,0.16786,0.00000
meva_frozen,Balanced,0.16964,0.00000
meva_frozen,Balanced,0.17143,0.00000
meva_frozen,Balanced,0.17321,0.00000
meva_frozen,Balanced,0.17500,0.00000
meva_frozen,Balanced,0.17679,0.00000
meva_frozen,Balanced,0.17857,0.00000
meva_frozen,Balanced,0.18036,0.00000
meva_frozen,Balanced,0.18214,0.00000
meva_frozen,Balanced,0.18393,0.00000
meva_frozen,Balanced,0.18571,0.00000
meva_frozen,Balanced,0.18750,0.00000
meva_frozen,Balanced,0.18929,0.00000
meva_frozen,Balanced,0.19107,0.00000
meva_frozen,Balanced,0.19286,0.00000
meva_frozen,Balanced,0.19464,0.00000
meva_frozen,Balanced,0.19643,0.00000
meva_frozen,Balanced,0.19821,0.00000
meva_frozen,Balanced,0.20000,0.00000
meva_frozen,Balanced,0.20179,0.00000
meva_frozen,Balanced,0.20357,0.00000
meva_frozen,Balanced,0.20536,0.00000
meva_frozen,Balanced,0.20714,0.00000
meva_frozen,Balanced,0.20893,0.00000
meva_frozen,Balanced,0.21071,0.00000
meva_frozen,Balanced,0.21250,0.00000
meva_frozen,Balanced,0.21429,0.00000
meva_frozen,Balanced,0.21607,0.00000
meva_frozen,Balanced,0.21786,0.00000
meva_frozen,Balanced,0.21964,0.00000
meva_frozen,Balanced,0.22143,0.00000
meva_frozen,Balanced,0.22321,0.00000
meva_frozen,Balanced,0.22500,0.00000
meva_frozen,Balanced,0.22679,0.00000
meva_frozen,Balanced,0.22857,0.00000
meva_frozen,Balanced,0.23036,0.00000
meva_frozen,Balanced,0.23214,0.00000
meva_frozen,Balanced,0.23393,0.00000
meva_frozen,Balanced,0.23571,0.00000
meva_frozen,Balanced,0.23750,0.00000
meva_frozen,Balanced,0.23929,0.00000
meva_frozen,Balanced,0.24107,0.00000
meva_frozen,Balanced,0.24286,0.00000
meva_frozen,Balanced,0.24464,0.00000
meva_frozen,Balanced,0.24643,0.00000
meva_frozen,Balanced,0.24821,0.00000
meva_frozen,Balanced,0.25000,0.00000
meva_frozen,Balanced,0.25179,0.00000
meva_frozen,Balanced,0.25357,0.00000
meva_frozen,Balanced,0.25536,0.00000
meva_frozen,Balanced,0.25714,0.00000
meva_frozen,Balanced,0.25893,0.00000
meva_frozen,Balanced,0.26071,0.00000
meva_frozen,Balanced,0.26250,0.00000
meva_frozen,Balanced,0.26429,0.00000
meva_frozen,Balanced,0.26607,0.00000
meva_frozen,Balanced,0.26786,0.00000
meva_frozen,Balanced,0.26964,0.00000
meva_frozen,Balanced,0.27143,0.00000
meva_frozen,Balanced,0.27321,0.00000
meva_frozen,Balanced,0.27500,0.00000
meva_frozen,Balanced,0.27679,0.00000
meva_frozen,Balanced,0.27857,0.00000
meva_frozen,Balanced,0.28036,0.00000
meva_frozen,Balanced,0.28214,0.00000
meva_frozen,Balanced,0.28393,0.00000
meva_frozen,Balanced,0.28571,0.00000
meva_frozen,Balanced,0.28750,0.00000
meva_frozen,Balanced,0.28929,0.00000
meva_frozen,Balanced,0.29107,0.00000
meva_frozen,Balanced,0.29286,0.00000
meva_frozen,Balanced,0.29464,0.00000
meva_frozen,Balanced,0.29643,0.00000
meva_frozen,Balanced,0.29821,0.00000
meva_frozen,Balanced,0.30000,0.00000
meva_frozen,Balanced,0.30179,0.00000
meva_frozen,Balanced,0.30357,0.00000
meva_frozen,Balanced,0.30536,0.00000
meva_frozen,Balanced,0.30714,0.00000
meva_frozen,Balanced,0.30893,0.00000
meva_frozen,Balanced,0.31071,0.00000
meva_frozen,Balanced,0.31250,0.00000
meva_frozen,Balanced,0.31429,0.00000
meva_frozen,Balanced,0.31607,0.00000
meva_frozen,Balanced,0.31786,0.00000
meva_frozen,Balanced,0.31964,0.00000
meva_frozen,Balanced,0.32143,0.00000
meva_frozen,Balanced,0.32321,0.00000
meva_frozen,Balanced,0.32500,0.00000
meva_frozen,Balanced,0.32679,0.00000
meva_frozen,Balanced,0.32857,0.00000
meva_frozen,Balanced,0.33036,0.00000
meva_frozen,Balanced,0.33214,0.00000
meva_frozen,Balanced,0.33393,0.00000
meva_frozen,Balanced,0.33571,0.00000
meva_frozen,Balanced,0.33750,0.00000
meva_frozen,Balanced,0.33929,0.00000
meva_frozen,Balanced,0.34107,0.00000
meva_frozen,Balanced,0.34286,0.00000
meva_frozen,Balanced,0.34464,0.00000
meva_frozen,Balanced,0.34643,0.00000
meva_frozen,Balanced,0.34821,0.00000
meva_frozen,Balanced,0.35000,0.00000
meva_frozen,Balanced,0.35179,0.00000
meva_frozen,Balanced,0.35357,0.00000
meva_frozen,Balanced,0.35536,0.00000
meva_frozen,Balanced,0.35714,0.00000
meva_frozen,Balanced,0.35893,0.00000
meva_frozen,Balanced,0.36071,0.00000
meva_frozen,Balanced,0.36250,0.00000
meva_frozen,Balanced,0.36429,0.00000
meva_frozen,Balanced,0.36607,0.00000
meva_frozen,Balanced,0.36786,0.00000
meva_frozen,Balanced,0.36964,0.00000
meva_frozen,Balanced,0.37143,0.00000
meva_frozen,Balanced,0.37321,0.00000
meva_frozen,Balanced,0.37500,0.00000
meva_frozen,Balanced,0.37679,0.00000
meva_frozen,Balanced,0.37857,0.00000
meva_frozen,Balanced,0.38036,0.00000
meva_frozen,Balanced,0.38214,0.00000
meva_frozen,Balanced,0.38393,0.00000
meva_frozen,Balanced,0.38571,0.00000
meva_frozen,Balanced,0.38750,0.00000
meva_frozen,Balanced,0.38929,0.00000
meva_frozen,Balanced,0.39107,0.00000
meva_frozen,Balanced,0.39286,0.00000
meva_frozen,Balanced,0.39464,0.00000
meva_frozen,Balanced,0.39643,0.00000
meva_frozen,Balanced,0.39821,0.00000
meva_frozen,Balanced,0.40000,0.00000
meva_frozen,Balanced,0.40179,0.00000
meva_frozen,Balanced,0.40357,0.00000
meva_frozen,Balanced,0.40536,0.00000
meva_frozen,Balanced,0.40714,0.00000
meva_frozen,Balanced,0.40893,0.00000
meva_frozen,Balanced,0.41071,0.00000
meva_frozen,Balanced,0.41250,0.00000
meva_frozen,Balanced,0.41429,0.00000
meva_frozen,Balanced,0.41607,0.00000
meva_frozen,Balanced,0.41786,0.00000
meva_frozen,Balanced,0.41964,0.00000
meva_frozen,Balanced,0.42143,0.00000
meva_frozen,Balanced,0.42321,0.00000
meva_frozen,Balanced,0.42500,0.00000
meva_frozen,Balanced,0.42679,0.00000
meva_frozen,Balanced,0.42857,0.00000
meva_frozen,Balanced,0.43036,0.00000
meva_frozen,Balanced,0.43214,0.00000
meva_frozen,Balanced,0.43393,0.00000
meva_frozen,Balanced,0.43571,0.00000
meva_frozen,Balanced,0.43750,0.00000
meva_frozen,Balanced,0.43929,0.00000
meva_frozen,Balanced,0.44107,0.00000
meva_frozen,Balanced,0.44286,0.00000
meva_frozen,Balanced,0.44464,0.00000
meva_frozen,Balanced,0.44643,0.00000
meva_frozen,Balanced,0.44821,0.00000
meva_frozen,Balanced,0.45000,0.00000
meva_frozen,Balanced,0.45179,0.00000
meva_frozen,Balanced,0.45357,0.00000
meva_frozen,Balanced,0.45536,0.00000
meva_frozen,Balanced,0.45714,0.00000
meva_frozen,Balanced,0.45893,0.00000
meva_frozen,Balanced,0.46071,0.00000
meva_frozen,Balanced,0.46250,0.00000
meva_frozen,Balanced,0.46429,0.00000
meva_frozen,Balanced,0.46607,0.00000
meva_frozen,Balanced,0.46786,0.00000
meva_frozen,Balanced,0.46964,0.00000
meva_frozen,Balanced,0.47143,0.00000
meva_frozen,Balanced,0.47321,0.00000
meva_frozen,Balanced,0.47500,0.00000
meva_frozen,Balanced,0.47679,0.00000
meva_frozen,Balanced,0.47857,0.00000
meva_frozen,Balanced,0.48036,0.00000
meva_frozen,Balanced,0.48214,0.00000
meva_frozen,Balanced,0.48393,0.00000
meva_frozen,Balanced,0.48571,0.00000
meva_frozen,Balanced,0.48750,0.00000
meva_frozen,Balanced,0.48929,0.00000
meva_frozen,Balanced,0.49107,0.00000
meva_frozen,Balanced,0.49286,0.00000
meva_frozen,Balanced,0.49464,0.00000
meva_frozen,Balanced,0.49643,0.00000
meva_frozen,Balanced,0.49821,0.00000
meva_frozen,Balanced,0.50000,0.00000
meva_frozen,Balanced,0.50179,0.00000
meva_frozen,Balanced,0.50357,0.00000
meva_frozen,Balanced,0.50536,0.00000
meva_frozen,Balanced,0.50714,0.00000
meva_frozen,Balanced,0.50893,0.00000
meva_frozen,Balanced,0.51071,0.00000
meva_frozen,Balanced,0.51250,0.00000
meva_frozen,Balanced,0.51429,0.00000
meva_frozen,Balanced,0.51607,0.00000
meva_frozen,Balanced,0.51786,0.00000
meva_frozen,Balanced,0.51964,0.00000
meva_frozen,Balanced,0.52143,0.00000
meva_frozen,Balanced,0.52321,0.00000
meva_frozen,Balanced,0.52500,0.00000
meva_frozen,Balanced,0.52679,0.00000
meva_frozen,Balanced,0.52857,0.00000
meva_frozen,Balanced,0.53036,0.00000
meva_frozen,Balanced,0.53214,0.00000
meva_frozen,Balanced,0.53393,0.00000
meva_frozen,Balanced,0.53571,0.00000
meva_frozen,Balanced,0.53750,0.00000
meva_frozen,Balanced,0.53929,0.00000
meva_frozen,Balanced,0.54107,0.00000
meva_frozen,Balanced,0.54286,0.00000
meva_frozen,Balanced,0.54464,0.00000
meva_frozen,Balanced,0.54643,0.00000
meva_frozen,Balanced,0.54821,0.00000
meva_frozen,Balanced,0.55000,0.00000
meva_frozen,Balanced,0.55179,0.00000
meva_frozen,Balanced,0.55357,0.00000
meva_frozen,Balanced,0.55536,0.00000
meva_frozen,Balanced,0.55714,0.00000
meva_frozen,Balanced,0.55893,0.00000
meva_frozen,Balanced,0.56071,0.00000
meva_frozen,Balanced,0.56250,0.00000
meva_frozen,Balanced,0.56429,0.00000
meva_frozen,Balanced,0.56607,0.00000
meva_frozen,Balanced,0.56786,0.00000
meva_frozen,Balanced,0.56964,0.00000
meva_frozen,Balanced,0.57143,0.00000
meva_frozen,Balanced,0.57321,0.00000
meva_frozen,Balanced,0.57500,0.00000
meva_frozen,Balanced,0.57679,0.00000
meva_frozen,Balanced,0.57857,0.00000
meva_frozen,Balanced,0.58036,0.00000
meva_frozen,Balanced,0.58214,0.00000
meva_frozen,Balanced,0.58393,0.00000
meva_frozen,Balanced,0.58571,0.00000
meva_frozen,Balanced,0.58750,0.00000
meva_frozen,Balanced,0.58929,0.00000
meva_frozen,Balanced,0.59107,0.00000
meva_frozen,Balanced,0.59286,0.00000
meva_frozen,Balanced,0.59464,0.00000
meva_frozen,Balanced,0.59643,0.00000
meva_frozen,Balanced,0.59821,0.00000
meva_frozen,Balanced,0.60000,0.00000
meva_frozen,Balanced,0.60179,0.00000
meva_frozen,Balanced,0.60357,0.00000
meva_frozen,Balanced,0.60536,0.00000
meva_frozen,Balanced,0.60714,0.00000
meva_frozen,Balanced,0.60893,0.00000
meva_frozen,Balanced,0.61071,0.00000
meva_frozen,Balanced,0.61250,0.00000
meva_frozen,Balanced,0.61429,0.00000
meva_frozen,Balanced,0.61607,0.00000
meva_frozen,Balanced,0.61786,0.00000
meva_frozen,Balanced,0.61964,0.00000
meva_frozen,Balanced,0.62143,0.00000
meva_frozen,Balanced,0.62321,0.00000
meva_frozen,Balanced,0.62500,0.00000
meva_frozen,Balanced,0.62679,0.00000
meva_frozen,Balanced,0.62857,0.00000
meva_frozen,Balanced,0.63036,0.00000
meva_frozen,Balanced,0.63214,0.00000
meva_frozen,Balanced,0.63393,0.00000
meva_frozen,Balanced,0.63571,0.00000
meva_frozen,Balanced,0.63750,0.00000
meva_frozen,Balanced,0.63929,0.00000
meva_frozen,Balanced,0.64107,0.00000
meva_frozen,Balanced,0.64286,0.00000
meva_frozen,Balanced,0.64464,0.00000
meva_frozen,Balanced,0.64643,0.00000
meva_frozen,Balanced,0.64821,0.00000
meva_frozen,Balanced,0.65000,0.00000
meva_frozen,Balanced,0.65179,0.00000
meva_frozen,Balanced,0.65357,0.00000
meva_frozen,Balanced,0.65536,0.00000
meva_frozen,Balanced,0.65714,0.00000
meva_frozen,Balanced,0.65893,0.00000
meva_frozen,Balanced,0.66071,0.00000
meva_frozen,Balanced,0.66250,0.00000
meva_frozen,Balanced,0.66429,0.00000
meva_frozen,Balanced,0.66607,0.00000
meva_frozen,Balanced,0.66786,0.00000
meva_frozen,Balanced,0.66964,0.00000
meva_frozen,Balanced,0.67143,0.00000
meva_frozen,Balanced,0.67321,0.00000
meva_frozen,Balanced,0.67500,0.00000
meva_frozen,Balanced,0.67679,0.00000
meva_frozen,Balanced,0.67857,0.00000
meva_frozen,Balanced,0.68036,0.00000
meva_frozen,Balanced,0.68214,0.00000
meva_frozen,Balanced,0.68393,0.00000
meva_frozen,Balanced,0.68571,0.00000
meva_frozen,Balanced,0.68750,0.00000
meva_frozen,Balanced,0.68929,0.00000
meva_frozen,Balanced,0.69107,0.00000
meva_frozen,Balanced,0.69286,0.00000
meva_frozen,Balanced,0.69464,0.00000
meva_frozen,Balanced,0.69643,0.00000
meva_frozen,Balanced,0.69821,0.00000
meva_frozen,Balanced,0.70000,0.00000
meva_frozen,Balanced,0.70179,0.00000
meva_frozen,Balanced,0.70357,0.00000
meva_frozen,Balanced,0.70536,0.00000
meva_frozen,Balanced,0.70714,0.00000
meva_frozen,Balanced,0.70893,0.00000
meva_frozen,Balanced,0.71071,0.00000
meva_frozen,Balanced,0.71250,0.00000
meva_frozen,Balanced,0.71429,0.00000
meva_frozen,Balanced,0.71607,0.00000
meva_frozen,Balanced,0.71786,0.00000
meva_frozen,Balanced,0.71964,0.00000
meva_frozen,Balanced,0.72143,0.00000
meva_frozen,Balanced,0.72321,0.00000
meva_frozen,Balanced,0.72500,0.00000
meva_frozen,Balanced,0.72679,0.00000
meva_frozen,Balanced,0.72857,0.00000
meva_frozen,Balanced,0.73036,0.00000
meva_frozen,Balanced,0.73214,0.00000
meva_frozen,Balanced,0.73393,0.00000
meva_frozen,Balanced,0.73571,0.00000
meva_frozen,Balanced,0.73750,0.00000
meva_frozen,Balanced,0.73929,0.00000
meva_frozen,Balanced,0.74107,0.00000
meva_frozen,Balanced,0.74286,0.00000
meva_frozen,Balanced,0.74464,0.00000
meva_frozen,Balanced,0.74643,0.00000
meva_frozen,Balanced,0.74821,0.00000
meva_frozen,Balanced,0.75000,0.00000
meva_frozen,Balanced,0.75179,0.00000
meva_frozen,Balanced,0.75357,0.00000
meva_frozen,Balanced,0.75536,0.00000
meva_frozen,Balanced,0.75714,0.00000
meva_frozen,Balanced,0.75893,0.00000
meva_frozen,Balanced,0.76071,0.00000
meva_frozen,Balanced,0.76250,0.00000
meva_frozen,Balanced,0.76429,0.00000
meva_frozen,Balanced,0.76607,0.00000
meva_frozen,Balanced,0.76786,0.00000
meva_frozen,Balanced,0.76964,0.00000
meva_frozen,Balanced,0.77143,0.00000
meva_frozen,Balanced,0.77321,0.00000
meva_frozen,Balanced,0.77500,0.00000
meva_frozen,Balanced,0.77679,0.00000
meva_frozen,Balanced,0.77857,0.00000
meva_frozen,Balanced,0.78036,0.00000
meva_frozen,Balanced,0.78214,0.00000
meva_frozen,Balanced,0.78393,0.00000
meva_frozen,Balanced,0.78571,0.00000
meva_frozen,Balanced,0.78750,0.00000
meva_frozen,Balanced,0.78929,0.00000
meva_frozen,Balanced,0.79107,0.00000
meva_frozen,Balanced,0.79286,0.00000
meva_frozen,Balanced,0.79464,0.00000
meva_frozen,Balanced,0.79643,0.00224
meva_frozen,Balanced,0.79821,0.00224
meva_frozen,Balanced,0.80000,0.00223
meva_frozen,Balanced,0.80179,0.00223
meva_frozen,Balanced,0.80357,0.00222
meva_frozen,Balanced,0.80536,0.00222
meva_frozen,Balanced,0.80714,0.00221
meva_frozen,Balanced,0.80893,0.00221
meva_frozen,Balanced,0.81071,0.00220
meva_frozen,Balanced,0.81250,0.00220
meva_frozen,Balanced,0.81429,0.00219
meva_frozen,Balanced,0.81607,0.00219
meva_frozen,Balanced,0.81786,0.00218
meva_frozen,Balanced,0.81964,0.00218
meva_frozen,Balanced,0.82143,0.00217
meva_frozen,Balanced,0.82321,0.00217
meva_frozen,Balanced,0.82500,0.00216
meva_frozen,Balanced,0.82679,0.00216
meva_frozen,Balanced,0.82857,0.00216
meva_frozen,Balanced,0.83036,0.00215
meva_frozen,Balanced,0.83214,0.00215
meva_frozen,Balanced,0.83393,0.00214
meva_frozen,Balanced,0.83571,0.00214
meva_frozen,Balanced,0.83750,0.00213
meva_frozen,Balanced,0.83929,0.00213
meva_frozen,Balanced,0.84107,0.00212
meva_frozen,Balanced,0.84286,0.00212
meva_frozen,Balanced,0.84464,0.00211
meva_frozen,Balanced,0.84643,0.00211
meva_frozen,Balanced,0.84821,0.00211
meva_frozen,Balanced,0.85000,0.00210
meva_frozen,Balanced,0.85179,0.00210
meva_frozen,Balanced,0.85357,0.00209
meva_frozen,Balanced,0.85536,0.00209
meva_frozen,Balanced,0.85714,0.00208
meva_frozen,Balanced,0.85893,0.00208
meva_frozen,Balanced,0.86071,0.00207
meva_frozen,Balanced,0.86250,0.00207
meva_frozen,Balanced,0.86429,0.00207
meva_frozen,Balanced,0.86607,0.00206
meva_frozen,Balanced,0.86786,0.00206
meva_frozen,Balanced,0.86964,0.00205
meva_frozen,Balanced,0.87143,0.00205
meva_frozen,Balanced,0.87321,0.00204
meva_frozen,Balanced,0.87500,0.00204
meva_frozen,Balanced,0.87679,0.00204
meva_frozen,Balanced,0.87857,0.00203
meva_frozen,Balanced,0.88036,0.00203
meva_frozen,Balanced,0.88214,0.00202
meva_frozen,Balanced,0.88393,0.00202
meva_frozen,Balanced,0.88571,0.00202
meva_frozen,Balanced,0.88750,0.00201
meva_frozen,Balanced,0.88929,0.00201
meva_frozen,Balanced,0.89107,0.00200
meva_frozen,Balanced,0.89286,0.00200
meva_frozen,Balanced,0.89464,0.00200
meva_frozen,Balanced,0.89643,0.00199
meva_frozen,Balanced,0.89821,0.00199
meva_frozen,Balanced,0.90000,0.00198
meva_frozen,Balanced,0.90179,0.00198
meva_frozen,Balanced,0.90357,0.00198
meva_frozen,Balanced,0.90536,0.00197
meva_frozen,Balanced,0.90714,0.00197
meva_frozen,Balanced,0.90893,0.00196
meva_frozen,Balanced,0.91071,0.00196
meva_frozen,Balanced,0.91250,0.00196
meva_frozen,Balanced,0.91429,0.00195
meva_frozen,Balanced,0.91607,0.00195
meva_frozen,Balanced,0.91786,0.00195
meva_frozen,Balanced,0.91964,0.00194
meva_frozen,Balanced,0.92143,0.00194
meva_frozen,Balanced,0.92321,0.00193
meva_frozen,Balanced,0.92500,0.00193
meva_frozen,Balanced,0.92679,0.00193
meva_frozen,Balanced,0.92857,0.00192
meva_frozen,Balanced,0.93036,0.00192
meva_frozen,Balanced,0.93214,0.00192
meva_frozen,Balanced,0.93393,0.00191
meva_frozen,Balanced,0.93571,0.00191
meva_frozen,Balanced,0.93750,0.00190
meva_frozen,Balanced,0.93929,0.00190
meva_frozen,Balanced,0.94107,0.00190
meva_frozen,Balanced,0.94286,0.00189
meva_frozen,Balanced,0.94464,0.00189
meva_frozen,Balanced,0.94643,0.00189
meva_frozen,Balanced,0.94821,0.00188
meva_frozen,Balanced,0.95000,0.00188
meva_frozen,Balanced,0.95179,0.00188
meva_frozen,Balanced,0.95357,0.00187
meva_frozen,Balanced,0.95536,0.00374
meva_frozen,Balanced,0.95714,0.00373
meva_frozen,Balanced,0.95893,0.00372
meva_frozen,Balanced,0.96071,0.00372
meva_frozen,Balanced,0.96250,0.00371
meva_frozen,Balanced,0.96429,0.00370
meva_frozen,Balanced,0.96607,0.00370
meva_frozen,Balanced,0.96786,0.00369
meva_frozen,Balanced,0.96964,0.00368
meva_frozen,Balanced,0.97143,0.00368
meva_frozen,Balanced,0.97321,0.00550
meva_frozen,Balanced,0.97500,0.00549
meva_frozen,Balanced,0.97679,0.00548
meva_frozen,Balanced,0.97857,0.00730
meva_frozen,Balanced,0.98036,0.00729
meva_frozen,Balanced,0.98214,0.00727
meva_frozen,Balanced,0.98393,0.00726
meva_frozen,Balanced,0.98571,0.00725
meva_frozen,Balanced,0.98750,0.00723
meva_frozen,Balanced,0.98929,0.00722
meva_frozen,Balanced,0.99107,0.00721
meva_frozen,Balanced,0.99286,0.00899
meva_frozen,Balanced,0.99464,0.00898
meva_frozen,Balanced,0.99643,0.00896
meva_frozen,Balanced,0.99821,0.01073
meva_frozen,Balanced,1.00000,0.01250
meva_frozen,Max,0.00179,0.00000
meva_frozen,Max,0.00357,0.00000
meva_frozen,Max,0.00536,0.00000
meva_frozen,Max,0.00714,0.00000
meva_frozen,Max,0.00893,0.00000
meva_frozen,Max,0.01071,0.00000
meva_frozen,Max,0.01250,0.00000
meva_frozen,Max,0.01429,0.00000
meva_frozen,Max,0.01607,0.00000
meva_frozen,Max,0.01786,0.00000
meva_frozen,Max,0.01964,0.00000
meva_frozen,Max,0.02143,0.00000
meva_frozen,Max,0.02321,0.00000
meva_frozen,Max,0.02500,0.00000
meva_frozen,Max,0.02679,0.00000
meva_frozen,Max,0.02857,0.00000
meva_frozen,Max,0.03036,0.00000
meva_frozen,Max,0.03214,0.00000
meva_frozen,Max,0.03393,0.00000
meva_frozen,Max,0.03571,0.00000
meva_frozen,Max,0.03750,0.00000
meva_frozen,Max,0.03929,0.00000
meva_frozen,Max,0.04107,0.00000
meva_frozen,Max,0.04286,0.00000
meva_frozen,Max,0.04464,0.00000
meva_frozen,Max,0.04643,0.00000
meva_frozen,Max,0.04821,0.00000
meva_frozen,Max,0.05000,0.00000
meva_frozen,Max,0.05179,0.00000
meva_frozen,Max,0.05357,0.00000
meva_frozen,Max,0.05536,0.00000
meva_frozen,Max,0.05714,0.00000
meva_frozen,Max,0.05893,0.00000
meva_frozen,Max,0.06071,0.00000
meva_frozen,Max,0.06250,0.00000
meva_frozen,Max,0.06429,0.00000
meva_frozen,Max,0.06607,0.00000
meva_frozen,Max,0.06786,0.00000
meva_frozen,Max,0.06964,0.00000
meva_frozen,Max,0.07143,0.00000
meva_frozen,Max,0.07321,0.00000
meva_frozen,Max,0.07500,0.00000
meva_frozen,Max,0.07679,0.00000
meva_frozen,Max,0.07857,0.00000
meva_frozen,Max,0.08036,0.00000
meva_frozen,Max,0.08214,0.00000
meva_frozen,Max,0.08393,0.00000
meva_frozen,Max,0.08571,0.00000
meva_frozen,Max,0.08750,0.00000
meva_frozen,Max,0.08929,0.00000
meva_frozen,Max,0.09107,0.00000
meva_frozen,Max,0.09286,0.00000
meva_frozen,Max,0.09464,0.00000
meva_frozen,Max,0.09643,0.00000
meva_frozen,Max,0.09821,0.00000
meva_frozen,Max,0.10000,0.00000
meva_frozen,Max,0.10179,0.00000
meva_frozen,Max,0.10357,0.00000
meva_frozen,Max,0.10536,0.00000
meva_frozen,Max,0.10714,0.00000
meva_frozen,Max,0.10893,0.00000
meva_frozen,Max,0.11071,0.00000
meva_frozen,Max,0.11250,0.00000
meva_frozen,Max,0.11429,0.00000
meva_frozen,Max,0.11607,0.00000
meva_frozen,Max,0.11786,0.00000
meva_frozen,Max,0.11964,0.00000
meva_frozen,Max,0.12143,0.00000
meva_frozen,Max,0.12321,0.00000
meva_frozen,Max,0.12500,0.00000
meva_frozen,Max,0.12679,0.00000
meva_frozen,Max,0.12857,0.00000
meva_frozen,Max,0.13036,0.00000
meva_frozen,Max,0.13214,0.00000
meva_frozen,Max,0.13393,0.00000
meva_frozen,Max,0.13571,0.00000
meva_frozen,Max,0.13750,0.00000
meva_frozen,Max,0.13929,0.00000
meva_frozen,Max,0.14107,0.00000
meva_frozen,Max,0.14286,0.00000
meva_frozen,Max,0.14464,0.00000
meva_frozen,Max,0.14643,0.00000
meva_frozen,Max,0.14821,0.00000
meva_frozen,Max,0.15000,0.00000
meva_frozen,Max,0.15179,0.00000
meva_frozen,Max,0.15357,0.00000
meva_frozen,Max,0.15536,0.00000
meva_frozen,Max,0.15714,0.00000
meva_frozen,Max,0.15893,0.00000
meva_frozen,Max,0.16071,0.00000
meva_frozen,Max,0.16250,0.00000
meva_frozen,Max,0.16429,0.00000
meva_frozen,Max,0.16607,0.00000
meva_frozen,Max,0.16786,0.00000
meva_frozen,Max,0.16964,0.00000
meva_frozen,Max,0.17143,0.00000
meva_frozen,Max,0.17321,0.00000
meva_frozen,Max,0.17500,0.00000
meva_frozen,Max,0.17679,0.00000
meva_frozen,Max,0.17857,0.00000
meva_frozen,Max,0.18036,0.00000
meva_frozen,Max,0.18214,0.00000
meva_frozen,Max,0.18393,0.00000
meva_frozen,Max,0.18571,0.00000
meva_frozen,Max,0.18750,0.00000
meva_frozen,Max,0.18929,0.00000
meva_frozen,Max,0.19107,0.00000
meva_frozen,Max,0.19286,0.00000
meva_frozen,Max,0.19464,0.00000
meva_frozen,Max,0.19643,0.00000
meva_frozen,Max,0.19821,0.00000
meva_frozen,Max,0.20000,0.00000
meva_frozen,Max,0.20179,0.00000
meva_frozen,Max,0.20357,0.00000
meva_frozen,Max,0.20536,0.00000
meva_frozen,Max,0.20714,0.00000
meva_frozen,Max,0.20893,0.00000
meva_frozen,Max,0.21071,0.00000
meva_frozen,Max,0.21250,0.00000
meva_frozen,Max,0.21429,0.00000
meva_frozen,Max,0.21607,0.00000
meva_frozen,Max,0.21786,0.00000
meva_frozen,Max,0.21964,0.00000
meva_frozen,Max,0.22143,0.00000
meva_frozen,Max,0.22321,0.00000
meva_frozen,Max,0.22500,0.00000
meva_frozen,Max,0.22679,0.00000
meva_frozen,Max,0.22857,0.00000
meva_frozen,Max,0.23036,0.00000
meva_frozen,Max,0.23214,0.00000
meva_frozen,Max,0.23393,0.00000
meva_frozen,Max,0.23571,0.00000
meva_frozen,Max,0.23750,0.00000
meva_frozen,Max,0.23929,0.00000
meva_frozen,Max,0.24107,0.00000
meva_frozen,Max,0.24286,0.00000
meva_frozen,Max,0.24464,0.00000
meva_frozen,Max,0.24643,0.00000
meva_frozen,Max,0.24821,0.00000
meva_frozen,Max,0.25000,0.00000
meva_frozen,Max,0.25179,0.00000
meva_frozen,Max,0.25357,0.00000
meva_frozen,Max,0.25536,0.00000
meva_frozen,Max,0.25714,0.00000
meva_frozen,Max,0.25893,0.00000
meva_frozen,Max,0.26071,0.00000
meva_frozen,Max,0.26250,0.00000
meva_frozen,Max,0.26429,0.00000
meva_frozen,Max,0.26607,0.00000
meva_frozen,Max,0.26786,0.00000
meva_frozen,Max,0.26964,0.00000
meva_frozen,Max,0.27143,0.00000
meva_frozen,Max,0.27321,0.00000
meva_frozen,Max,0.27500,0.00000
meva_frozen,Max,0.27679,0.00000
meva_frozen,Max,0.27857,0.00000
meva_frozen,Max,0.28036,0.00000
meva_frozen,Max,0.28214,0.00000
meva_frozen,Max,0.28393,0.00000
meva_frozen,Max,0.28571,0.00000
meva_frozen,Max,0.28750,0.00000
meva_frozen,Max,0.28929,0.00000
meva_frozen,Max,0.29107,0.00000
meva_frozen,Max,0.29286,0.00000
meva_frozen,Max,0.29464,0.00000
meva_frozen,Max,0.29643,0.00000
meva_frozen,Max,0.29821,0.00000
meva_frozen,Max,0.30000,0.00000
meva_frozen,Max,0.30179,0.00000
meva_frozen,Max,0.30357,0.00000
meva_frozen,Max,0.30536,0.00000
meva_frozen,Max,0.30714,0.00000
meva_frozen,Max,0.30893,0.00000
meva_frozen,Max,0.31071,0.00000
meva_frozen,Max,0.31250,0.00000
meva_frozen,Max,0.31429,0.00000
meva_frozen,Max,0.31607,0.00000
meva_frozen,Max,0.31786,0.00000
meva_frozen,Max,0.31964,0.00000
meva_frozen,Max,0.32143,0.00000
meva_frozen,Max,0.32321,0.00000
meva_frozen,Max,0.32500,0.00000
meva_frozen,Max,0.32679,0.00000
meva_frozen,Max,0.32857,0.00000
meva_frozen,Max,0.33036,0.00000
meva_frozen,Max,0.33214,0.00000
meva_frozen,Max,0.33393,0.00000
meva_frozen,Max,0.33571,0.00000
meva_frozen,Max,0.33750,0.00000
meva_frozen,Max,0.33929,0.00000
meva_frozen,Max,0.34107,0.00000
meva_frozen,Max,0.34286,0.00000
meva_frozen,Max,0.34464,0.00000
meva_frozen,Max,0.34643,0.00000
meva_frozen,Max,0.34821,0.00000
meva_frozen,Max,0.35000,0.00000
meva_frozen,Max,0.35179,0.00000
meva_frozen,Max,0.35357,0.00000
meva_frozen,Max,0.35536,0.00000
meva_frozen,Max,0.35714,0.00000
meva_frozen,Max,0.35893,0.00000
meva_frozen,Max,0.36071,0.00000
meva_frozen,Max,0.36250,0.00000
meva_frozen,Max,0.36429,0.00000
meva_frozen,Max,0.36607,0.00000
meva_frozen,Max,0.36786,0.00000
meva_frozen,Max,0.36964,0.00000
meva_frozen,Max,0.37143,0.00000
meva_frozen,Max,0.37321,0.00000
meva_frozen,Max,0.37500,0.00000
meva_frozen,Max,0.37679,0.00000
meva_frozen,Max,0.37857,0.00000
meva_frozen,Max,0.38036,0.00000
meva_frozen,Max,0.38214,0.00000
meva_frozen,Max,0.38393,0.00000
meva_frozen,Max,0.38571,0.00000
meva_frozen,Max,0.38750,0.00000
meva_frozen,Max,0.38929,0.00000
meva_frozen,Max,0.39107,0.00000
meva_frozen,Max,0.39286,0.00000
meva_frozen,Max,0.39464,0.00000
meva_frozen,Max,0.39643,0.00000
meva_frozen,Max,0.39821,0.00000
meva_frozen,Max,0.40000,0.00000
meva_frozen,Max,0.40179,0.00000
meva_frozen,Max,0.40357,0.00000
meva_frozen,Max,0.40536,0.00000
meva_frozen,Max,0.40714,0.00000
meva_frozen,Max,0.40893,0.00000
meva_frozen,Max,0.41071,0.00000
meva_frozen,Max,0.41250,0.00000
meva_frozen,Max,0.41429,0.00000
meva_frozen,Max,0.41607,0.00000
meva_frozen,Max,0.41786,0.00000
meva_frozen,Max,0.41964,0.00000
meva_frozen,Max,0.42143,0.00000
meva_frozen,Max,0.42321,0.00000
meva_frozen,Max,0.42500,0.00000
meva_frozen,Max,0.42679,0.00000
meva_frozen,Max,0.42857,0.00000
meva_frozen,Max,0.43036,0.00000
meva_frozen,Max,0.43214,0.00000
meva_frozen,Max,0.43393,0.00000
meva_frozen,Max,0.43571,0.00000
meva_frozen,Max,0.43750,0.00000
meva_frozen,Max,0.43929,0.00000
meva_frozen,Max,0.44107,0.00000
meva_frozen,Max,0.44286,0.00000
meva_frozen,Max,0.44464,0.00000
meva_frozen,Max,0.44643,0.00000
meva_frozen,Max,0.44821,0.00000
meva_frozen,Max,0.45000,0.00000
meva_frozen,Max,0.45179,0.00000
meva_frozen,Max,0.45357,0.00000
meva_frozen,Max,0.45536,0.00000
meva_frozen,Max,0.45714,0.00000
meva_frozen,Max,0.45893,0.00000
meva_frozen,Max,0.46071,0.00000
meva_frozen,Max,0.46250,0.00000
meva_frozen,Max,0.46429,0.00000
meva_frozen,Max,0.46607,0.00000
meva_frozen,Max,0.46786,0.00000
meva_frozen,Max,0.46964,0.00000
meva_frozen,Max,0.47143,0.00000
meva_frozen,Max,0.47321,0.00000
meva_frozen,Max,0.47500,0.00000
meva_frozen,Max,0.47679,0.00000
meva_frozen,Max,0.47857,0.00000
meva_frozen,Max,0.48036,0.00000
meva_frozen,Max,0.48214,0.00000
meva_frozen,Max,0.48393,0.00000
meva_frozen,Max,0.48571,0.00000
meva_frozen,Max,0.48750,0.00000
meva_frozen,Max,0.48929,0.00000
meva_frozen,Max,0.49107,0.00000
meva_frozen,Max,0.49286,0.00000
meva_frozen,Max,0.49464,0.00000
meva_frozen,Max,0.49643,0.00000
meva_frozen,Max,0.49821,0.00000
meva_frozen,Max,0.50000,0.00000
meva_frozen,Max,0.50179,0.00000
meva_frozen,Max,0.50357,0.00000
meva_frozen,Max,0.50536,0.00000
meva_frozen,Max,0.50714,0.00000
meva_frozen,Max,0.50893,0.00000
meva_frozen,Max,0.51071,0.00000
meva_frozen,Max,0.51250,0.00000
meva_frozen,Max,0.51429,0.00000
meva_frozen,Max,0.51607,0.00000
meva_frozen,Max,0.51786,0.00000
meva_frozen,Max,0.51964,0.00000
meva_frozen,Max,0.52143,0.00000
meva_frozen,Max,0.52321,0.00000
meva_frozen,Max,0.52500,0.00000
meva_frozen,Max,0.52679,0.00000
meva_frozen,Max,0.52857,0.00000
meva_frozen,Max,0.53036,0.00000
meva_frozen,Max,0.53214,0.00000
meva_frozen,Max,0.53393,0.00000
meva_frozen,Max,0.53571,0.00000
meva_frozen,Max,0.53750,0.00000
meva_frozen,Max,0.53929,0.00000
meva_frozen,Max,0.54107,0.00000
meva_frozen,Max,0.54286,0.00000
meva_frozen,Max,0.54464,0.00000
meva_frozen,Max,0.54643,0.00000
meva_frozen,Max,0.54821,0.00000
meva_frozen,Max,0.55000,0.00000
meva_frozen,Max,0.55179,0.00000
meva_frozen,Max,0.55357,0.00000
meva_frozen,Max,0.55536,0.00000
meva_frozen,Max,0.55714,0.00000
meva_frozen,Max,0.55893,0.00000
meva_frozen,Max,0.56071,0.00000
meva_frozen,Max,0.56250,0.00000
meva_frozen,Max,0.56429,0.00000
meva_frozen,Max,0.56607,0.00000
meva_frozen,Max,0.56786,0.00000
meva_frozen,Max,0.56964,0.00000
meva_frozen,Max,0.57143,0.00000
meva_frozen,Max,0.57321,0.00000
meva_frozen,Max,0.57500,0.00000
meva_frozen,Max,0.57679,0.00000
meva_frozen,Max,0.57857,0.00000
meva_frozen,Max,0.58036,0.00000
meva_frozen,Max,0.58214,0.00000
meva_frozen,Max,0.58393,0.00000
meva_frozen,Max,0.58571,0.00000
meva_frozen,Max,0.58750,0.00000
meva_frozen,Max,0.58929,0.00000
meva_frozen,Max,0.59107,0.00000
meva_frozen,Max,0.59286,0.00000
meva_frozen,Max,0.59464,0.00000
meva_frozen,Max,0.59643,0.00000
meva_frozen,Max,0.59821,0.00000
meva_frozen,Max,0.60000,0.00000
meva_frozen,Max,0.60179,0.00000
meva_frozen,Max,0.60357,0.00000
meva_frozen,Max,0.60536,0.00000
meva_frozen,Max,0.60714,0.00000
meva_frozen,Max,0.60893,0.00000
meva_frozen,Max,0.61071,0.00000
meva_frozen,Max,0.61250,0.00000
meva_frozen,Max,0.61429,0.00000
meva_frozen,Max,0.61607,0.00000
meva_frozen,Max,0.61786,0.00000
meva_frozen,Max,0.61964,0.00000
meva_frozen,Max,0.62143,0.00000
meva_frozen,Max,0.62321,0.00000
meva_frozen,Max,0.62500,0.00000
meva_frozen,Max,0.62679,0.00000
meva_frozen,Max,0.62857,0.00000
meva_frozen,Max,0.63036,0.00000
meva_frozen,Max,0.63214,0.00000
meva_frozen,Max,0.63393,0.00000
meva_frozen,Max,0.63571,0.00000
meva_frozen,Max,0.63750,0.00000
meva_frozen,Max,0.63929,0.00000
meva_frozen,Max,0.64107,0.00000
meva_frozen,Max,0.64286,0.00000
meva_frozen,Max,0.64464,0.00000
meva_frozen,Max,0.64643,0.00000
meva_frozen,Max,0.64821,0.00000
meva_frozen,Max,0.65000,0.00000
meva_frozen,Max,0.65179,0.00000
meva_frozen,Max,0.65357,0.00000
meva_frozen,Max,0.65536,0.00000
meva_frozen,Max,0.65714,0.00000
meva_frozen,Max,0.65893,0.00000
meva_frozen,Max,0.66071,0.00000
meva_frozen,Max,0.66250,0.00000
meva_frozen,Max,0.66429,0.00000
meva_frozen,Max,0.66607,0.00000
meva_frozen,Max,0.66786,0.00000
meva_frozen,Max,0.66964,0.00000
meva_frozen,Max,0.67143,0.00000
meva_frozen,Max,0.67321,0.00000
meva_frozen,Max,0.67500,0.00000
meva_frozen,Max,0.67679,0.00000
meva_frozen,Max,0.67857,0.00000
meva_frozen,Max,0.68036,0.00000
meva_frozen,Max,0.68214,0.00000
meva_frozen,Max,0.68393,0.00000
meva_frozen,Max,0.68571,0.00000
meva_frozen,Max,0.68750,0.00000
meva_frozen,Max,0.68929,0.00000
meva_frozen,Max,0.69107,0.00000
meva_frozen,Max,0.69286,0.00000
meva_frozen,Max,0.69464,0.00000
meva_frozen,Max,0.69643,0.00000
meva_frozen,Max,0.69821,0.00000
meva_frozen,Max,0.70000,0.00000
meva_frozen,Max,0.70179,0.00000
meva_frozen,Max,0.70357,0.00000
meva_frozen,Max,0.70536,0.00000
meva_frozen,Max,0.70714,0.00000
meva_frozen,Max,0.70893,0.00000
meva_frozen,Max,0.71071,0.00000
meva_frozen,Max,0.71250,0.00000
meva_frozen,Max,0.71429,0.00000
meva_frozen,Max,0.71607,0.00000
meva_frozen,Max,0.71786,0.00000
meva_frozen,Max,0.71964,0.00000
meva_frozen,Max,0.72143,0.00000
meva_frozen,Max,0.72321,0.00000
meva_frozen,Max,0.72500,0.00000
meva_frozen,Max,0.72679,0.00000
meva_frozen,Max,0.72857,0.00000
meva_frozen,Max,0.73036,0.00000
meva_frozen,Max,0.73214,0.00000
meva_frozen,Max,0.73393,0.00000
meva_frozen,Max,0.73571,0.00000
meva_frozen,Max,0.73750,0.00000
meva_frozen,Max,0.73929,0.00000
meva_frozen,Max,0.74107,0.00000
meva_frozen,Max,0.74286,0.00000
meva_frozen,Max,0.74464,0.00000
meva_frozen,Max,0.74643,0.00000
meva_frozen,Max,0.74821,0.00000
meva_frozen,Max,0.75000,0.00000
meva_frozen,Max,0.75179,0.00000
meva_frozen,Max,0.75357,0.00000
meva_frozen,Max,0.75536,0.00000
meva_frozen,Max,0.75714,0.00000
meva_frozen,Max,0.75893,0.00000
meva_frozen,Max,0.76071,0.00000
meva_frozen,Max,0.76250,0.00000
meva_frozen,Max,0.76429,0.00000
meva_frozen,Max,0.76607,0.00000
meva_frozen,Max,0.76786,0.00000
meva_frozen,Max,0.76964,0.00000
meva_frozen,Max,0.77143,0.00000
meva_frozen,Max,0.77321,0.00000
meva_frozen,Max,0.77500,0.00000
meva_frozen,Max,0.77679,0.00000
meva_frozen,Max,0.77857,0.00000
meva_frozen,Max,0.78036,0.00000
meva_frozen,Max,0.78214,0.00000
meva_frozen,Max,0.78393,0.00000
meva_frozen,Max,0.78571,0.00000
meva_frozen,Max,0.78750,0.00000
meva_frozen,Max,0.78929,0.00000
meva_frozen,Max,0.79107,0.00000
meva_frozen,Max,0.79286,0.00000
meva_frozen,Max,0.79464,0.00000
meva_frozen,Max,0.79643,0.00000
meva_frozen,Max,0.79821,0.00000
meva_frozen,Max,0.80000,0.00000
meva_frozen,Max,0.80179,0.00000
meva_frozen,Max,0.80357,0.00000
meva_frozen,Max,0.80536,0.00000
meva_frozen,Max,0.80714,0.00000
meva_frozen,Max,0.80893,0.00000
meva_frozen,Max,0.81071,0.00000
meva_frozen,Max,0.81250,0.00000
meva_frozen,Max,0.81429,0.00000
meva_frozen,Max,0.81607,0.00000
meva_frozen,Max,0.81786,0.00000
meva_frozen,Max,0.81964,0.00000
meva_frozen,Max,0.82143,0.00000
meva_frozen,Max,0.82321,0.00000
meva_frozen,Max,0.82500,0.00000
meva_frozen,Max,0.82679,0.00000
meva_frozen,Max,0.82857,0.00000
meva_frozen,Max,0.83036,0.00000
meva_frozen,Max,0.83214,0.00000
meva_frozen,Max,0.83393,0.00000
meva_frozen,Max,0.83571,0.00000
meva_frozen,Max,0.83750,0.00000
meva_frozen,Max,0.83929,0.00000
meva_frozen,Max,0.84107,0.00000
meva_frozen,Max,0.84286,0.00000
meva_frozen,Max,0.84464,0.00000
meva_frozen,Max,0.84643,0.00000
meva_frozen,Max,0.84821,0.00000
meva_frozen,Max,0.85000,0.00000
meva_frozen,Max,0.85179,0.00000
meva_frozen,Max,0.85357,0.00000
meva_frozen,Max,0.85536,0.00000
meva_frozen,Max,0.85714,0.00000
meva_frozen,Max,0.85893,0.00000
meva_frozen,Max,0.86071,0.00000
meva_frozen,Max,0.86250,0.00000
meva_frozen,Max,0.86429,0.00000
meva_frozen,Max,0.86607,0.00000
meva_frozen,Max,0.86786,0.00000
meva_frozen,Max,0.86964,0.00000
meva_frozen,Max,0.87143,0.00000
meva_frozen,Max,0.87321,0.00204
meva_frozen,Max,0.87500,0.00204
meva_frozen,Max,0.87679,0.00204
meva_frozen,Max,0.87857,0.00203
meva_frozen,Max,0.88036,0.00203
meva_frozen,Max,0.88214,0.00202
meva_frozen,Max,0.88393,0.00202
meva_frozen,Max,0.88571,0.00202
meva_frozen,Max,0.88750,0.00201
meva_frozen,Max,0.88929,0.00201
meva_frozen,Max,0.89107,0.00200
meva_frozen,Max,0.89286,0.00200
meva_frozen,Max,0.89464,0.00200
meva_frozen,Max,0.89643,0.00199
meva_frozen,Max,0.89821,0.00199
meva_frozen,Max,0.90000,0.00198
meva_frozen,Max,0.90179,0.00198
meva_frozen,Max,0.90357,0.00198
meva_frozen,Max,0.90536,0.00197
meva_frozen,Max,0.90714,0.00197
meva_frozen,Max,0.90893,0.00196
meva_frozen,Max,0.91071,0.00196
meva_frozen,Max,0.91250,0.00196
meva_frozen,Max,0.91429,0.00195
meva_frozen,Max,0.91607,0.00195
meva_frozen,Max,0.91786,0.00195
meva_frozen,Max,0.91964,0.00194
meva_frozen,Max,0.92143,0.00194
meva_frozen,Max,0.92321,0.00193
meva_frozen,Max,0.92500,0.00193
meva_frozen,Max,0.92679,0.00193
meva_frozen,Max,0.92857,0.00192
meva_frozen,Max,0.93036,0.00192
meva_frozen,Max,0.93214,0.00192
meva_frozen,Max,0.93393,0.00191
meva_frozen,Max,0.93571,0.00191
meva_frozen,Max,0.93750,0.00190
meva_frozen,Max,0.93929,0.00190
meva_frozen,Max,0.94107,0.00190
meva_frozen,Max,0.94286,0.00189
meva_frozen,Max,0.94464,0.00189
meva_frozen,Max,0.94643,0.00189
meva_frozen,Max,0.94821,0.00188
meva_frozen,Max,0.95000,0.00188
meva_frozen,Max,0.95179,0.00188
meva_frozen,Max,0.95357,0.00187
meva_frozen,Max,0.95536,0.00187
meva_frozen,Max,0.95714,0.00187
meva_frozen,Max,0.95893,0.00186
meva_frozen,Max,0.96071,0.00186
meva_frozen,Max,0.96250,0.00186
meva_frozen,Max,0.96429,0.00185
meva_frozen,Max,0.96607,0.00185
meva_frozen,Max,0.96786,0.00185
meva_frozen,Max,0.96964,0.00184
meva_frozen,Max,0.97143,0.00184
meva_frozen,Max,0.97321,0.00183
meva_frozen,Max,0.97500,0.00183
meva_frozen,Max,0.97679,0.00183
meva_frozen,Max,0.97857,0.00182
meva_frozen,Max,0.98036,0.00182
meva_frozen,Max,0.98214,0.00182
meva_frozen,Max,0.98393,0.00181
meva_frozen,Max,0.98571,0.00181
meva_frozen,Max,0.98750,0.00181
meva_frozen,Max,0.98929,0.00181
meva_frozen,Max,0.99107,0.00180
meva_frozen,Max,0.99286,0.00360
meva_frozen,Max,0.99464,0.00359
meva_frozen,Max,0.99643,0.00538
meva_frozen,Max,0.99821,0.00716
meva_frozen,Max,1.00000,0.00893
v1_frozen,Nano,0.00035,0.00000
v1_frozen,Nano,0.00070,0.00000
v1_frozen,Nano,0.00105,0.00000
v1_frozen,Nano,0.00140,0.00000
v1_frozen,Nano,0.00175,0.00000
v1_frozen,Nano,0.00210,0.00000
v1_frozen,Nano,0.00245,0.00000
v1_frozen,Nano,0.00280,0.00000
v1_frozen,Nano,0.00315,0.00000
v1_frozen,Nano,0.00350,0.00000
v1_frozen,Nano,0.00385,0.00000
v1_frozen,Nano,0.00420,0.00000
v1_frozen,Nano,0.00456,0.00000
v1_frozen,Nano,0.00491,0.00000
v1_frozen,Nano,0.00526,0.00000
v1_frozen,Nano,0.00561,0.00000
v1_frozen,Nano,0.00596,0.00000
v1_frozen,Nano,0.00631,0.00000
v1_frozen,Nano,0.00666,0.00000
v1_frozen,Nano,0.00701,0.00000
v1_frozen,Nano,0.00736,0.00000
v1_frozen,Nano,0.00771,0.00000
v1_frozen,Nano,0.00806,0.00000
v1_frozen,Nano,0.00841,0.00000
v1_frozen,Nano,0.00876,0.00000
v1_frozen,Nano,0.00911,0.00000
v1_frozen,Nano,0.00946,0.00000
v1_frozen,Nano,0.00981,0.00000
v1_frozen,Nano,0.01016,0.00000
v1_frozen,Nano,0.01051,0.00000
v1_frozen,Nano,0.01086,0.00000
v1_frozen,Nano,0.01121,0.00000
v1_frozen,Nano,0.01156,0.00000
v1_frozen,Nano,0.01191,0.00000
v1_frozen,Nano,0.01226,0.00000
v1_frozen,Nano,0.01261,0.00000
v1_frozen,Nano,0.01296,0.00000
v1_frozen,Nano,0.01331,0.00000
v1_frozen,Nano,0.01367,0.00000
v1_frozen,Nano,0.01402,0.00000
v1_frozen,Nano,0.01437,0.00000
v1_frozen,Nano,0.01472,0.00000
v1_frozen,Nano,0.01507,0.00000
v1_frozen,Nano,0.01542,0.00000
v1_frozen,Nano,0.01577,0.00000
v1_frozen,Nano,0.01612,0.00000
v1_frozen,Nano,0.01647,0.00000
v1_frozen,Nano,0.01682,0.00000
v1_frozen,Nano,0.01717,0.00000
v1_frozen,Nano,0.01752,0.00000
v1_frozen,Nano,0.01787,0.00000
v1_frozen,Nano,0.01822,0.00000
v1_frozen,Nano,0.01857,0.00000
v1_frozen,Nano,0.01892,0.00000
v1_frozen,Nano,0.01927,0.00000
v1_frozen,Nano,0.01962,0.00000
v1_frozen,Nano,0.01997,0.00000
v1_frozen,Nano,0.02032,0.00000
v1_frozen,Nano,0.02067,0.00000
v1_frozen,Nano,0.02102,0.00000
v1_frozen,Nano,0.02137,0.00000
v1_frozen,Nano,0.02172,0.00000
v1_frozen,Nano,0.02207,0.00000
v1_frozen,Nano,0.02242,0.00000
v1_frozen,Nano,0.02278,0.00000
v1_frozen,Nano,0.02313,0.00000
v1_frozen,Nano,0.02348,0.00000
v1_frozen,Nano,0.02383,0.00000
v1_frozen,Nano,0.02418,0.00000
v1_frozen,Nano,0.02453,0.00000
v1_frozen,Nano,0.02488,0.00000
v1_frozen,Nano,0.02523,0.00000
v1_frozen,Nano,0.02558,0.00000
v1_frozen,Nano,0.02593,0.00000
v1_frozen,Nano,0.02628,0.00000
v1_frozen,Nano,0.02663,0.00000
v1_frozen,Nano,0.02698,0.00000
v1_frozen,Nano,0.02733,0.00000
v1_frozen,Nano,0.02768,0.00000
v1_frozen,Nano,0.02803,0.00000
v1_frozen,Nano,0.02838,0.00000
v1_frozen,Nano,0.02873,0.00000
v1_frozen,Nano,0.02908,0.00000
v1_frozen,Nano,0.02943,0.00000
v1_frozen,Nano,0.02978,0.00000
v1_frozen,Nano,0.03013,0.00000
v1_frozen,Nano,0.03048,0.00000
v1_frozen,Nano,0.03083,0.00000
v1_frozen,Nano,0.03118,0.00000
v1_frozen,Nano,0.03153,0.00000
v1_frozen,Nano,0.03189,0.00000
v1_frozen,Nano,0.03224,0.00000
v1_frozen,Nano,0.03259,0.00000
v1_frozen,Nano,0.03294,0.00000
v1_frozen,Nano,0.03329,0.00000
v1_frozen,Nano,0.03364,0.00000
v1_frozen,Nano,0.03399,0.00000
v1_frozen,Nano,0.03434,0.00000
v1_frozen,Nano,0.03469,0.00000
v1_frozen,Nano,0.03504,0.00000
v1_frozen,Nano,0.03539,0.00000
v1_frozen,Nano,0.03574,0.00000
v1_frozen,Nano,0.03609,0.00000
v1_frozen,Nano,0.03644,0.00000
v1_frozen,Nano,0.03679,0.00000
v1_frozen,Nano,0.03714,0.00000
v1_frozen,Nano,0.03749,0.00000
v1_frozen,Nano,0.03784,0.00000
v1_frozen,Nano,0.03819,0.00000
v1_frozen,Nano,0.03854,0.00000
v1_frozen,Nano,0.03889,0.00000
v1_frozen,Nano,0.03924,0.00000
v1_frozen,Nano,0.03959,0.00000
v1_frozen,Nano,0.03994,0.00000
v1_frozen,Nano,0.04029,0.00000
v1_frozen,Nano,0.04064,0.00000
v1_frozen,Nano,0.04100,0.00000
v1_frozen,Nano,0.04135,0.00000
v1_frozen,Nano,0.04170,0.00000
v1_frozen,Nano,0.04205,0.00000
v1_frozen,Nano,0.04240,0.00000
v1_frozen,Nano,0.04275,0.00000
v1_frozen,Nano,0.04310,0.00000
v1_frozen,Nano,0.04345,0.00000
v1_frozen,Nano,0.04380,0.00000
v1_frozen,Nano,0.04415,0.00000
v1_frozen,Nano,0.04450,0.00000
v1_frozen,Nano,0.04485,0.00000
v1_frozen,Nano,0.04520,0.00000
v1_frozen,Nano,0.04555,0.00000
v1_frozen,Nano,0.04590,0.00000
v1_frozen,Nano,0.04625,0.00000
v1_frozen,Nano,0.04660,0.00000
v1_frozen,Nano,0.04695,0.00000
v1_frozen,Nano,0.04730,0.00000
v1_frozen,Nano,0.04765,0.00000
v1_frozen,Nano,0.04800,0.00000
v1_frozen,Nano,0.04835,0.00000
v1_frozen,Nano,0.04870,0.00000
v1_frozen,Nano,0.04905,0.00000
v1_frozen,Nano,0.04940,0.00000
v1_frozen,Nano,0.04975,0.00000
v1_frozen,Nano,0.05011,0.00000
v1_frozen,Nano,0.05046,0.00000
v1_frozen,Nano,0.05081,0.00000
v1_frozen,Nano,0.05116,0.00000
v1_frozen,Nano,0.05151,0.00000
v1_frozen,Nano,0.05186,0.00000
v1_frozen,Nano,0.05221,0.00000
v1_frozen,Nano,0.05256,0.00000
v1_frozen,Nano,0.05291,0.00000
v1_frozen,Nano,0.05326,0.00000
v1_frozen,Nano,0.05361,0.00000
v1_frozen,Nano,0.05396,0.00000
v1_frozen,Nano,0.05431,0.00000
v1_frozen,Nano,0.05466,0.00000
v1_frozen,Nano,0.05501,0.00000
v1_frozen,Nano,0.05536,0.00000
v1_frozen,Nano,0.05571,0.00000
v1_frozen,Nano,0.05606,0.00000
v1_frozen,Nano,0.05641,0.00000
v1_frozen,Nano,0.05676,0.00000
v1_frozen,Nano,0.05711,0.00000
v1_frozen,Nano,0.05746,0.00000
v1_frozen,Nano,0.05781,0.00000
v1_frozen,Nano,0.05816,0.00000
v1_frozen,Nano,0.05851,0.00000
v1_frozen,Nano,0.05886,0.00000
v1_frozen,Nano,0.05922,0.00000
v1_frozen,Nano,0.05957,0.00000
v1_frozen,Nano,0.05992,0.00000
v1_frozen,Nano,0.06027,0.00000
v1_frozen,Nano,0.06062,0.00000
v1_frozen,Nano,0.06097,0.00000
v1_frozen,Nano,0.06132,0.00000
v1_frozen,Nano,0.06167,0.00000
v1_frozen,Nano,0.06202,0.00000
v1_frozen,Nano,0.06237,0.00000
v1_frozen,Nano,0.06272,0.00000
v1_frozen,Nano,0.06307,0.00000
v1_frozen,Nano,0.06342,0.00000
v1_frozen,Nano,0.06377,0.00000
v1_frozen,Nano,0.06412,0.00000
v1_frozen,Nano,0.06447,0.00000
v1_frozen,Nano,0.06482,0.00000
v1_frozen,Nano,0.06517,0.00000
v1_frozen,Nano,0.06552,0.00000
v1_frozen,Nano,0.06587,0.00000
v1_frozen,Nano,0.06622,0.00000
v1_frozen,Nano,0.06657,0.00000
v1_frozen,Nano,0.06692,0.00000
v1_frozen,Nano,0.06727,0.00000
v1_frozen,Nano,0.06762,0.00000
v1_frozen,Nano,0.06797,0.00000
v1_frozen,Nano,0.06833,0.00000
v1_frozen,Nano,0.06868,0.00000
v1_frozen,Nano,0.06903,0.00000
v1_frozen,Nano,0.06938,0.00000
v1_frozen,Nano,0.06973,0.00000
v1_frozen,Nano,0.07008,0.00000
v1_frozen,Nano,0.07043,0.00000
v1_frozen,Nano,0.07078,0.00000
v1_frozen,Nano,0.07113,0.00000
v1_frozen,Nano,0.07148,0.00000
v1_frozen,Nano,0.07183,0.00000
v1_frozen,Nano,0.07218,0.00000
v1_frozen,Nano,0.07253,0.00000
v1_frozen,Nano,0.07288,0.00000
v1_frozen,Nano,0.07323,0.00000
v1_frozen,Nano,0.07358,0.00000
v1_frozen,Nano,0.07393,0.00000
v1_frozen,Nano,0.07428,0.00000
v1_frozen,Nano,0.07463,0.00000
v1_frozen,Nano,0.07498,0.00000
v1_frozen,Nano,0.07533,0.00000
v1_frozen,Nano,0.07568,0.00000
v1_frozen,Nano,0.07603,0.00000
v1_frozen,Nano,0.07638,0.00000
v1_frozen,Nano,0.07673,0.00000
v1_frozen,Nano,0.07708,0.00000
v1_frozen,Nano,0.07744,0.00000
v1_frozen,Nano,0.07779,0.00000
v1_frozen,Nano,0.07814,0.00000
v1_frozen,Nano,0.07849,0.00000
v1_frozen,Nano,0.07884,0.00000
v1_frozen,Nano,0.07919,0.00000
v1_frozen,Nano,0.07954,0.00000
v1_frozen,Nano,0.07989,0.00000
v1_frozen,Nano,0.08024,0.00000
v1_frozen,Nano,0.08059,0.00000
v1_frozen,Nano,0.08094,0.00000
v1_frozen,Nano,0.08129,0.00000
v1_frozen,Nano,0.08164,0.00000
v1_frozen,Nano,0.08199,0.00000
v1_frozen,Nano,0.08234,0.00000
v1_frozen,Nano,0.08269,0.00000
v1_frozen,Nano,0.08304,0.00000
v1_frozen,Nano,0.08339,0.00000
v1_frozen,Nano,0.08374,0.00000
v1_frozen,Nano,0.08409,0.00000
v1_frozen,Nano,0.08444,0.00000
v1_frozen,Nano,0.08479,0.00000
v1_frozen,Nano,0.08514,0.00000
v1_frozen,Nano,0.08549,0.00000
v1_frozen,Nano,0.08584,0.00000
v1_frozen,Nano,0.08619,0.00000
v1_frozen,Nano,0.08655,0.00000
v1_frozen,Nano,0.08690,0.00000
v1_frozen,Nano,0.08725,0.00000
v1_frozen,Nano,0.08760,0.00000
v1_frozen,Nano,0.08795,0.00000
v1_frozen,Nano,0.08830,0.00000
v1_frozen,Nano,0.08865,0.00000
v1_frozen,Nano,0.08900,0.00000
v1_frozen,Nano,0.08935,0.00000
v1_frozen,Nano,0.08970,0.00000
v1_frozen,Nano,0.09005,0.00000
v1_frozen,Nano,0.09040,0.00000
v1_frozen,Nano,0.09075,0.00000
v1_frozen,Nano,0.09110,0.00000
v1_frozen,Nano,0.09145,0.00000
v1_frozen,Nano,0.09180,0.00000
v1_frozen,Nano,0.09215,0.00000
v1_frozen,Nano,0.09250,0.00000
v1_frozen,Nano,0.09285,0.00000
v1_frozen,Nano,0.09320,0.00000
v1_frozen,Nano,0.09355,0.00000
v1_frozen,Nano,0.09390,0.00000
v1_frozen,Nano,0.09425,0.00000
v1_frozen,Nano,0.09460,0.00000
v1_frozen,Nano,0.09495,0.00000
v1_frozen,Nano,0.09530,0.00000
v1_frozen,Nano,0.09566,0.00000
v1_frozen,Nano,0.09601,0.00000
v1_frozen,Nano,0.09636,0.00000
v1_frozen,Nano,0.09671,0.00000
v1_frozen,Nano,0.09706,0.00000
v1_frozen,Nano,0.09741,0.00000
v1_frozen,Nano,0.09776,0.00000
v1_frozen,Nano,0.09811,0.00000
v1_frozen,Nano,0.09846,0.00000
v1_frozen,Nano,0.09881,0.00000
v1_frozen,Nano,0.09916,0.00000
v1_frozen,Nano,0.09951,0.00000
v1_frozen,Nano,0.09986,0.00000
v1_frozen,Nano,0.10021,0.00000
v1_frozen,Nano,0.10056,0.00000
v1_frozen,Nano,0.10091,0.00000
v1_frozen,Nano,0.10126,0.00000
v1_frozen,Nano,0.10161,0.00000
v1_frozen,Nano,0.10196,0.00000
v1_frozen,Nano,0.10231,0.00000
v1_frozen,Nano,0.10266,0.00000
v1_frozen,Nano,0.10301,0.00000
v1_frozen,Nano,0.10336,0.00000
v1_frozen,Nano,0.10371,0.00000
v1_frozen,Nano,0.10406,0.00000
v1_frozen,Nano,0.10441,0.00000
v1_frozen,Nano,0.10477,0.00000
v1_frozen,Nano,0.10512,0.00000
v1_frozen,Nano,0.10547,0.00000
v1_frozen,Nano,0.10582,0.00000
v1_frozen,Nano,0.10617,0.00000
v1_frozen,Nano,0.10652,0.00000
v1_frozen,Nano,0.10687,0.00000
v1_frozen,Nano,0.10722,0.00000
v1_frozen,Nano,0.10757,0.00000
v1_frozen,Nano,0.10792,0.00000
v1_frozen,Nano,0.10827,0.00000
v1_frozen,Nano,0.10862,0.00000
v1_frozen,Nano,0.10897,0.00000
v1_frozen,Nano,0.10932,0.00000
v1_frozen,Nano,0.10967,0.00000
v1_frozen,Nano,0.11002,0.00000
v1_frozen,Nano,0.11037,0.00000
v1_frozen,Nano,0.11072,0.00000
v1_frozen,Nano,0.11107,0.00000
v1_frozen,Nano,0.11142,0.00000
v1_frozen,Nano,0.11177,0.00000
v1_frozen,Nano,0.11212,0.00000
v1_frozen,Nano,0.11247,0.00000
v1_frozen,Nano,0.11282,0.00000
v1_frozen,Nano,0.11317,0.00000
v1_frozen,Nano,0.11352,0.00000
v1_frozen,Nano,0.11388,0.00000
v1_frozen,Nano,0.11423,0.00000
v1_frozen,Nano,0.11458,0.00000
v1_frozen,Nano,0.11493,0.00000
v1_frozen,Nano,0.11528,0.00000
v1_frozen,Nano,0.11563,0.00000
v1_frozen,Nano,0.11598,0.00000
v1_frozen,Nano,0.11633,0.00000
v1_frozen,Nano,0.11668,0.00000
v1_frozen,Nano,0.11703,0.00000
v1_frozen,Nano,0.11738,0.00000
v1_frozen,Nano,0.11773,0.00000
v1_frozen,Nano,0.11808,0.00000
v1_frozen,Nano,0.11843,0.00000
v1_frozen,Nano,0.11878,0.00000
v1_frozen,Nano,0.11913,0.00000
v1_frozen,Nano,0.11948,0.00000
v1_frozen,Nano,0.11983,0.00000
v1_frozen,Nano,0.12018,0.00000
v1_frozen,Nano,0.12053,0.00000
v1_frozen,Nano,0.12088,0.00000
v1_frozen,Nano,0.12123,0.00000
v1_frozen,Nano,0.12158,0.00000
v1_frozen,Nano,0.12193,0.00000
v1_frozen,Nano,0.12228,0.00000
v1_frozen,Nano,0.12263,0.00000
v1_frozen,Nano,0.12299,0.00000
v1_frozen,Nano,0.12334,0.00000
v1_frozen,Nano,0.12369,0.00000
v1_frozen,Nano,0.12404,0.00000
v1_frozen,Nano,0.12439,0.00000
v1_frozen,Nano,0.12474,0.00000
v1_frozen,Nano,0.12509,0.00000
v1_frozen,Nano,0.12544,0.00000
v1_frozen,Nano,0.12579,0.00000
v1_frozen,Nano,0.12614,0.00000
v1_frozen,Nano,0.12649,0.00000
v1_frozen,Nano,0.12684,0.00000
v1_frozen,Nano,0.12719,0.00000
v1_frozen,Nano,0.12754,0.00000
v1_frozen,Nano,0.12789,0.00000
v1_frozen,Nano,0.12824,0.00000
v1_frozen,Nano,0.12859,0.00000
v1_frozen,Nano,0.12894,0.00000
v1_frozen,Nano,0.12929,0.00000
v1_frozen,Nano,0.12964,0.00000
v1_frozen,Nano,0.12999,0.00000
v1_frozen,Nano,0.13034,0.00000
v1_frozen,Nano,0.13069,0.00000
v1_frozen,Nano,0.13104,0.00000
v1_frozen,Nano,0.13139,0.00000
v1_frozen,Nano,0.13174,0.00000
v1_frozen,Nano,0.13210,0.00000
v1_frozen,Nano,0.13245,0.00000
v1_frozen,Nano,0.13280,0.00000
v1_frozen,Nano,0.13315,0.00000
v1_frozen,Nano,0.13350,0.00000
v1_frozen,Nano,0.13385,0.00000
v1_frozen,Nano,0.13420,0.00000
v1_frozen,Nano,0.13455,0.00000
v1_frozen,Nano,0.13490,0.00000
v1_frozen,Nano,0.13525,0.00000
v1_frozen,Nano,0.13560,0.00000
v1_frozen,Nano,0.13595,0.00000
v1_frozen,Nano,0.13630,0.00000
v1_frozen,Nano,0.13665,0.00000
v1_frozen,Nano,0.13700,0.00000
v1_frozen,Nano,0.13735,0.00000
v1_frozen,Nano,0.13770,0.00000
v1_frozen,Nano,0.13805,0.00000
v1_frozen,Nano,0.13840,0.00000
v1_frozen,Nano,0.13875,0.00000
v1_frozen,Nano,0.13910,0.00000
v1_frozen,Nano,0.13945,0.00000
v1_frozen,Nano,0.13980,0.00000
v1_frozen,Nano,0.14015,0.00000
v1_frozen,Nano,0.14050,0.00000
v1_frozen,Nano,0.14085,0.00000
v1_frozen,Nano,0.14121,0.00000
v1_frozen,Nano,0.14156,0.00000
v1_frozen,Nano,0.14191,0.00000
v1_frozen,Nano,0.14226,0.00000
v1_frozen,Nano,0.14261,0.00000
v1_frozen,Nano,0.14296,0.00000
v1_frozen,Nano,0.14331,0.00000
v1_frozen,Nano,0.14366,0.00000
v1_frozen,Nano,0.14401,0.00000
v1_frozen,Nano,0.14436,0.00000
v1_frozen,Nano,0.14471,0.00000
v1_frozen,Nano,0.14506,0.00000
v1_frozen,Nano,0.14541,0.00000
v1_frozen,Nano,0.14576,0.00000
v1_frozen,Nano,0.14611,0.00000
v1_frozen,Nano,0.14646,0.00000
v1_frozen,Nano,0.14681,0.00000
v1_frozen,Nano,0.14716,0.00000
v1_frozen,Nano,0.14751,0.00000
v1_frozen,Nano,0.14786,0.00000
v1_frozen,Nano,0.14821,0.00000
v1_frozen,Nano,0.14856,0.00000
v1_frozen,Nano,0.14891,0.00000
v1_frozen,Nano,0.14926,0.00000
v1_frozen,Nano,0.14961,0.00000
v1_frozen,Nano,0.14996,0.00000
v1_frozen,Nano,0.15032,0.00000
v1_frozen,Nano,0.15067,0.00000
v1_frozen,Nano,0.15102,0.00000
v1_frozen,Nano,0.15137,0.00000
v1_frozen,Nano,0.15172,0.00000
v1_frozen,Nano,0.15207,0.00000
v1_frozen,Nano,0.15242,0.00000
v1_frozen,Nano,0.15277,0.00000
v1_frozen,Nano,0.15312,0.00000
v1_frozen,Nano,0.15347,0.00000
v1_frozen,Nano,0.15382,0.00000
v1_frozen,Nano,0.15417,0.00000
v1_frozen,Nano,0.15452,0.00000
v1_frozen,Nano,0.15487,0.00000
v1_frozen,Nano,0.15522,0.00000
v1_frozen,Nano,0.15557,0.00000
v1_frozen,Nano,0.15592,0.00000
v1_frozen,Nano,0.15627,0.00000
v1_frozen,Nano,0.15662,0.00000
v1_frozen,Nano,0.15697,0.00000
v1_frozen,Nano,0.15732,0.00000
v1_frozen,Nano,0.15767,0.00000
v1_frozen,Nano,0.15802,0.00000
v1_frozen,Nano,0.15837,0.00000
v1_frozen,Nano,0.15872,0.00000
v1_frozen,Nano,0.15907,0.00000
v1_frozen,Nano,0.15943,0.00000
v1_frozen,Nano,0.15978,0.00000
v1_frozen,Nano,0.16013,0.00000
v1_frozen,Nano,0.16048,0.00000
v1_frozen,Nano,0.16083,0.00000
v1_frozen,Nano,0.16118,0.00000
v1_frozen,Nano,0.16153,0.00000
v1_frozen,Nano,0.16188,0.00000
v1_frozen,Nano,0.16223,0.00000
v1_frozen,Nano,0.16258,0.00000
v1_frozen,Nano,0.16293,0.00000
v1_frozen,Nano,0.16328,0.00000
v1_frozen,Nano,0.16363,0.00000
v1_frozen,Nano,0.16398,0.00000
v1_frozen,Nano,0.16433,0.00000
v1_frozen,Nano,0.16468,0.00000
v1_frozen,Nano,0.16503,0.00000
v1_frozen,Nano,0.16538,0.00000
v1_frozen,Nano,0.16573,0.00000
v1_frozen,Nano,0.16608,0.00000
v1_frozen,Nano,0.16643,0.00000
v1_frozen,Nano,0.16678,0.00000
v1_frozen,Nano,0.16713,0.00000
v1_frozen,Nano,0.16748,0.00000
v1_frozen,Nano,0.16783,0.00000
v1_frozen,Nano,0.16819,0.00000
v1_frozen,Nano,0.16854,0.00000
v1_frozen,Nano,0.16889,0.00000
v1_frozen,Nano,0.16924,0.00000
v1_frozen,Nano,0.16959,0.00000
v1_frozen,Nano,0.16994,0.00000
v1_frozen,Nano,0.17029,0.00000
v1_frozen,Nano,0.17064,0.00000
v1_frozen,Nano,0.17099,0.00000
v1_frozen,Nano,0.17134,0.00000
v1_frozen,Nano,0.17169,0.00000
v1_frozen,Nano,0.17204,0.00000
v1_frozen,Nano,0.17239,0.00000
v1_frozen,Nano,0.17274,0.00000
v1_frozen,Nano,0.17309,0.00000
v1_frozen,Nano,0.17344,0.00000
v1_frozen,Nano,0.17379,0.00000
v1_frozen,Nano,0.17414,0.00000
v1_frozen,Nano,0.17449,0.00000
v1_frozen,Nano,0.17484,0.00000
v1_frozen,Nano,0.17519,0.00000
v1_frozen,Nano,0.17554,0.00000
v1_frozen,Nano,0.17589,0.00000
v1_frozen,Nano,0.17624,0.00000
v1_frozen,Nano,0.17659,0.00000
v1_frozen,Nano,0.17694,0.00000
v1_frozen,Nano,0.17730,0.00000
v1_frozen,Nano,0.17765,0.00000
v1_frozen,Nano,0.17800,0.00000
v1_frozen,Nano,0.17835,0.00000
v1_frozen,Nano,0.17870,0.00000
v1_frozen,Nano,0.17905,0.00000
v1_frozen,Nano,0.17940,0.00000
v1_frozen,Nano,0.17975,0.00000
v1_frozen,Nano,0.18010,0.00000
v1_frozen,Nano,0.18045,0.00000
v1_frozen,Nano,0.18080,0.00000
v1_frozen,Nano,0.18115,0.00000
v1_frozen,Nano,0.18150,0.00000
v1_frozen,Nano,0.18185,0.00000
v1_frozen,Nano,0.18220,0.00000
v1_frozen,Nano,0.18255,0.00000
v1_frozen,Nano,0.18290,0.00000
v1_frozen,Nano,0.18325,0.00000
v1_frozen,Nano,0.18360,0.00000
v1_frozen,Nano,0.18395,0.00000
v1_frozen,Nano,0.18430,0.00000
v1_frozen,Nano,0.18465,0.00000
v1_frozen,Nano,0.18500,0.00000
v1_frozen,Nano,0.18535,0.00000
v1_frozen,Nano,0.18570,0.00000
v1_frozen,Nano,0.18605,0.00000
v1_frozen,Nano,0.18641,0.00000
v1_frozen,Nano,0.18676,0.00000
v1_frozen,Nano,0.18711,0.00000
v1_frozen,Nano,0.18746,0.00000
v1_frozen,Nano,0.18781,0.00000
v1_frozen,Nano,0.18816,0.00000
v1_frozen,Nano,0.18851,0.00000
v1_frozen,Nano,0.18886,0.00000
v1_frozen,Nano,0.18921,0.00000
v1_frozen,Nano,0.18956,0.00000
v1_frozen,Nano,0.18991,0.00000
v1_frozen,Nano,0.19026,0.00000
v1_frozen,Nano,0.19061,0.00000
v1_frozen,Nano,0.19096,0.00000
v1_frozen,Nano,0.19131,0.00000
v1_frozen,Nano,0.19166,0.00000
v1_frozen,Nano,0.19201,0.00000
v1_frozen,Nano,0.19236,0.00000
v1_frozen,Nano,0.19271,0.00000
v1_frozen,Nano,0.19306,0.00000
v1_frozen,Nano,0.19341,0.00000
v1_frozen,Nano,0.19376,0.00000
v1_frozen,Nano,0.19411,0.00000
v1_frozen,Nano,0.19446,0.00000
v1_frozen,Nano,0.19481,0.00000
v1_frozen,Nano,0.19516,0.00000
v1_frozen,Nano,0.19552,0.00000
v1_frozen,Nano,0.19587,0.00000
v1_frozen,Nano,0.19622,0.00000
v1_frozen,Nano,0.19657,0.00000
v1_frozen,Nano,0.19692,0.00000
v1_frozen,Nano,0.19727,0.00000
v1_frozen,Nano,0.19762,0.00000
v1_frozen,Nano,0.19797,0.00000
v1_frozen,Nano,0.19832,0.00000
v1_frozen,Nano,0.19867,0.00000
v1_frozen,Nano,0.19902,0.00000
v1_frozen,Nano,0.19937,0.00000
v1_frozen,Nano,0.19972,0.00000
v1_frozen,Nano,0.20007,0.00000
v1_frozen,Nano,0.20042,0.00000
v1_frozen,Nano,0.20077,0.00000
v1_frozen,Nano,0.20112,0.00000
v1_frozen,Nano,0.20147,0.00000
v1_frozen,Nano,0.20182,0.00000
v1_frozen,Nano,0.20217,0.00000
v1_frozen,Nano,0.20252,0.00000
v1_frozen,Nano,0.20287,0.00000
v1_frozen,Nano,0.20322,0.00000
v1_frozen,Nano,0.20357,0.00000
v1_frozen,Nano,0.20392,0.00000
v1_frozen,Nano,0.20427,0.00000
v1_frozen,Nano,0.20463,0.00000
v1_frozen,Nano,0.20498,0.00000
v1_frozen,Nano,0.20533,0.00000
v1_frozen,Nano,0.20568,0.00000
v1_frozen,Nano,0.20603,0.00000
v1_frozen,Nano,0.20638,0.00000
v1_frozen,Nano,0.20673,0.00000
v1_frozen,Nano,0.20708,0.00000
v1_frozen,Nano,0.20743,0.00000
v1_frozen,Nano,0.20778,0.00000
v1_frozen,Nano,0.20813,0.00000
v1_frozen,Nano,0.20848,0.00000
v1_frozen,Nano,0.20883,0.00000
v1_frozen,Nano,0.20918,0.00000
v1_frozen,Nano,0.20953,0.00000
v1_frozen,Nano,0.20988,0.00000
v1_frozen,Nano,0.21023,0.00000
v1_frozen,Nano,0.21058,0.00000
v1_frozen,Nano,0.21093,0.00000
v1_frozen,Nano,0.21128,0.00000
v1_frozen,Nano,0.21163,0.00000
v1_frozen,Nano,0.21198,0.00000
v1_frozen,Nano,0.21233,0.00000
v1_frozen,Nano,0.21268,0.00000
v1_frozen,Nano,0.21303,0.00000
v1_frozen,Nano,0.21338,0.00000
v1_frozen,Nano,0.21374,0.00000
v1_frozen,Nano,0.21409,0.00000
v1_frozen,Nano,0.21444,0.00000
v1_frozen,Nano,0.21479,0.00000
v1_frozen,Nano,0.21514,0.00000
v1_frozen,Nano,0.21549,0.00000
v1_frozen,Nano,0.21584,0.00000
v1_frozen,Nano,0.21619,0.00000
v1_frozen,Nano,0.21654,0.00000
v1_frozen,Nano,0.21689,0.00000
v1_frozen,Nano,0.21724,0.00000
v1_frozen,Nano,0.21759,0.00000
v1_frozen,Nano,0.21794,0.00000
v1_frozen,Nano,0.21829,0.00000
v1_frozen,Nano,0.21864,0.00000
v1_frozen,Nano,0.21899,0.00000
v1_frozen,Nano,0.21934,0.00000
v1_frozen,Nano,0.21969,0.00000
v1_frozen,Nano,0.22004,0.00000
v1_frozen,Nano,0.22039,0.00000
v1_frozen,Nano,0.22074,0.00000
v1_frozen,Nano,0.22109,0.00000
v1_frozen,Nano,0.22144,0.00000
v1_frozen,Nano,0.22179,0.00000
v1_frozen,Nano,0.22214,0.00000
v1_frozen,Nano,0.22249,0.00000
v1_frozen,Nano,0.22285,0.00000
v1_frozen,Nano,0.22320,0.00000
v1_frozen,Nano,0.22355,0.00000
v1_frozen,Nano,0.22390,0.00000
v1_frozen,Nano,0.22425,0.00000
v1_frozen,Nano,0.22460,0.00000
v1_frozen,Nano,0.22495,0.00000
v1_frozen,Nano,0.22530,0.00000
v1_frozen,Nano,0.22565,0.00000
v1_frozen,Nano,0.22600,0.00000
v1_frozen,Nano,0.22635,0.00000
v1_frozen,Nano,0.22670,0.00000
v1_frozen,Nano,0.22705,0.00000
v1_frozen,Nano,0.22740,0.00000
v1_frozen,Nano,0.22775,0.00000
v1_frozen,Nano,0.22810,0.00000
v1_frozen,Nano,0.22845,0.00000
v1_frozen,Nano,0.22880,0.00000
v1_frozen,Nano,0.22915,0.00000
v1_frozen,Nano,0.22950,0.00000
v1_frozen,Nano,0.22985,0.00000
v1_frozen,Nano,0.23020,0.00000
v1_frozen,Nano,0.23055,0.00000
v1_frozen,Nano,0.23090,0.00000
v1_frozen,Nano,0.23125,0.00000
v1_frozen,Nano,0.23160,0.00000
v1_frozen,Nano,0.23196,0.00000
v1_frozen,Nano,0.23231,0.00000
v1_frozen,Nano,0.23266,0.00000
v1_frozen,Nano,0.23301,0.00000
v1_frozen,Nano,0.23336,0.00000
v1_frozen,Nano,0.23371,0.00000
v1_frozen,Nano,0.23406,0.00000
v1_frozen,Nano,0.23441,0.00000
v1_frozen,Nano,0.23476,0.00000
v1_frozen,Nano,0.23511,0.00000
v1_frozen,Nano,0.23546,0.00000
v1_frozen,Nano,0.23581,0.00000
v1_frozen,Nano,0.23616,0.00000
v1_frozen,Nano,0.23651,0.00000
v1_frozen,Nano,0.23686,0.00000
v1_frozen,Nano,0.23721,0.00000
v1_frozen,Nano,0.23756,0.00000
v1_frozen,Nano,0.23791,0.00000
v1_frozen,Nano,0.23826,0.00000
v1_frozen,Nano,0.23861,0.00000
v1_frozen,Nano,0.23896,0.00000
v1_frozen,Nano,0.23931,0.00000
v1_frozen,Nano,0.23966,0.00000
v1_frozen,Nano,0.24001,0.00000
v1_frozen,Nano,0.24036,0.00000
v1_frozen,Nano,0.24071,0.00000
v1_frozen,Nano,0.24107,0.00000
v1_frozen,Nano,0.24142,0.00000
v1_frozen,Nano,0.24177,0.00000
v1_frozen,Nano,0.24212,0.00000
v1_frozen,Nano,0.24247,0.00000
v1_frozen,Nano,0.24282,0.00000
v1_frozen,Nano,0.24317,0.00000
v1_frozen,Nano,0.24352,0.00000
v1_frozen,Nano,0.24387,0.00000
v1_frozen,Nano,0.24422,0.00000
v1_frozen,Nano,0.24457,0.00000
v1_frozen,Nano,0.24492,0.00000
v1_frozen,Nano,0.24527,0.00000
v1_frozen,Nano,0.24562,0.00000
v1_frozen,Nano,0.24597,0.00000
v1_frozen,Nano,0.24632,0.00000
v1_frozen,Nano,0.24667,0.00000
v1_frozen,Nano,0.24702,0.00000
v1_frozen,Nano,0.24737,0.00000
v1_frozen,Nano,0.24772,0.00000
v1_frozen,Nano,0.24807,0.00000
v1_frozen,Nano,0.24842,0.00000
v1_frozen,Nano,0.24877,0.00000
v1_frozen,Nano,0.24912,0.00000
v1_frozen,Nano,0.24947,0.00000
v1_frozen,Nano,0.24982,0.00000
v1_frozen,Nano,0.25018,0.00000
v1_frozen,Nano,0.25053,0.00000
v1_frozen,Nano,0.25088,0.00000
v1_frozen,Nano,0.25123,0.00000
v1_frozen,Nano,0.25158,0.00000
v1_frozen,Nano,0.25193,0.00000
v1_frozen,Nano,0.25228,0.00000
v1_frozen,Nano,0.25263,0.00000
v1_frozen,Nano,0.25298,0.00000
v1_frozen,Nano,0.25333,0.00000
v1_frozen,Nano,0.25368,0.00000
v1_frozen,Nano,0.25403,0.00000
v1_frozen,Nano,0.25438,0.00000
v1_frozen,Nano,0.25473,0.00000
v1_frozen,Nano,0.25508,0.00000
v1_frozen,Nano,0.25543,0.00000
v1_frozen,Nano,0.25578,0.00000
v1_frozen,Nano,0.25613,0.00000
v1_frozen,Nano,0.25648,0.00000
v1_frozen,Nano,0.25683,0.00000
v1_frozen,Nano,0.25718,0.00136
v1_frozen,Nano,0.25753,0.00136
v1_frozen,Nano,0.25788,0.00136
v1_frozen,Nano,0.25823,0.00136
v1_frozen,Nano,0.25858,0.00136
v1_frozen,Nano,0.25893,0.00135
v1_frozen,Nano,0.25929,0.00135
v1_frozen,Nano,0.25964,0.00135
v1_frozen,Nano,0.25999,0.00135
v1_frozen,Nano,0.26034,0.00135
v1_frozen,Nano,0.26069,0.00134
v1_frozen,Nano,0.26104,0.00134
v1_frozen,Nano,0.26139,0.00134
v1_frozen,Nano,0.26174,0.00134
v1_frozen,Nano,0.26209,0.00134
v1_frozen,Nano,0.26244,0.00134
v1_frozen,Nano,0.26279,0.00133
v1_frozen,Nano,0.26314,0.00133
v1_frozen,Nano,0.26349,0.00133
v1_frozen,Nano,0.26384,0.00133
v1_frozen,Nano,0.26419,0.00133
v1_frozen,Nano,0.26454,0.00132
v1_frozen,Nano,0.26489,0.00132
v1_frozen,Nano,0.26524,0.00132
v1_frozen,Nano,0.26559,0.00132
v1_frozen,Nano,0.26594,0.00132
v1_frozen,Nano,0.26629,0.00132
v1_frozen,Nano,0.26664,0.00131
v1_frozen,Nano,0.26699,0.00131
v1_frozen,Nano,0.26734,0.00131
v1_frozen,Nano,0.26769,0.00131
v1_frozen,Nano,0.26804,0.00131
v1_frozen,Nano,0.26840,0.00131
v1_frozen,Nano,0.26875,0.00130
v1_frozen,Nano,0.26910,0.00130
v1_frozen,Nano,0.26945,0.00130
v1_frozen,Nano,0.26980,0.00130
v1_frozen,Nano,0.27015,0.00130
v1_frozen,Nano,0.27050,0.00130
v1_frozen,Nano,0.27085,0.00129
v1_frozen,Nano,0.27120,0.00129
v1_frozen,Nano,0.27155,0.00129
v1_frozen,Nano,0.27190,0.00129
v1_frozen,Nano,0.27225,0.00129
v1_frozen,Nano,0.27260,0.00129
v1_frozen,Nano,0.27295,0.00128
v1_frozen,Nano,0.27330,0.00128
v1_frozen,Nano,0.27365,0.00128
v1_frozen,Nano,0.27400,0.00128
v1_frozen,Nano,0.27435,0.00128
v1_frozen,Nano,0.27470,0.00128
v1_frozen,Nano,0.27505,0.00127
v1_frozen,Nano,0.27540,0.00127
v1_frozen,Nano,0.27575,0.00127
v1_frozen,Nano,0.27610,0.00127
v1_frozen,Nano,0.27645,0.00127
v1_frozen,Nano,0.27680,0.00127
v1_frozen,Nano,0.27715,0.00126
v1_frozen,Nano,0.27751,0.00126
v1_frozen,Nano,0.27786,0.00126
v1_frozen,Nano,0.27821,0.00126
v1_frozen,Nano,0.27856,0.00126
v1_frozen,Nano,0.27891,0.00126
v1_frozen,Nano,0.27926,0.00125
v1_frozen,Nano,0.27961,0.00125
v1_frozen,Nano,0.27996,0.00125
v1_frozen,Nano,0.28031,0.00125
v1_frozen,Nano,0.28066,0.00125
v1_frozen,Nano,0.28101,0.00125
v1_frozen,Nano,0.28136,0.00125
v1_frozen,Nano,0.28171,0.00124
v1_frozen,Nano,0.28206,0.00124
v1_frozen,Nano,0.28241,0.00124
v1_frozen,Nano,0.28276,0.00124
v1_frozen,Nano,0.28311,0.00124
v1_frozen,Nano,0.28346,0.00124
v1_frozen,Nano,0.28381,0.00123
v1_frozen,Nano,0.28416,0.00123
v1_frozen,Nano,0.28451,0.00123
v1_frozen,Nano,0.28486,0.00123
v1_frozen,Nano,0.28521,0.00123
v1_frozen,Nano,0.28556,0.00123
v1_frozen,Nano,0.28591,0.00123
v1_frozen,Nano,0.28626,0.00122
v1_frozen,Nano,0.28662,0.00122
v1_frozen,Nano,0.28697,0.00122
v1_frozen,Nano,0.28732,0.00122
v1_frozen,Nano,0.28767,0.00122
v1_frozen,Nano,0.28802,0.00122
v1_frozen,Nano,0.28837,0.00122
v1_frozen,Nano,0.28872,0.00121
v1_frozen,Nano,0.28907,0.00121
v1_frozen,Nano,0.28942,0.00121
v1_frozen,Nano,0.28977,0.00121
v1_frozen,Nano,0.29012,0.00121
v1_frozen,Nano,0.29047,0.00121
v1_frozen,Nano,0.29082,0.00120
v1_frozen,Nano,0.29117,0.00120
v1_frozen,Nano,0.29152,0.00120
v1_frozen,Nano,0.29187,0.00120
v1_frozen,Nano,0.29222,0.00120
v1_frozen,Nano,0.29257,0.00120
v1_frozen,Nano,0.29292,0.00120
v1_frozen,Nano,0.29327,0.00119
v1_frozen,Nano,0.29362,0.00119
v1_frozen,Nano,0.29397,0.00119
v1_frozen,Nano,0.29432,0.00119
v1_frozen,Nano,0.29467,0.00119
v1_frozen,Nano,0.29502,0.00119
v1_frozen,Nano,0.29537,0.00119
v1_frozen,Nano,0.29573,0.00118
v1_frozen,Nano,0.29608,0.00118
v1_frozen,Nano,0.29643,0.00118
v1_frozen,Nano,0.29678,0.00118
v1_frozen,Nano,0.29713,0.00118
v1_frozen,Nano,0.29748,0.00118
v1_frozen,Nano,0.29783,0.00118
v1_frozen,Nano,0.29818,0.00118
v1_frozen,Nano,0.29853,0.00117
v1_frozen,Nano,0.29888,0.00117
v1_frozen,Nano,0.29923,0.00117
v1_frozen,Nano,0.29958,0.00117
v1_frozen,Nano,0.29993,0.00117
v1_frozen,Nano,0.30028,0.00117
v1_frozen,Nano,0.30063,0.00117
v1_frozen,Nano,0.30098,0.00116
v1_frozen,Nano,0.30133,0.00116
v1_frozen,Nano,0.30168,0.00116
v1_frozen,Nano,0.30203,0.00116
v1_frozen,Nano,0.30238,0.00116
v1_frozen,Nano,0.30273,0.00116
v1_frozen,Nano,0.30308,0.00116
v1_frozen,Nano,0.30343,0.00115
v1_frozen,Nano,0.30378,0.00115
v1_frozen,Nano,0.30413,0.00115
v1_frozen,Nano,0.30448,0.00115
v1_frozen,Nano,0.30484,0.00115
v1_frozen,Nano,0.30519,0.00115
v1_frozen,Nano,0.30554,0.00115
v1_frozen,Nano,0.30589,0.00115
v1_frozen,Nano,0.30624,0.00114
v1_frozen,Nano,0.30659,0.00114
v1_frozen,Nano,0.30694,0.00114
v1_frozen,Nano,0.30729,0.00114
v1_frozen,Nano,0.30764,0.00114
v1_frozen,Nano,0.30799,0.00114
v1_frozen,Nano,0.30834,0.00114
v1_frozen,Nano,0.30869,0.00114
v1_frozen,Nano,0.30904,0.00113
v1_frozen,Nano,0.30939,0.00113
v1_frozen,Nano,0.30974,0.00113
v1_frozen,Nano,0.31009,0.00113
v1_frozen,Nano,0.31044,0.00113
v1_frozen,Nano,0.31079,0.00113
v1_frozen,Nano,0.31114,0.00113
v1_frozen,Nano,0.31149,0.00112
v1_frozen,Nano,0.31184,0.00112
v1_frozen,Nano,0.31219,0.00112
v1_frozen,Nano,0.31254,0.00112
v1_frozen,Nano,0.31289,0.00112
v1_frozen,Nano,0.31324,0.00112
v1_frozen,Nano,0.31359,0.00112
v1_frozen,Nano,0.31395,0.00112
v1_frozen,Nano,0.31430,0.00111
v1_frozen,Nano,0.31465,0.00111
v1_frozen,Nano,0.31500,0.00111
v1_frozen,Nano,0.31535,0.00111
v1_frozen,Nano,0.31570,0.00111
v1_frozen,Nano,0.31605,0.00111
v1_frozen,Nano,0.31640,0.00111
v1_frozen,Nano,0.31675,0.00111
v1_frozen,Nano,0.31710,0.00110
v1_frozen,Nano,0.31745,0.00110
v1_frozen,Nano,0.31780,0.00110
v1_frozen,Nano,0.31815,0.00110
v1_frozen,Nano,0.31850,0.00110
v1_frozen,Nano,0.31885,0.00110
v1_frozen,Nano,0.31920,0.00110
v1_frozen,Nano,0.31955,0.00110
v1_frozen,Nano,0.31990,0.00110
v1_frozen,Nano,0.32025,0.00109
v1_frozen,Nano,0.32060,0.00109
v1_frozen,Nano,0.32095,0.00109
v1_frozen,Nano,0.32130,0.00109
v1_frozen,Nano,0.32165,0.00109
v1_frozen,Nano,0.32200,0.00109
v1_frozen,Nano,0.32235,0.00109
v1_frozen,Nano,0.32270,0.00109
v1_frozen,Nano,0.32306,0.00108
v1_frozen,Nano,0.32341,0.00108
v1_frozen,Nano,0.32376,0.00108
v1_frozen,Nano,0.32411,0.00108
v1_frozen,Nano,0.32446,0.00108
v1_frozen,Nano,0.32481,0.00108
v1_frozen,Nano,0.32516,0.00108
v1_frozen,Nano,0.32551,0.00108
v1_frozen,Nano,0.32586,0.00108
v1_frozen,Nano,0.32621,0.00107
v1_frozen,Nano,0.32656,0.00107
v1_frozen,Nano,0.32691,0.00107
v1_frozen,Nano,0.32726,0.00107
v1_frozen,Nano,0.32761,0.00107
v1_frozen,Nano,0.32796,0.00107
v1_frozen,Nano,0.32831,0.00107
v1_frozen,Nano,0.32866,0.00107
v1_frozen,Nano,0.32901,0.00106
v1_frozen,Nano,0.32936,0.00106
v1_frozen,Nano,0.32971,0.00106
v1_frozen,Nano,0.33006,0.00106
v1_frozen,Nano,0.33041,0.00106
v1_frozen,Nano,0.33076,0.00106
v1_frozen,Nano,0.33111,0.00106
v1_frozen,Nano,0.33146,0.00106
v1_frozen,Nano,0.33181,0.00106
v1_frozen,Nano,0.33217,0.00105
v1_frozen,Nano,0.33252,0.00105
v1_frozen,Nano,0.33287,0.00105
v1_frozen,Nano,0.33322,0.00105
v1_frozen,Nano,0.33357,0.00105
v1_frozen,Nano,0.33392,0.00105
v1_frozen,Nano,0.33427,0.00105
v1_frozen,Nano,0.33462,0.00105
v1_frozen,Nano,0.33497,0.00105
v1_frozen,Nano,0.33532,0.00104
v1_frozen,Nano,0.33567,0.00104
v1_frozen,Nano,0.33602,0.00104
v1_frozen,Nano,0.33637,0.00104
v1_frozen,Nano,0.33672,0.00104
v1_frozen,Nano,0.33707,0.00104
v1_frozen,Nano,0.33742,0.00104
v1_frozen,Nano,0.33777,0.00104
v1_frozen,Nano,0.33812,0.00104
v1_frozen,Nano,0.33847,0.00104
v1_frozen,Nano,0.33882,0.00103
v1_frozen,Nano,0.33917,0.00103
v1_frozen,Nano,0.33952,0.00103
v1_frozen,Nano,0.33987,0.00103
v1_frozen,Nano,0.34022,0.00103
v1_frozen,Nano,0.34057,0.00103
v1_frozen,Nano,0.34093,0.00103
v1_frozen,Nano,0.34128,0.00103
v1_frozen,Nano,0.34163,0.00103
v1_frozen,Nano,0.34198,0.00102
v1_frozen,Nano,0.34233,0.00102
v1_frozen,Nano,0.34268,0.00102
v1_frozen,Nano,0.34303,0.00102
v1_frozen,Nano,0.34338,0.00102
v1_frozen,Nano,0.34373,0.00102
v1_frozen,Nano,0.34408,0.00102
v1_frozen,Nano,0.34443,0.00102
v1_frozen,Nano,0.34478,0.00102
v1_frozen,Nano,0.34513,0.00102
v1_frozen,Nano,0.34548,0.00101
v1_frozen,Nano,0.34583,0.00101
v1_frozen,Nano,0.34618,0.00101
v1_frozen,Nano,0.34653,0.00101
v1_frozen,Nano,0.34688,0.00101
v1_frozen,Nano,0.34723,0.00101
v1_frozen,Nano,0.34758,0.00101
v1_frozen,Nano,0.34793,0.00101
v1_frozen,Nano,0.34828,0.00101
v1_frozen,Nano,0.34863,0.00101
v1_frozen,Nano,0.34898,0.00100
v1_frozen,Nano,0.34933,0.00100
v1_frozen,Nano,0.34968,0.00100
v1_frozen,Nano,0.35004,0.00100
v1_frozen,Nano,0.35039,0.00100
v1_frozen,Nano,0.35074,0.00100
v1_frozen,Nano,0.35109,0.00100
v1_frozen,Nano,0.35144,0.00100
v1_frozen,Nano,0.35179,0.00100
v1_frozen,Nano,0.35214,0.00100
v1_frozen,Nano,0.35249,0.00099
v1_frozen,Nano,0.35284,0.00099
v1_frozen,Nano,0.35319,0.00099
v1_frozen,Nano,0.35354,0.00099
v1_frozen,Nano,0.35389,0.00099
v1_frozen,Nano,0.35424,0.00099
v1_frozen,Nano,0.35459,0.00099
v1_frozen,Nano,0.35494,0.00099
v1_frozen,Nano,0.35529,0.00099
v1_frozen,Nano,0.35564,0.00099
v1_frozen,Nano,0.35599,0.00098
v1_frozen,Nano,0.35634,0.00098
v1_frozen,Nano,0.35669,0.00098
v1_frozen,Nano,0.35704,0.00098
v1_frozen,Nano,0.35739,0.00098
v1_frozen,Nano,0.35774,0.00098
v1_frozen,Nano,0.35809,0.00098
v1_frozen,Nano,0.35844,0.00098
v1_frozen,Nano,0.35879,0.00098
v1_frozen,Nano,0.35915,0.00098
v1_frozen,Nano,0.35950,0.00097
v1_frozen,Nano,0.35985,0.00097
v1_frozen,Nano,0.36020,0.00097
v1_frozen,Nano,0.36055,0.00097
v1_frozen,Nano,0.36090,0.00097
v1_frozen,Nano,0.36125,0.00097
v1_frozen,Nano,0.36160,0.00097
v1_frozen,Nano,0.36195,0.00097
v1_frozen,Nano,0.36230,0.00097
v1_frozen,Nano,0.36265,0.00097
v1_frozen,Nano,0.36300,0.00097
v1_frozen,Nano,0.36335,0.00096
v1_frozen,Nano,0.36370,0.00096
v1_frozen,Nano,0.36405,0.00096
v1_frozen,Nano,0.36440,0.00096
v1_frozen,Nano,0.36475,0.00096
v1_frozen,Nano,0.36510,0.00096
v1_frozen,Nano,0.36545,0.00096
v1_frozen,Nano,0.36580,0.00096
v1_frozen,Nano,0.36615,0.00096
v1_frozen,Nano,0.36650,0.00096
v1_frozen,Nano,0.36685,0.00096
v1_frozen,Nano,0.36720,0.00095
v1_frozen,Nano,0.36755,0.00095
v1_frozen,Nano,0.36790,0.00095
v1_frozen,Nano,0.36826,0.00095
v1_frozen,Nano,0.36861,0.00095
v1_frozen,Nano,0.36896,0.00095
v1_frozen,Nano,0.36931,0.00095
v1_frozen,Nano,0.36966,0.00095
v1_frozen,Nano,0.37001,0.00095
v1_frozen,Nano,0.37036,0.00095
v1_frozen,Nano,0.37071,0.00095
v1_frozen,Nano,0.37106,0.00094
v1_frozen,Nano,0.37141,0.00094
v1_frozen,Nano,0.37176,0.00094
v1_frozen,Nano,0.37211,0.00094
v1_frozen,Nano,0.37246,0.00094
v1_frozen,Nano,0.37281,0.00094
v1_frozen,Nano,0.37316,0.00094
v1_frozen,Nano,0.37351,0.00094
v1_frozen,Nano,0.37386,0.00094
v1_frozen,Nano,0.37421,0.00094
v1_frozen,Nano,0.37456,0.00094
v1_frozen,Nano,0.37491,0.00093
v1_frozen,Nano,0.37526,0.00093
v1_frozen,Nano,0.37561,0.00093
v1_frozen,Nano,0.37596,0.00093
v1_frozen,Nano,0.37631,0.00093
v1_frozen,Nano,0.37666,0.00093
v1_frozen,Nano,0.37701,0.00093
v1_frozen,Nano,0.37737,0.00093
v1_frozen,Nano,0.37772,0.00093
v1_frozen,Nano,0.37807,0.00093
v1_frozen,Nano,0.37842,0.00093
v1_frozen,Nano,0.37877,0.00093
v1_frozen,Nano,0.37912,0.00092
v1_frozen,Nano,0.37947,0.00092
v1_frozen,Nano,0.37982,0.00092
v1_frozen,Nano,0.38017,0.00092
v1_frozen,Nano,0.38052,0.00092
v1_frozen,Nano,0.38087,0.00092
v1_frozen,Nano,0.38122,0.00092
v1_frozen,Nano,0.38157,0.00092
v1_frozen,Nano,0.38192,0.00092
v1_frozen,Nano,0.38227,0.00092
v1_frozen,Nano,0.38262,0.00092
v1_frozen,Nano,0.38297,0.00091
v1_frozen,Nano,0.38332,0.00091
v1_frozen,Nano,0.38367,0.00091
v1_frozen,Nano,0.38402,0.00091
v1_frozen,Nano,0.38437,0.00091
v1_frozen,Nano,0.38472,0.00091
v1_frozen,Nano,0.38507,0.00091
v1_frozen,Nano,0.38542,0.00091
v1_frozen,Nano,0.38577,0.00091
v1_frozen,Nano,0.38612,0.00091
v1_frozen,Nano,0.38648,0.00091
v1_frozen,Nano,0.38683,0.00091
v1_frozen,Nano,0.38718,0.00090
v1_frozen,Nano,0.38753,0.00090
v1_frozen,Nano,0.38788,0.00090
v1_frozen,Nano,0.38823,0.00090
v1_frozen,Nano,0.38858,0.00090
v1_frozen,Nano,0.38893,0.00090
v1_frozen,Nano,0.38928,0.00090
v1_frozen,Nano,0.38963,0.00090
v1_frozen,Nano,0.38998,0.00090
v1_frozen,Nano,0.39033,0.00090
v1_frozen,Nano,0.39068,0.00090
v1_frozen,Nano,0.39103,0.00090
v1_frozen,Nano,0.39138,0.00090
v1_frozen,Nano,0.39173,0.00089
v1_frozen,Nano,0.39208,0.00089
v1_frozen,Nano,0.39243,0.00089
v1_frozen,Nano,0.39278,0.00089
v1_frozen,Nano,0.39313,0.00089
v1_frozen,Nano,0.39348,0.00089
v1_frozen,Nano,0.39383,0.00089
v1_frozen,Nano,0.39418,0.00089
v1_frozen,Nano,0.39453,0.00089
v1_frozen,Nano,0.39488,0.00089
v1_frozen,Nano,0.39523,0.00089
v1_frozen,Nano,0.39559,0.00089
v1_frozen,Nano,0.39594,0.00088
v1_frozen,Nano,0.39629,0.00088
v1_frozen,Nano,0.39664,0.00088
v1_frozen,Nano,0.39699,0.00088
v1_frozen,Nano,0.39734,0.00088
v1_frozen,Nano,0.39769,0.00088
v1_frozen,Nano,0.39804,0.00088
v1_frozen,Nano,0.39839,0.00088
v1_frozen,Nano,0.39874,0.00088
v1_frozen,Nano,0.39909,0.00088
v1_frozen,Nano,0.39944,0.00088
v1_frozen,Nano,0.39979,0.00088
v1_frozen,Nano,0.40014,0.00088
v1_frozen,Nano,0.40049,0.00087
v1_frozen,Nano,0.40084,0.00087
v1_frozen,Nano,0.40119,0.00087
v1_frozen,Nano,0.40154,0.00087
v1_frozen,Nano,0.40189,0.00087
v1_frozen,Nano,0.40224,0.00087
v1_frozen,Nano,0.40259,0.00087
v1_frozen,Nano,0.40294,0.00087
v1_frozen,Nano,0.40329,0.00087
v1_frozen,Nano,0.40364,0.00087
v1_frozen,Nano,0.40399,0.00087
v1_frozen,Nano,0.40434,0.00087
v1_frozen,Nano,0.40470,0.00087
v1_frozen,Nano,0.40505,0.00087
v1_frozen,Nano,0.40540,0.00086
v1_frozen,Nano,0.40575,0.00086
v1_frozen,Nano,0.40610,0.00086
v1_frozen,Nano,0.40645,0.00086
v1_frozen,Nano,0.40680,0.00086
v1_frozen,Nano,0.40715,0.00086
v1_frozen,Nano,0.40750,0.00086
v1_frozen,Nano,0.40785,0.00086
v1_frozen,Nano,0.40820,0.00086
v1_frozen,Nano,0.40855,0.00086
v1_frozen,Nano,0.40890,0.00086
v1_frozen,Nano,0.40925,0.00086
v1_frozen,Nano,0.40960,0.00086
v1_frozen,Nano,0.40995,0.00085
v1_frozen,Nano,0.41030,0.00085
v1_frozen,Nano,0.41065,0.00085
v1_frozen,Nano,0.41100,0.00085
v1_frozen,Nano,0.41135,0.00085
v1_frozen,Nano,0.41170,0.00085
v1_frozen,Nano,0.41205,0.00085
v1_frozen,Nano,0.41240,0.00085
v1_frozen,Nano,0.41275,0.00085
v1_frozen,Nano,0.41310,0.00085
v1_frozen,Nano,0.41345,0.00085
v1_frozen,Nano,0.41381,0.00085
v1_frozen,Nano,0.41416,0.00085
v1_frozen,Nano,0.41451,0.00085
v1_frozen,Nano,0.41486,0.00084
v1_frozen,Nano,0.41521,0.00084
v1_frozen,Nano,0.41556,0.00084
v1_frozen,Nano,0.41591,0.00084
v1_frozen,Nano,0.41626,0.00084
v1_frozen,Nano,0.41661,0.00084
v1_frozen,Nano,0.41696,0.00084
v1_frozen,Nano,0.41731,0.00084
v1_frozen,Nano,0.41766,0.00084
v1_frozen,Nano,0.41801,0.00084
v1_frozen,Nano,0.41836,0.00084
v1_frozen,Nano,0.41871,0.00084
v1_frozen,Nano,0.41906,0.00084
v1_frozen,Nano,0.41941,0.00084
v1_frozen,Nano,0.41976,0.00083
v1_frozen,Nano,0.42011,0.00083
v1_frozen,Nano,0.42046,0.00083
v1_frozen,Nano,0.42081,0.00083
v1_frozen,Nano,0.42116,0.00083
v1_frozen,Nano,0.42151,0.00083
v1_frozen,Nano,0.42186,0.00083
v1_frozen,Nano,0.42221,0.00083
v1_frozen,Nano,0.42256,0.00083
v1_frozen,Nano,0.42292,0.00083
v1_frozen,Nano,0.42327,0.00083
v1_frozen,Nano,0.42362,0.00083
v1_frozen,Nano,0.42397,0.00083
v1_frozen,Nano,0.42432,0.00083
v1_frozen,Nano,0.42467,0.00083
v1_frozen,Nano,0.42502,0.00082
v1_frozen,Nano,0.42537,0.00082
v1_frozen,Nano,0.42572,0.00082
v1_frozen,Nano,0.42607,0.00082
v1_frozen,Nano,0.42642,0.00082
v1_frozen,Nano,0.42677,0.00082
v1_frozen,Nano,0.42712,0.00082
v1_frozen,Nano,0.42747,0.00082
v1_frozen,Nano,0.42782,0.00082
v1_frozen,Nano,0.42817,0.00082
v1_frozen,Nano,0.42852,0.00082
v1_frozen,Nano,0.42887,0.00082
v1_frozen,Nano,0.42922,0.00082
v1_frozen,Nano,0.42957,0.00082
v1_frozen,Nano,0.42992,0.00081
v1_frozen,Nano,0.43027,0.00081
v1_frozen,Nano,0.43062,0.00081
v1_frozen,Nano,0.43097,0.00081
v1_frozen,Nano,0.43132,0.00081
v1_frozen,Nano,0.43167,0.00081
v1_frozen,Nano,0.43203,0.00081
v1_frozen,Nano,0.43238,0.00081
v1_frozen,Nano,0.43273,0.00081
v1_frozen,Nano,0.43308,0.00081
v1_frozen,Nano,0.43343,0.00081
v1_frozen,Nano,0.43378,0.00081
v1_frozen,Nano,0.43413,0.00081
v1_frozen,Nano,0.43448,0.00081
v1_frozen,Nano,0.43483,0.00081
v1_frozen,Nano,0.43518,0.00081
v1_frozen,Nano,0.43553,0.00080
v1_frozen,Nano,0.43588,0.00080
v1_frozen,Nano,0.43623,0.00080
v1_frozen,Nano,0.43658,0.00080
v1_frozen,Nano,0.43693,0.00080
v1_frozen,Nano,0.43728,0.00080
v1_frozen,Nano,0.43763,0.00080
v1_frozen,Nano,0.43798,0.00080
v1_frozen,Nano,0.43833,0.00080
v1_frozen,Nano,0.43868,0.00080
v1_frozen,Nano,0.43903,0.00080
v1_frozen,Nano,0.43938,0.00080
v1_frozen,Nano,0.43973,0.00080
v1_frozen,Nano,0.44008,0.00080
v1_frozen,Nano,0.44043,0.00080
v1_frozen,Nano,0.44078,0.00079
v1_frozen,Nano,0.44114,0.00079
v1_frozen,Nano,0.44149,0.00079
v1_frozen,Nano,0.44184,0.00079
v1_frozen,Nano,0.44219,0.00079
v1_frozen,Nano,0.44254,0.00079
v1_frozen,Nano,0.44289,0.00079
v1_frozen,Nano,0.44324,0.00079
v1_frozen,Nano,0.44359,0.00079
v1_frozen,Nano,0.44394,0.00079
v1_frozen,Nano,0.44429,0.00079
v1_frozen,Nano,0.44464,0.00079
v1_frozen,Nano,0.44499,0.00079
v1_frozen,Nano,0.44534,0.00079
v1_frozen,Nano,0.44569,0.00079
v1_frozen,Nano,0.44604,0.00079
v1_frozen,Nano,0.44639,0.00078
v1_frozen,Nano,0.44674,0.00078
v1_frozen,Nano,0.44709,0.00078
v1_frozen,Nano,0.44744,0.00078
v1_frozen,Nano,0.44779,0.00078
v1_frozen,Nano,0.44814,0.00078
v1_frozen,Nano,0.44849,0.00078
v1_frozen,Nano,0.44884,0.00078
v1_frozen,Nano,0.44919,0.00078
v1_frozen,Nano,0.44954,0.00078
v1_frozen,Nano,0.44989,0.00078
v1_frozen,Nano,0.45025,0.00078
v1_frozen,Nano,0.45060,0.00078
v1_frozen,Nano,0.45095,0.00078
v1_frozen,Nano,0.45130,0.00078
v1_frozen,Nano,0.45165,0.00078
v1_frozen,Nano,0.45200,0.00078
v1_frozen,Nano,0.45235,0.00077
v1_frozen,Nano,0.45270,0.00077
v1_frozen,Nano,0.45305,0.00077
v1_frozen,Nano,0.45340,0.00077
v1_frozen,Nano,0.45375,0.00077
v1_frozen,Nano,0.45410,0.00077
v1_frozen,Nano,0.45445,0.00077
v1_frozen,Nano,0.45480,0.00077
v1_frozen,Nano,0.45515,0.00077
v1_frozen,Nano,0.45550,0.00077
v1_frozen,Nano,0.45585,0.00077
v1_frozen,Nano,0.45620,0.00077
v1_frozen,Nano,0.45655,0.00077
v1_frozen,Nano,0.45690,0.00077
v1_frozen,Nano,0.45725,0.00077
v1_frozen,Nano,0.45760,0.00077
v1_frozen,Nano,0.45795,0.00077
v1_frozen,Nano,0.45830,0.00076
v1_frozen,Nano,0.45865,0.00076
v1_frozen,Nano,0.45900,0.00076
v1_frozen,Nano,0.45936,0.00076
v1_frozen,Nano,0.45971,0.00076
v1_frozen,Nano,0.46006,0.00076
v1_frozen,Nano,0.46041,0.00076
v1_frozen,Nano,0.46076,0.00076
v1_frozen,Nano,0.46111,0.00076
v1_frozen,Nano,0.46146,0.00076
v1_frozen,Nano,0.46181,0.00076
v1_frozen,Nano,0.46216,0.00076
v1_frozen,Nano,0.46251,0.00076
v1_frozen,Nano,0.46286,0.00076
v1_frozen,Nano,0.46321,0.00076
v1_frozen,Nano,0.46356,0.00076
v1_frozen,Nano,0.46391,0.00076
v1_frozen,Nano,0.46426,0.00075
v1_frozen,Nano,0.46461,0.00075
v1_frozen,Nano,0.46496,0.00075
v1_frozen,Nano,0.46531,0.00075
v1_frozen,Nano,0.46566,0.00075
v1_frozen,Nano,0.46601,0.00075
v1_frozen,Nano,0.46636,0.00075
v1_frozen,Nano,0.46671,0.00075
v1_frozen,Nano,0.46706,0.00075
v1_frozen,Nano,0.46741,0.00075
v1_frozen,Nano,0.46776,0.00075
v1_frozen,Nano,0.46811,0.00075
v1_frozen,Nano,0.46847,0.00075
v1_frozen,Nano,0.46882,0.00075
v1_frozen,Nano,0.46917,0.00075
v1_frozen,Nano,0.46952,0.00075
v1_frozen,Nano,0.46987,0.00075
v1_frozen,Nano,0.47022,0.00075
v1_frozen,Nano,0.47057,0.00074
v1_frozen,Nano,0.47092,0.00074
v1_frozen,Nano,0.47127,0.00074
v1_frozen,Nano,0.47162,0.00074
v1_frozen,Nano,0.47197,0.00074
v1_frozen,Nano,0.47232,0.00074
v1_frozen,Nano,0.47267,0.00074
v1_frozen,Nano,0.47302,0.00074
v1_frozen,Nano,0.47337,0.00074
v1_frozen,Nano,0.47372,0.00074
v1_frozen,Nano,0.47407,0.00074
v1_frozen,Nano,0.47442,0.00074
v1_frozen,Nano,0.47477,0.00074
v1_frozen,Nano,0.47512,0.00074
v1_frozen,Nano,0.47547,0.00074
v1_frozen,Nano,0.47582,0.00074
v1_frozen,Nano,0.47617,0.00074
v1_frozen,Nano,0.47652,0.00074
v1_frozen,Nano,0.47687,0.00073
v1_frozen,Nano,0.47722,0.00073
v1_frozen,Nano,0.47758,0.00073
v1_frozen,Nano,0.47793,0.00073
v1_frozen,Nano,0.47828,0.00073
v1_frozen,Nano,0.47863,0.00073
v1_frozen,Nano,0.47898,0.00073
v1_frozen,Nano,0.47933,0.00073
v1_frozen,Nano,0.47968,0.00073
v1_frozen,Nano,0.48003,0.00073
v1_frozen,Nano,0.48038,0.00073
v1_frozen,Nano,0.48073,0.00073
v1_frozen,Nano,0.48108,0.00073
v1_frozen,Nano,0.48143,0.00073
v1_frozen,Nano,0.48178,0.00073
v1_frozen,Nano,0.48213,0.00073
v1_frozen,Nano,0.48248,0.00073
v1_frozen,Nano,0.48283,0.00073
v1_frozen,Nano,0.48318,0.00073
v1_frozen,Nano,0.48353,0.00072
v1_frozen,Nano,0.48388,0.00072
v1_frozen,Nano,0.48423,0.00072
v1_frozen,Nano,0.48458,0.00072
v1_frozen,Nano,0.48493,0.00072
v1_frozen,Nano,0.48528,0.00072
v1_frozen,Nano,0.48563,0.00072
v1_frozen,Nano,0.48598,0.00072
v1_frozen,Nano,0.48633,0.00072
v1_frozen,Nano,0.48669,0.00072
v1_frozen,Nano,0.48704,0.00072
v1_frozen,Nano,0.48739,0.00072
v1_frozen,Nano,0.48774,0.00072
v1_frozen,Nano,0.48809,0.00072
v1_frozen,Nano,0.48844,0.00072
v1_frozen,Nano,0.48879,0.00072
v1_frozen,Nano,0.48914,0.00072
v1_frozen,Nano,0.48949,0.00072
v1_frozen,Nano,0.48984,0.00072
v1_frozen,Nano,0.49019,0.00071
v1_frozen,Nano,0.49054,0.00071
v1_frozen,Nano,0.49089,0.00071
v1_frozen,Nano,0.49124,0.00071
v1_frozen,Nano,0.49159,0.00071
v1_frozen,Nano,0.49194,0.00071
v1_frozen,Nano,0.49229,0.00071
v1_frozen,Nano,0.49264,0.00071
v1_frozen,Nano,0.49299,0.00071
v1_frozen,Nano,0.49334,0.00071
v1_frozen,Nano,0.49369,0.00071
v1_frozen,Nano,0.49404,0.00071
v1_frozen,Nano,0.49439,0.00071
v1_frozen,Nano,0.49474,0.00071
v1_frozen,Nano,0.49509,0.00071
v1_frozen,Nano,0.49544,0.00071
v1_frozen,Nano,0.49580,0.00071
v1_frozen,Nano,0.49615,0.00071
v1_frozen,Nano,0.49650,0.00071
v1_frozen,Nano,0.49685,0.00071
v1_frozen,Nano,0.49720,0.00070
v1_frozen,Nano,0.49755,0.00070
v1_frozen,Nano,0.49790,0.00070
v1_frozen,Nano,0.49825,0.00070
v1_frozen,Nano,0.49860,0.00070
v1_frozen,Nano,0.49895,0.00070
v1_frozen,Nano,0.49930,0.00070
v1_frozen,Nano,0.49965,0.00070
v1_frozen,Nano,0.50000,0.00070
v1_frozen,Nano,0.50035,0.00070
v1_frozen,Nano,0.50070,0.00070
v1_frozen,Nano,0.50105,0.00070
v1_frozen,Nano,0.50140,0.00070
v1_frozen,Nano,0.50175,0.00070
v1_frozen,Nano,0.50210,0.00070
v1_frozen,Nano,0.50245,0.00070
v1_frozen,Nano,0.50280,0.00070
v1_frozen,Nano,0.50315,0.00070
v1_frozen,Nano,0.50350,0.00070
v1_frozen,Nano,0.50385,0.00070
v1_frozen,Nano,0.50420,0.00069
v1_frozen,Nano,0.50456,0.00069
v1_frozen,Nano,0.50491,0.00069
v1_frozen,Nano,0.50526,0.00069
v1_frozen,Nano,0.50561,0.00069
v1_frozen,Nano,0.50596,0.00069
v1_frozen,Nano,0.50631,0.00069
v1_frozen,Nano,0.50666,0.00069
v1_frozen,Nano,0.50701,0.00069
v1_frozen,Nano,0.50736,0.00069
v1_frozen,Nano,0.50771,0.00069
v1_frozen,Nano,0.50806,0.00069
v1_frozen,Nano,0.50841,0.00069
v1_frozen,Nano,0.50876,0.00069
v1_frozen,Nano,0.50911,0.00069
v1_frozen,Nano,0.50946,0.00069
v1_frozen,Nano,0.50981,0.00069
v1_frozen,Nano,0.51016,0.00069
v1_frozen,Nano,0.51051,0.00069
v1_frozen,Nano,0.51086,0.00069
v1_frozen,Nano,0.51121,0.00069
v1_frozen,Nano,0.51156,0.00068
v1_frozen,Nano,0.51191,0.00068
v1_frozen,Nano,0.51226,0.00068
v1_frozen,Nano,0.51261,0.00068
v1_frozen,Nano,0.51296,0.00068
v1_frozen,Nano,0.51331,0.00068
v1_frozen,Nano,0.51367,0.00068
v1_frozen,Nano,0.51402,0.00068
v1_frozen,Nano,0.51437,0.00068
v1_frozen,Nano,0.51472,0.00068
v1_frozen,Nano,0.51507,0.00068
v1_frozen,Nano,0.51542,0.00068
v1_frozen,Nano,0.51577,0.00068
v1_frozen,Nano,0.51612,0.00068
v1_frozen,Nano,0.51647,0.00068
v1_frozen,Nano,0.51682,0.00068
v1_frozen,Nano,0.51717,0.00068
v1_frozen,Nano,0.51752,0.00068
v1_frozen,Nano,0.51787,0.00068
v1_frozen,Nano,0.51822,0.00068
v1_frozen,Nano,0.51857,0.00068
v1_frozen,Nano,0.51892,0.00068
v1_frozen,Nano,0.51927,0.00067
v1_frozen,Nano,0.51962,0.00067
v1_frozen,Nano,0.51997,0.00067
v1_frozen,Nano,0.52032,0.00067
v1_frozen,Nano,0.52067,0.00067
v1_frozen,Nano,0.52102,0.00067
v1_frozen,Nano,0.52137,0.00067
v1_frozen,Nano,0.52172,0.00067
v1_frozen,Nano,0.52207,0.00067
v1_frozen,Nano,0.52242,0.00067
v1_frozen,Nano,0.52278,0.00067
v1_frozen,Nano,0.52313,0.00067
v1_frozen,Nano,0.52348,0.00067
v1_frozen,Nano,0.52383,0.00067
v1_frozen,Nano,0.52418,0.00067
v1_frozen,Nano,0.52453,0.00067
v1_frozen,Nano,0.52488,0.00067
v1_frozen,Nano,0.52523,0.00067
v1_frozen,Nano,0.52558,0.00067
v1_frozen,Nano,0.52593,0.00067
v1_frozen,Nano,0.52628,0.00067
v1_frozen,Nano,0.52663,0.00067
v1_frozen,Nano,0.52698,0.00066
v1_frozen,Nano,0.52733,0.00066
v1_frozen,Nano,0.52768,0.00066
v1_frozen,Nano,0.52803,0.00066
v1_frozen,Nano,0.52838,0.00066
v1_frozen,Nano,0.52873,0.00066
v1_frozen,Nano,0.52908,0.00066
v1_frozen,Nano,0.52943,0.00066
v1_frozen,Nano,0.52978,0.00066
v1_frozen,Nano,0.53013,0.00066
v1_frozen,Nano,0.53048,0.00066
v1_frozen,Nano,0.53083,0.00066
v1_frozen,Nano,0.53118,0.00066
v1_frozen,Nano,0.53153,0.00066
v1_frozen,Nano,0.53189,0.00066
v1_frozen,Nano,0.53224,0.00066
v1_frozen,Nano,0.53259,0.00066
v1_frozen,Nano,0.53294,0.00066
v1_frozen,Nano,0.53329,0.00066
v1_frozen,Nano,0.53364,0.00066
v1_frozen,Nano,0.53399,0.00066
v1_frozen,Nano,0.53434,0.00066
v1_frozen,Nano,0.53469,0.00066
v1_frozen,Nano,0.53504,0.00065
v1_frozen,Nano,0.53539,0.00065
v1_frozen,Nano,0.53574,0.00065
v1_frozen,Nano,0.53609,0.00065
v1_frozen,Nano,0.53644,0.00065
v1_frozen,Nano,0.53679,0.00065
v1_frozen,Nano,0.53714,0.00065
v1_frozen,Nano,0.53749,0.00065
v1_frozen,Nano,0.53784,0.00065
v1_frozen,Nano,0.53819,0.00065
v1_frozen,Nano,0.53854,0.00065
v1_frozen,Nano,0.53889,0.00065
v1_frozen,Nano,0.53924,0.00065
v1_frozen,Nano,0.53959,0.00065
v1_frozen,Nano,0.53994,0.00065
v1_frozen,Nano,0.54029,0.00065
v1_frozen,Nano,0.54064,0.00065
v1_frozen,Nano,0.54100,0.00065
v1_frozen,Nano,0.54135,0.00065
v1_frozen,Nano,0.54170,0.00065
v1_frozen,Nano,0.54205,0.00065
v1_frozen,Nano,0.54240,0.00065
v1_frozen,Nano,0.54275,0.00065
v1_frozen,Nano,0.54310,0.00065
v1_frozen,Nano,0.54345,0.00064
v1_frozen,Nano,0.54380,0.00064
v1_frozen,Nano,0.54415,0.00064
v1_frozen,Nano,0.54450,0.00064
v1_frozen,Nano,0.54485,0.00064
v1_frozen,Nano,0.54520,0.00064
v1_frozen,Nano,0.54555,0.00064
v1_frozen,Nano,0.54590,0.00064
v1_frozen,Nano,0.54625,0.00064
v1_frozen,Nano,0.54660,0.00064
v1_frozen,Nano,0.54695,0.00064
v1_frozen,Nano,0.54730,0.00064
v1_frozen,Nano,0.54765,0.00064
v1_frozen,Nano,0.54800,0.00064
v1_frozen,Nano,0.54835,0.00064
v1_frozen,Nano,0.54870,0.00064
v1_frozen,Nano,0.54905,0.00064
v1_frozen,Nano,0.54940,0.00064
v1_frozen,Nano,0.54975,0.00064
v1_frozen,Nano,0.55011,0.00064
v1_frozen,Nano,0.55046,0.00064
v1_frozen,Nano,0.55081,0.00064
v1_frozen,Nano,0.55116,0.00064
v1_frozen,Nano,0.55151,0.00064
v1_frozen,Nano,0.55186,0.00063
v1_frozen,Nano,0.55221,0.00063
v1_frozen,Nano,0.55256,0.00063
v1_frozen,Nano,0.55291,0.00063
v1_frozen,Nano,0.55326,0.00063
v1_frozen,Nano,0.55361,0.00063
v1_frozen,Nano,0.55396,0.00063
v1_frozen,Nano,0.55431,0.00063
v1_frozen,Nano,0.55466,0.00063
v1_frozen,Nano,0.55501,0.00063
v1_frozen,Nano,0.55536,0.00063
v1_frozen,Nano,0.55571,0.00063
v1_frozen,Nano,0.55606,0.00063
v1_frozen,Nano,0.55641,0.00063
v1_frozen,Nano,0.55676,0.00063
v1_frozen,Nano,0.55711,0.00063
v1_frozen,Nano,0.55746,0.00063
v1_frozen,Nano,0.55781,0.00063
v1_frozen,Nano,0.55816,0.00063
v1_frozen,Nano,0.55851,0.00063
v1_frozen,Nano,0.55886,0.00063
v1_frozen,Nano,0.55922,0.00063
v1_frozen,Nano,0.55957,0.00063
v1_frozen,Nano,0.55992,0.00063
v1_frozen,Nano,0.56027,0.00063
v1_frozen,Nano,0.56062,0.00063
v1_frozen,Nano,0.56097,0.00062
v1_frozen,Nano,0.56132,0.00062
v1_frozen,Nano,0.56167,0.00062
v1_frozen,Nano,0.56202,0.00062
v1_frozen,Nano,0.56237,0.00062
v1_frozen,Nano,0.56272,0.00062
v1_frozen,Nano,0.56307,0.00062
v1_frozen,Nano,0.56342,0.00062
v1_frozen,Nano,0.56377,0.00062
v1_frozen,Nano,0.56412,0.00062
v1_frozen,Nano,0.56447,0.00062
v1_frozen,Nano,0.56482,0.00062
v1_frozen,Nano,0.56517,0.00062
v1_frozen,Nano,0.56552,0.00062
v1_frozen,Nano,0.56587,0.00062
v1_frozen,Nano,0.56622,0.00062
v1_frozen,Nano,0.56657,0.00062
v1_frozen,Nano,0.56692,0.00062
v1_frozen,Nano,0.56727,0.00062
v1_frozen,Nano,0.56762,0.00062
v1_frozen,Nano,0.56797,0.00062
v1_frozen,Nano,0.56833,0.00062
v1_frozen,Nano,0.56868,0.00062
v1_frozen,Nano,0.56903,0.00062
v1_frozen,Nano,0.56938,0.00062
v1_frozen,Nano,0.56973,0.00062
v1_frozen,Nano,0.57008,0.00061
v1_frozen,Nano,0.57043,0.00061
v1_frozen,Nano,0.57078,0.00061
v1_frozen,Nano,0.57113,0.00061
v1_frozen,Nano,0.57148,0.00061
v1_frozen,Nano,0.57183,0.00061
v1_frozen,Nano,0.57218,0.00061
v1_frozen,Nano,0.57253,0.00061
v1_frozen,Nano,0.57288,0.00061
v1_frozen,Nano,0.57323,0.00061
v1_frozen,Nano,0.57358,0.00061
v1_frozen,Nano,0.57393,0.00061
v1_frozen,Nano,0.57428,0.00061
v1_frozen,Nano,0.57463,0.00061
v1_frozen,Nano,0.57498,0.00061
v1_frozen,Nano,0.57533,0.00061
v1_frozen,Nano,0.57568,0.00061
v1_frozen,Nano,0.57603,0.00061
v1_frozen,Nano,0.57638,0.00061
v1_frozen,Nano,0.57673,0.00061
v1_frozen,Nano,0.57708,0.00061
v1_frozen,Nano,0.57744,0.00061
v1_frozen,Nano,0.57779,0.00061
v1_frozen,Nano,0.57814,0.00061
v1_frozen,Nano,0.57849,0.00061
v1_frozen,Nano,0.57884,0.00061
v1_frozen,Nano,0.57919,0.00060
v1_frozen,Nano,0.57954,0.00060
v1_frozen,Nano,0.57989,0.00060
v1_frozen,Nano,0.58024,0.00060
v1_frozen,Nano,0.58059,0.00060
v1_frozen,Nano,0.58094,0.00060
v1_frozen,Nano,0.58129,0.00060
v1_frozen,Nano,0.58164,0.00060
v1_frozen,Nano,0.58199,0.00060
v1_frozen,Nano,0.58234,0.00060
v1_frozen,Nano,0.58269,0.00060
v1_frozen,Nano,0.58304,0.00060
v1_frozen,Nano,0.58339,0.00060
v1_frozen,Nano,0.58374,0.00060
v1_frozen,Nano,0.58409,0.00060
v1_frozen,Nano,0.58444,0.00060
v1_frozen,Nano,0.58479,0.00060
v1_frozen,Nano,0.58514,0.00060
v1_frozen,Nano,0.58549,0.00060
v1_frozen,Nano,0.58584,0.00060
v1_frozen,Nano,0.58619,0.00060
v1_frozen,Nano,0.58655,0.00060
v1_frozen,Nano,0.58690,0.00060
v1_frozen,Nano,0.58725,0.00060
v1_frozen,Nano,0.58760,0.00060
v1_frozen,Nano,0.58795,0.00060
v1_frozen,Nano,0.58830,0.00060
v1_frozen,Nano,0.58865,0.00060
v1_frozen,Nano,0.58900,0.00059
v1_frozen,Nano,0.58935,0.00059
v1_frozen,Nano,0.58970,0.00059
v1_frozen,Nano,0.59005,0.00059
v1_frozen,Nano,0.59040,0.00059
v1_frozen,Nano,0.59075,0.00059
v1_frozen,Nano,0.59110,0.00059
v1_frozen,Nano,0.59145,0.00059
v1_frozen,Nano,0.59180,0.00059
v1_frozen,Nano,0.59215,0.00059
v1_frozen,Nano,0.59250,0.00059
v1_frozen,Nano,0.59285,0.00059
v1_frozen,Nano,0.59320,0.00059
v1_frozen,Nano,0.59355,0.00059
v1_frozen,Nano,0.59390,0.00059
v1_frozen,Nano,0.59425,0.00059
v1_frozen,Nano,0.59460,0.00059
v1_frozen,Nano,0.59495,0.00059
v1_frozen,Nano,0.59530,0.00059
v1_frozen,Nano,0.59566,0.00059
v1_frozen,Nano,0.59601,0.00059
v1_frozen,Nano,0.59636,0.00059
v1_frozen,Nano,0.59671,0.00059
v1_frozen,Nano,0.59706,0.00059
v1_frozen,Nano,0.59741,0.00059
v1_frozen,Nano,0.59776,0.00059
v1_frozen,Nano,0.59811,0.00059
v1_frozen,Nano,0.59846,0.00059
v1_frozen,Nano,0.59881,0.00059
v1_frozen,Nano,0.59916,0.00058
v1_frozen,Nano,0.59951,0.00058
v1_frozen,Nano,0.59986,0.00058
v1_frozen,Nano,0.60021,0.00058
v1_frozen,Nano,0.60056,0.00058
v1_frozen,Nano,0.60091,0.00058
v1_frozen,Nano,0.60126,0.00058
v1_frozen,Nano,0.60161,0.00058
v1_frozen,Nano,0.60196,0.00058
v1_frozen,Nano,0.60231,0.00058
v1_frozen,Nano,0.60266,0.00058
v1_frozen,Nano,0.60301,0.00058
v1_frozen,Nano,0.60336,0.00058
v1_frozen,Nano,0.60371,0.00058
v1_frozen,Nano,0.60406,0.00058
v1_frozen,Nano,0.60441,0.00058
v1_frozen,Nano,0.60477,0.00058
v1_frozen,Nano,0.60512,0.00058
v1_frozen,Nano,0.60547,0.00058
v1_frozen,Nano,0.60582,0.00058
v1_frozen,Nano,0.60617,0.00058
v1_frozen,Nano,0.60652,0.00058
v1_frozen,Nano,0.60687,0.00058
v1_frozen,Nano,0.60722,0.00058
v1_frozen,Nano,0.60757,0.00058
v1_frozen,Nano,0.60792,0.00058
v1_frozen,Nano,0.60827,0.00058
v1_frozen,Nano,0.60862,0.00058
v1_frozen,Nano,0.60897,0.00058
v1_frozen,Nano,0.60932,0.00058
v1_frozen,Nano,0.60967,0.00057
v1_frozen,Nano,0.61002,0.00057
v1_frozen,Nano,0.61037,0.00057
v1_frozen,Nano,0.61072,0.00057
v1_frozen,Nano,0.61107,0.00057
v1_frozen,Nano,0.61142,0.00057
v1_frozen,Nano,0.61177,0.00057
v1_frozen,Nano,0.61212,0.00057
v1_frozen,Nano,0.61247,0.00057
v1_frozen,Nano,0.61282,0.00057
v1_frozen,Nano,0.61317,0.00057
v1_frozen,Nano,0.61352,0.00057
v1_frozen,Nano,0.61388,0.00057
v1_frozen,Nano,0.61423,0.00057
v1_frozen,Nano,0.61458,0.00057
v1_frozen,Nano,0.61493,0.00057
v1_frozen,Nano,0.61528,0.00057
v1_frozen,Nano,0.61563,0.00057
v1_frozen,Nano,0.61598,0.00057
v1_frozen,Nano,0.61633,0.00057
v1_frozen,Nano,0.61668,0.00057
v1_frozen,Nano,0.61703,0.00057
v1_frozen,Nano,0.61738,0.00057
v1_frozen,Nano,0.61773,0.00057
v1_frozen,Nano,0.61808,0.00057
v1_frozen,Nano,0.61843,0.00057
v1_frozen,Nano,0.61878,0.00057
v1_frozen,Nano,0.61913,0.00057
v1_frozen,Nano,0.61948,0.00057
v1_frozen,Nano,0.61983,0.00057
v1_frozen,Nano,0.62018,0.00056
v1_frozen,Nano,0.62053,0.00056
v1_frozen,Nano,0.62088,0.00056
v1_frozen,Nano,0.62123,0.00056
v1_frozen,Nano,0.62158,0.00056
v1_frozen,Nano,0.62193,0.00056
v1_frozen,Nano,0.62228,0.00056
v1_frozen,Nano,0.62263,0.00056
v1_frozen,Nano,0.62299,0.00056
v1_frozen,Nano,0.62334,0.00056
v1_frozen,Nano,0.62369,0.00056
v1_frozen,Nano,0.62404,0.00056
v1_frozen,Nano,0.62439,0.00056
v1_frozen,Nano,0.62474,0.00056
v1_frozen,Nano,0.62509,0.00056
v1_frozen,Nano,0.62544,0.00056
v1_frozen,Nano,0.62579,0.00056
v1_frozen,Nano,0.62614,0.00056
v1_frozen,Nano,0.62649,0.00056
v1_frozen,Nano,0.62684,0.00056
v1_frozen,Nano,0.62719,0.00056
v1_frozen,Nano,0.62754,0.00056
v1_frozen,Nano,0.62789,0.00056
v1_frozen,Nano,0.62824,0.00056
v1_frozen,Nano,0.62859,0.00056
v1_frozen,Nano,0.62894,0.00056
v1_frozen,Nano,0.62929,0.00056
v1_frozen,Nano,0.62964,0.00056
v1_frozen,Nano,0.62999,0.00056
v1_frozen,Nano,0.63034,0.00056
v1_frozen,Nano,0.63069,0.00056
v1_frozen,Nano,0.63104,0.00056
v1_frozen,Nano,0.63139,0.00055
v1_frozen,Nano,0.63174,0.00055
v1_frozen,Nano,0.63210,0.00055
v1_frozen,Nano,0.63245,0.00055
v1_frozen,Nano,0.63280,0.00055
v1_frozen,Nano,0.63315,0.00055
v1_frozen,Nano,0.63350,0.00055
v1_frozen,Nano,0.63385,0.00055
v1_frozen,Nano,0.63420,0.00055
v1_frozen,Nano,0.63455,0.00055
v1_frozen,Nano,0.63490,0.00055
v1_frozen,Nano,0.63525,0.00055
v1_frozen,Nano,0.63560,0.00055
v1_frozen,Nano,0.63595,0.00055
v1_frozen,Nano,0.63630,0.00055
v1_frozen,Nano,0.63665,0.00055
v1_frozen,Nano,0.63700,0.00055
v1_frozen,Nano,0.63735,0.00055
v1_frozen,Nano,0.63770,0.00055
v1_frozen,Nano,0.63805,0.00055
v1_frozen,Nano,0.63840,0.00055
v1_frozen,Nano,0.63875,0.00055
v1_frozen,Nano,0.63910,0.00055
v1_frozen,Nano,0.63945,0.00055
v1_frozen,Nano,0.63980,0.00055
v1_frozen,Nano,0.64015,0.00055
v1_frozen,Nano,0.64050,0.00055
v1_frozen,Nano,0.64085,0.00055
v1_frozen,Nano,0.64121,0.00055
v1_frozen,Nano,0.64156,0.00055
v1_frozen,Nano,0.64191,0.00055
v1_frozen,Nano,0.64226,0.00055
v1_frozen,Nano,0.64261,0.00055
v1_frozen,Nano,0.64296,0.00054
v1_frozen,Nano,0.64331,0.00054
v1_frozen,Nano,0.64366,0.00054
v1_frozen,Nano,0.64401,0.00054
v1_frozen,Nano,0.64436,0.00054
v1_frozen,Nano,0.64471,0.00054
v1_frozen,Nano,0.64506,0.00054
v1_frozen,Nano,0.64541,0.00054
v1_frozen,Nano,0.64576,0.00054
v1_frozen,Nano,0.64611,0.00054
v1_frozen,Nano,0.64646,0.00054
v1_frozen,Nano,0.64681,0.00054
v1_frozen,Nano,0.64716,0.00054
v1_frozen,Nano,0.64751,0.00054
v1_frozen,Nano,0.64786,0.00054
v1_frozen,Nano,0.64821,0.00054
v1_frozen,Nano,0.64856,0.00054
v1_frozen,Nano,0.64891,0.00054
v1_frozen,Nano,0.64926,0.00054
v1_frozen,Nano,0.64961,0.00054
v1_frozen,Nano,0.64996,0.00054
v1_frozen,Nano,0.65032,0.00054
v1_frozen,Nano,0.65067,0.00054
v1_frozen,Nano,0.65102,0.00054
v1_frozen,Nano,0.65137,0.00054
v1_frozen,Nano,0.65172,0.00054
v1_frozen,Nano,0.65207,0.00054
v1_frozen,Nano,0.65242,0.00054
v1_frozen,Nano,0.65277,0.00054
v1_frozen,Nano,0.65312,0.00054
v1_frozen,Nano,0.65347,0.00054
v1_frozen,Nano,0.65382,0.00054
v1_frozen,Nano,0.65417,0.00054
v1_frozen,Nano,0.65452,0.00054
v1_frozen,Nano,0.65487,0.00054
v1_frozen,Nano,0.65522,0.00053
v1_frozen,Nano,0.65557,0.00053
v1_frozen,Nano,0.65592,0.00053
v1_frozen,Nano,0.65627,0.00053
v1_frozen,Nano,0.65662,0.00053
v1_frozen,Nano,0.65697,0.00053
v1_frozen,Nano,0.65732,0.00053
v1_frozen,Nano,0.65767,0.00053
v1_frozen,Nano,0.65802,0.00053
v1_frozen,Nano,0.65837,0.00053
v1_frozen,Nano,0.65872,0.00053
v1_frozen,Nano,0.65907,0.00053
v1_frozen,Nano,0.65943,0.00053
v1_frozen,Nano,0.65978,0.00053
v1_frozen,Nano,0.66013,0.00053
v1_frozen,Nano,0.66048,0.00053
v1_frozen,Nano,0.66083,0.00053
v1_frozen,Nano,0.66118,0.00053
v1_frozen,Nano,0.66153,0.00053
v1_frozen,Nano,0.66188,0.00053
v1_frozen,Nano,0.66223,0.00053
v1_frozen,Nano,0.66258,0.00053
v1_frozen,Nano,0.66293,0.00053
v1_frozen,Nano,0.66328,0.00053
v1_frozen,Nano,0.66363,0.00053
v1_frozen,Nano,0.66398,0.00053
v1_frozen,Nano,0.66433,0.00053
v1_frozen,Nano,0.66468,0.00053
v1_frozen,Nano,0.66503,0.00053
v1_frozen,Nano,0.66538,0.00053
v1_frozen,Nano,0.66573,0.00053
v1_frozen,Nano,0.66608,0.00053
v1_frozen,Nano,0.66643,0.00053
v1_frozen,Nano,0.66678,0.00053
v1_frozen,Nano,0.66713,0.00053
v1_frozen,Nano,0.66748,0.00052
v1_frozen,Nano,0.66783,0.00052
v1_frozen,Nano,0.66819,0.00052
v1_frozen,Nano,0.66854,0.00052
v1_frozen,Nano,0.66889,0.00052
v1_frozen,Nano,0.66924,0.00052
v1_frozen,Nano,0.66959,0.00052
v1_frozen,Nano,0.66994,0.00052
v1_frozen,Nano,0.67029,0.00052
v1_frozen,Nano,0.67064,0.00052
v1_frozen,Nano,0.67099,0.00052
v1_frozen,Nano,0.67134,0.00052
v1_frozen,Nano,0.67169,0.00052
v1_frozen,Nano,0.67204,0.00052
v1_frozen,Nano,0.67239,0.00052
v1_frozen,Nano,0.67274,0.00052
v1_frozen,Nano,0.67309,0.00052
v1_frozen,Nano,0.67344,0.00052
v1_frozen,Nano,0.67379,0.00052
v1_frozen,Nano,0.67414,0.00052
v1_frozen,Nano,0.67449,0.00052
v1_frozen,Nano,0.67484,0.00052
v1_frozen,Nano,0.67519,0.00052
v1_frozen,Nano,0.67554,0.00052
v1_frozen,Nano,0.67589,0.00052
v1_frozen,Nano,0.67624,0.00052
v1_frozen,Nano,0.67659,0.00052
v1_frozen,Nano,0.67694,0.00052
v1_frozen,Nano,0.67730,0.00052
v1_frozen,Nano,0.67765,0.00052
v1_frozen,Nano,0.67800,0.00052
v1_frozen,Nano,0.67835,0.00052
v1_frozen,Nano,0.67870,0.00052
v1_frozen,Nano,0.67905,0.00052
v1_frozen,Nano,0.67940,0.00052
v1_frozen,Nano,0.67975,0.00052
v1_frozen,Nano,0.68010,0.00052
v1_frozen,Nano,0.68045,0.00051
v1_frozen,Nano,0.68080,0.00051
v1_frozen,Nano,0.68115,0.00051
v1_frozen,Nano,0.68150,0.00051
v1_frozen,Nano,0.68185,0.00051
v1_frozen,Nano,0.68220,0.00051
v1_frozen,Nano,0.68255,0.00051
v1_frozen,Nano,0.68290,0.00051
v1_frozen,Nano,0.68325,0.00051
v1_frozen,Nano,0.68360,0.00051
v1_frozen,Nano,0.68395,0.00051
v1_frozen,Nano,0.68430,0.00051
v1_frozen,Nano,0.68465,0.00051
v1_frozen,Nano,0.68500,0.00051
v1_frozen,Nano,0.68535,0.00051
v1_frozen,Nano,0.68570,0.00051
v1_frozen,Nano,0.68605,0.00051
v1_frozen,Nano,0.68641,0.00051
v1_frozen,Nano,0.68676,0.00051
v1_frozen,Nano,0.68711,0.00051
v1_frozen,Nano,0.68746,0.00051
v1_frozen,Nano,0.68781,0.00051
v1_frozen,Nano,0.68816,0.00051
v1_frozen,Nano,0.68851,0.00051
v1_frozen,Nano,0.68886,0.00051
v1_frozen,Nano,0.68921,0.00051
v1_frozen,Nano,0.68956,0.00051
v1_frozen,Nano,0.68991,0.00051
v1_frozen,Nano,0.69026,0.00051
v1_frozen,Nano,0.69061,0.00051
v1_frozen,Nano,0.69096,0.00051
v1_frozen,Nano,0.69131,0.00051
v1_frozen,Nano,0.69166,0.00051
v1_frozen,Nano,0.69201,0.00051
v1_frozen,Nano,0.69236,0.00051
v1_frozen,Nano,0.69271,0.00051
v1_frozen,Nano,0.69306,0.00051
v1_frozen,Nano,0.69341,0.00051
v1_frozen,Nano,0.69376,0.00051
v1_frozen,Nano,0.69411,0.00050
v1_frozen,Nano,0.69446,0.00050
v1_frozen,Nano,0.69481,0.00050
v1_frozen,Nano,0.69516,0.00050
v1_frozen,Nano,0.69552,0.00050
v1_frozen,Nano,0.69587,0.00050
v1_frozen,Nano,0.69622,0.00050
v1_frozen,Nano,0.69657,0.00050
v1_frozen,Nano,0.69692,0.00050
v1_frozen,Nano,0.69727,0.00050
v1_frozen,Nano,0.69762,0.00050
v1_frozen,Nano,0.69797,0.00050
v1_frozen,Nano,0.69832,0.00050
v1_frozen,Nano,0.69867,0.00050
v1_frozen,Nano,0.69902,0.00050
v1_frozen,Nano,0.69937,0.00050
v1_frozen,Nano,0.69972,0.00050
v1_frozen,Nano,0.70007,0.00050
v1_frozen,Nano,0.70042,0.00050
v1_frozen,Nano,0.70077,0.00050
v1_frozen,Nano,0.70112,0.00050
v1_frozen,Nano,0.70147,0.00050
v1_frozen,Nano,0.70182,0.00050
v1_frozen,Nano,0.70217,0.00050
v1_frozen,Nano,0.70252,0.00050
v1_frozen,Nano,0.70287,0.00050
v1_frozen,Nano,0.70322,0.00050
v1_frozen,Nano,0.70357,0.00050
v1_frozen,Nano,0.70392,0.00050
v1_frozen,Nano,0.70427,0.00050
v1_frozen,Nano,0.70463,0.00050
v1_frozen,Nano,0.70498,0.00050
v1_frozen,Nano,0.70533,0.00050
v1_frozen,Nano,0.70568,0.00050
v1_frozen,Nano,0.70603,0.00050
v1_frozen,Nano,0.70638,0.00050
v1_frozen,Nano,0.70673,0.00050
v1_frozen,Nano,0.70708,0.00050
v1_frozen,Nano,0.70743,0.00050
v1_frozen,Nano,0.70778,0.00050
v1_frozen,Nano,0.70813,0.00049
v1_frozen,Nano,0.70848,0.00049
v1_frozen,Nano,0.70883,0.00049
v1_frozen,Nano,0.70918,0.00049
v1_frozen,Nano,0.70953,0.00049
v1_frozen,Nano,0.70988,0.00049
v1_frozen,Nano,0.71023,0.00049
v1_frozen,Nano,0.71058,0.00049
v1_frozen,Nano,0.71093,0.00049
v1_frozen,Nano,0.71128,0.00049
v1_frozen,Nano,0.71163,0.00049
v1_frozen,Nano,0.71198,0.00049
v1_frozen,Nano,0.71233,0.00049
v1_frozen,Nano,0.71268,0.00049
v1_frozen,Nano,0.71303,0.00049
v1_frozen,Nano,0.71338,0.00049
v1_frozen,Nano,0.71374,0.00049
v1_frozen,Nano,0.71409,0.00049
v1_frozen,Nano,0.71444,0.00049
v1_frozen,Nano,0.71479,0.00049
v1_frozen,Nano,0.71514,0.00049
v1_frozen,Nano,0.71549,0.00049
v1_frozen,Nano,0.71584,0.00049
v1_frozen,Nano,0.71619,0.00049
v1_frozen,Nano,0.71654,0.00049
v1_frozen,Nano,0.71689,0.00049
v1_frozen,Nano,0.71724,0.00049
v1_frozen,Nano,0.71759,0.00049
v1_frozen,Nano,0.71794,0.00049
v1_frozen,Nano,0.71829,0.00049
v1_frozen,Nano,0.71864,0.00049
v1_frozen,Nano,0.71899,0.00049
v1_frozen,Nano,0.71934,0.00049
v1_frozen,Nano,0.71969,0.00049
v1_frozen,Nano,0.72004,0.00049
v1_frozen,Nano,0.72039,0.00049
v1_frozen,Nano,0.72074,0.00049
v1_frozen,Nano,0.72109,0.00049
v1_frozen,Nano,0.72144,0.00049
v1_frozen,Nano,0.72179,0.00049
v1_frozen,Nano,0.72214,0.00049
v1_frozen,Nano,0.72249,0.00048
v1_frozen,Nano,0.72285,0.00048
v1_frozen,Nano,0.72320,0.00048
v1_frozen,Nano,0.72355,0.00048
v1_frozen,Nano,0.72390,0.00048
v1_frozen,Nano,0.72425,0.00048
v1_frozen,Nano,0.72460,0.00048
v1_frozen,Nano,0.72495,0.00048
v1_frozen,Nano,0.72530,0.00048
v1_frozen,Nano,0.72565,0.00048
v1_frozen,Nano,0.72600,0.00048
v1_frozen,Nano,0.72635,0.00048
v1_frozen,Nano,0.72670,0.00048
v1_frozen,Nano,0.72705,0.00048
v1_frozen,Nano,0.72740,0.00048
v1_frozen,Nano,0.72775,0.00048
v1_frozen,Nano,0.72810,0.00048
v1_frozen,Nano,0.72845,0.00048
v1_frozen,Nano,0.72880,0.00048
v1_frozen,Nano,0.72915,0.00048
v1_frozen,Nano,0.72950,0.00048
v1_frozen,Nano,0.72985,0.00048
v1_frozen,Nano,0.73020,0.00048
v1_frozen,Nano,0.73055,0.00048
v1_frozen,Nano,0.73090,0.00048
v1_frozen,Nano,0.73125,0.00096
v1_frozen,Nano,0.73160,0.00096
v1_frozen,Nano,0.73196,0.00096
v1_frozen,Nano,0.73231,0.00096
v1_frozen,Nano,0.73266,0.00096
v1_frozen,Nano,0.73301,0.00096
v1_frozen,Nano,0.73336,0.00096
v1_frozen,Nano,0.73371,0.00096
v1_frozen,Nano,0.73406,0.00095
v1_frozen,Nano,0.73441,0.00095
v1_frozen,Nano,0.73476,0.00095
v1_frozen,Nano,0.73511,0.00095
v1_frozen,Nano,0.73546,0.00095
v1_frozen,Nano,0.73581,0.00095
v1_frozen,Nano,0.73616,0.00095
v1_frozen,Nano,0.73651,0.00095
v1_frozen,Nano,0.73686,0.00095
v1_frozen,Nano,0.73721,0.00095
v1_frozen,Nano,0.73756,0.00095
v1_frozen,Nano,0.73791,0.00095
v1_frozen,Nano,0.73826,0.00095
v1_frozen,Nano,0.73861,0.00095
v1_frozen,Nano,0.73896,0.00095
v1_frozen,Nano,0.73931,0.00095
v1_frozen,Nano,0.73966,0.00095
v1_frozen,Nano,0.74001,0.00095
v1_frozen,Nano,0.74036,0.00095
v1_frozen,Nano,0.74071,0.00095
v1_frozen,Nano,0.74107,0.00095
v1_frozen,Nano,0.74142,0.00095
v1_frozen,Nano,0.74177,0.00094
v1_frozen,Nano,0.74212,0.00094
v1_frozen,Nano,0.74247,0.00094
v1_frozen,Nano,0.74282,0.00094
v1_frozen,Nano,0.74317,0.00094
v1_frozen,Nano,0.74352,0.00094
v1_frozen,Nano,0.74387,0.00094
v1_frozen,Nano,0.74422,0.00094
v1_frozen,Nano,0.74457,0.00094
v1_frozen,Nano,0.74492,0.00094
v1_frozen,Nano,0.74527,0.00094
v1_frozen,Nano,0.74562,0.00094
v1_frozen,Nano,0.74597,0.00094
v1_frozen,Nano,0.74632,0.00094
v1_frozen,Nano,0.74667,0.00094
v1_frozen,Nano,0.74702,0.00094
v1_frozen,Nano,0.74737,0.00094
v1_frozen,Nano,0.74772,0.00094
v1_frozen,Nano,0.74807,0.00094
v1_frozen,Nano,0.74842,0.00094
v1_frozen,Nano,0.74877,0.00094
v1_frozen,Nano,0.74912,0.00094
v1_frozen,Nano,0.74947,0.00094
v1_frozen,Nano,0.74982,0.00093
v1_frozen,Nano,0.75018,0.00093
v1_frozen,Nano,0.75053,0.00093
v1_frozen,Nano,0.75088,0.00093
v1_frozen,Nano,0.75123,0.00093
v1_frozen,Nano,0.75158,0.00093
v1_frozen,Nano,0.75193,0.00093
v1_frozen,Nano,0.75228,0.00093
v1_frozen,Nano,0.75263,0.00093
v1_frozen,Nano,0.75298,0.00093
v1_frozen,Nano,0.75333,0.00093
v1_frozen,Nano,0.75368,0.00093
v1_frozen,Nano,0.75403,0.00093
v1_frozen,Nano,0.75438,0.00093
v1_frozen,Nano,0.75473,0.00093
v1_frozen,Nano,0.75508,0.00093
v1_frozen,Nano,0.75543,0.00093
v1_frozen,Nano,0.75578,0.00093
v1_frozen,Nano,0.75613,0.00093
v1_frozen,Nano,0.75648,0.00093
v1_frozen,Nano,0.75683,0.00093
v1_frozen,Nano,0.75718,0.00093
v1_frozen,Nano,0.75753,0.00093
v1_frozen,Nano,0.75788,0.00092
v1_frozen,Nano,0.75823,0.00092
v1_frozen,Nano,0.75858,0.00092
v1_frozen,Nano,0.75893,0.00092
v1_frozen,Nano,0.75929,0.00092
v1_frozen,Nano,0.75964,0.00092
v1_frozen,Nano,0.75999,0.00092
v1_frozen,Nano,0.76034,0.00092
v1_frozen,Nano,0.76069,0.00092
v1_frozen,Nano,0.76104,0.00092
v1_frozen,Nano,0.76139,0.00092
v1_frozen,Nano,0.76174,0.00092
v1_frozen,Nano,0.76209,0.00092
v1_frozen,Nano,0.76244,0.00092
v1_frozen,Nano,0.76279,0.00092
v1_frozen,Nano,0.76314,0.00092
v1_frozen,Nano,0.76349,0.00092
v1_frozen,Nano,0.76384,0.00092
v1_frozen,Nano,0.76419,0.00092
v1_frozen,Nano,0.76454,0.00092
v1_frozen,Nano,0.76489,0.00092
v1_frozen,Nano,0.76524,0.00092
v1_frozen,Nano,0.76559,0.00137
v1_frozen,Nano,0.76594,0.00137
v1_frozen,Nano,0.76629,0.00137
v1_frozen,Nano,0.76664,0.00137
v1_frozen,Nano,0.76699,0.00137
v1_frozen,Nano,0.76734,0.00137
v1_frozen,Nano,0.76769,0.00137
v1_frozen,Nano,0.76804,0.00137
v1_frozen,Nano,0.76840,0.00137
v1_frozen,Nano,0.76875,0.00137
v1_frozen,Nano,0.76910,0.00137
v1_frozen,Nano,0.76945,0.00137
v1_frozen,Nano,0.76980,0.00137
v1_frozen,Nano,0.77015,0.00136
v1_frozen,Nano,0.77050,0.00136
v1_frozen,Nano,0.77085,0.00136
v1_frozen,Nano,0.77120,0.00136
v1_frozen,Nano,0.77155,0.00136
v1_frozen,Nano,0.77190,0.00136
v1_frozen,Nano,0.77225,0.00136
v1_frozen,Nano,0.77260,0.00136
v1_frozen,Nano,0.77295,0.00136
v1_frozen,Nano,0.77330,0.00136
v1_frozen,Nano,0.77365,0.00136
v1_frozen,Nano,0.77400,0.00136
v1_frozen,Nano,0.77435,0.00136
v1_frozen,Nano,0.77470,0.00136
v1_frozen,Nano,0.77505,0.00136
v1_frozen,Nano,0.77540,0.00136
v1_frozen,Nano,0.77575,0.00136
v1_frozen,Nano,0.77610,0.00135
v1_frozen,Nano,0.77645,0.00135
v1_frozen,Nano,0.77680,0.00135
v1_frozen,Nano,0.77715,0.00135
v1_frozen,Nano,0.77751,0.00135
v1_frozen,Nano,0.77786,0.00135
v1_frozen,Nano,0.77821,0.00135
v1_frozen,Nano,0.77856,0.00135
v1_frozen,Nano,0.77891,0.00135
v1_frozen,Nano,0.77926,0.00135
v1_frozen,Nano,0.77961,0.00135
v1_frozen,Nano,0.77996,0.00135
v1_frozen,Nano,0.78031,0.00135
v1_frozen,Nano,0.78066,0.00135
v1_frozen,Nano,0.78101,0.00135
v1_frozen,Nano,0.78136,0.00135
v1_frozen,Nano,0.78171,0.00134
v1_frozen,Nano,0.78206,0.00134
v1_frozen,Nano,0.78241,0.00179
v1_frozen,Nano,0.78276,0.00179
v1_frozen,Nano,0.78311,0.00179
v1_frozen,Nano,0.78346,0.00179
v1_frozen,Nano,0.78381,0.00179
v1_frozen,Nano,0.78416,0.00179
v1_frozen,Nano,0.78451,0.00179
v1_frozen,Nano,0.78486,0.00179
v1_frozen,Nano,0.78521,0.00178
v1_frozen,Nano,0.78556,0.00178
v1_frozen,Nano,0.78591,0.00178
v1_frozen,Nano,0.78626,0.00178
v1_frozen,Nano,0.78662,0.00178
v1_frozen,Nano,0.78697,0.00178
v1_frozen,Nano,0.78732,0.00178
v1_frozen,Nano,0.78767,0.00178
v1_frozen,Nano,0.78802,0.00178
v1_frozen,Nano,0.78837,0.00178
v1_frozen,Nano,0.78872,0.00178
v1_frozen,Nano,0.78907,0.00178
v1_frozen,Nano,0.78942,0.00178
v1_frozen,Nano,0.78977,0.00177
v1_frozen,Nano,0.79012,0.00177
v1_frozen,Nano,0.79047,0.00177
v1_frozen,Nano,0.79082,0.00177
v1_frozen,Nano,0.79117,0.00177
v1_frozen,Nano,0.79152,0.00177
v1_frozen,Nano,0.79187,0.00177
v1_frozen,Nano,0.79222,0.00177
v1_frozen,Nano,0.79257,0.00177
v1_frozen,Nano,0.79292,0.00177
v1_frozen,Nano,0.79327,0.00177
v1_frozen,Nano,0.79362,0.00177
v1_frozen,Nano,0.79397,0.00177
v1_frozen,Nano,0.79432,0.00176
v1_frozen,Nano,0.79467,0.00176
v1_frozen,Nano,0.79502,0.00176
v1_frozen,Nano,0.79537,0.00176
v1_frozen,Nano,0.79573,0.00176
v1_frozen,Nano,0.79608,0.00176
v1_frozen,Nano,0.79643,0.00176
v1_frozen,Nano,0.79678,0.00176
v1_frozen,Nano,0.79713,0.00176
v1_frozen,Nano,0.79748,0.00176
v1_frozen,Nano,0.79783,0.00176
v1_frozen,Nano,0.79818,0.00176
v1_frozen,Nano,0.79853,0.00176
v1_frozen,Nano,0.79888,0.00175
v1_frozen,Nano,0.79923,0.00175
v1_frozen,Nano,0.79958,0.00175
v1_frozen,Nano,0.79993,0.00175
v1_frozen,Nano,0.80028,0.00175
v1_frozen,Nano,0.80063,0.00175
v1_frozen,Nano,0.80098,0.00175
v1_frozen,Nano,0.80133,0.00175
v1_frozen,Nano,0.80168,0.00175
v1_frozen,Nano,0.80203,0.00175
v1_frozen,Nano,0.80238,0.00175
v1_frozen,Nano,0.80273,0.00175
v1_frozen,Nano,0.80308,0.00175
v1_frozen,Nano,0.80343,0.00174
v1_frozen,Nano,0.80378,0.00174
v1_frozen,Nano,0.80413,0.00174
v1_frozen,Nano,0.80448,0.00174
v1_frozen,Nano,0.80484,0.00174
v1_frozen,Nano,0.80519,0.00174
v1_frozen,Nano,0.80554,0.00174
v1_frozen,Nano,0.80589,0.00174
v1_frozen,Nano,0.80624,0.00174
v1_frozen,Nano,0.80659,0.00174
v1_frozen,Nano,0.80694,0.00174
v1_frozen,Nano,0.80729,0.00174
v1_frozen,Nano,0.80764,0.00174
v1_frozen,Nano,0.80799,0.00173
v1_frozen,Nano,0.80834,0.00173
v1_frozen,Nano,0.80869,0.00173
v1_frozen,Nano,0.80904,0.00173
v1_frozen,Nano,0.80939,0.00173
v1_frozen,Nano,0.80974,0.00173
v1_frozen,Nano,0.81009,0.00173
v1_frozen,Nano,0.81044,0.00173
v1_frozen,Nano,0.81079,0.00173
v1_frozen,Nano,0.81114,0.00173
v1_frozen,Nano,0.81149,0.00173
v1_frozen,Nano,0.81184,0.00173
v1_frozen,Nano,0.81219,0.00173
v1_frozen,Nano,0.81254,0.00172
v1_frozen,Nano,0.81289,0.00172
v1_frozen,Nano,0.81324,0.00172
v1_frozen,Nano,0.81359,0.00172
v1_frozen,Nano,0.81395,0.00172
v1_frozen,Nano,0.81430,0.00172
v1_frozen,Nano,0.81465,0.00172
v1_frozen,Nano,0.81500,0.00172
v1_frozen,Nano,0.81535,0.00172
v1_frozen,Nano,0.81570,0.00172
v1_frozen,Nano,0.81605,0.00172
v1_frozen,Nano,0.81640,0.00172
v1_frozen,Nano,0.81675,0.00172
v1_frozen,Nano,0.81710,0.00172
v1_frozen,Nano,0.81745,0.00171
v1_frozen,Nano,0.81780,0.00171
v1_frozen,Nano,0.81815,0.00171
v1_frozen,Nano,0.81850,0.00171
v1_frozen,Nano,0.81885,0.00171
v1_frozen,Nano,0.81920,0.00171
v1_frozen,Nano,0.81955,0.00171
v1_frozen,Nano,0.81990,0.00171
v1_frozen,Nano,0.82025,0.00171
v1_frozen,Nano,0.82060,0.00171
v1_frozen,Nano,0.82095,0.00171
v1_frozen,Nano,0.82130,0.00171
v1_frozen,Nano,0.82165,0.00171
v1_frozen,Nano,0.82200,0.00171
v1_frozen,Nano,0.82235,0.00170
v1_frozen,Nano,0.82270,0.00170
v1_frozen,Nano,0.82306,0.00170
v1_frozen,Nano,0.82341,0.00170
v1_frozen,Nano,0.82376,0.00170
v1_frozen,Nano,0.82411,0.00170
v1_frozen,Nano,0.82446,0.00170
v1_frozen,Nano,0.82481,0.00170
v1_frozen,Nano,0.82516,0.00170
v1_frozen,Nano,0.82551,0.00170
v1_frozen,Nano,0.82586,0.00170
v1_frozen,Nano,0.82621,0.00170
v1_frozen,Nano,0.82656,0.00170
v1_frozen,Nano,0.82691,0.00169
v1_frozen,Nano,0.82726,0.00169
v1_frozen,Nano,0.82761,0.00169
v1_frozen,Nano,0.82796,0.00169
v1_frozen,Nano,0.82831,0.00169
v1_frozen,Nano,0.82866,0.00169
v1_frozen,Nano,0.82901,0.00169
v1_frozen,Nano,0.82936,0.00169
v1_frozen,Nano,0.82971,0.00169
v1_frozen,Nano,0.83006,0.00169
v1_frozen,Nano,0.83041,0.00169
v1_frozen,Nano,0.83076,0.00211
v1_frozen,Nano,0.83111,0.00211
v1_frozen,Nano,0.83146,0.00211
v1_frozen,Nano,0.83181,0.00211
v1_frozen,Nano,0.83217,0.00211
v1_frozen,Nano,0.83252,0.00210
v1_frozen,Nano,0.83287,0.00210
v1_frozen,Nano,0.83322,0.00210
v1_frozen,Nano,0.83357,0.00252
v1_frozen,Nano,0.83392,0.00252
v1_frozen,Nano,0.83427,0.00252
v1_frozen,Nano,0.83462,0.00252
v1_frozen,Nano,0.83497,0.00252
v1_frozen,Nano,0.83532,0.00252
v1_frozen,Nano,0.83567,0.00252
v1_frozen,Nano,0.83602,0.00251
v1_frozen,Nano,0.83637,0.00251
v1_frozen,Nano,0.83672,0.00251
v1_frozen,Nano,0.83707,0.00293
v1_frozen,Nano,0.83742,0.00293
v1_frozen,Nano,0.83777,0.00293
v1_frozen,Nano,0.83812,0.00293
v1_frozen,Nano,0.83847,0.00293
v1_frozen,Nano,0.83882,0.00292
v1_frozen,Nano,0.83917,0.00292
v1_frozen,Nano,0.83952,0.00292
v1_frozen,Nano,0.83987,0.00292
v1_frozen,Nano,0.84022,0.00292
v1_frozen,Nano,0.84057,0.00292
v1_frozen,Nano,0.84093,0.00292
v1_frozen,Nano,0.84128,0.00292
v1_frozen,Nano,0.84163,0.00291
v1_frozen,Nano,0.84198,0.00291
v1_frozen,Nano,0.84233,0.00291
v1_frozen,Nano,0.84268,0.00291
v1_frozen,Nano,0.84303,0.00291
v1_frozen,Nano,0.84338,0.00291
v1_frozen,Nano,0.84373,0.00291
v1_frozen,Nano,0.84408,0.00291
v1_frozen,Nano,0.84443,0.00290
v1_frozen,Nano,0.84478,0.00332
v1_frozen,Nano,0.84513,0.00332
v1_frozen,Nano,0.84548,0.00332
v1_frozen,Nano,0.84583,0.00331
v1_frozen,Nano,0.84618,0.00331
v1_frozen,Nano,0.84653,0.00331
v1_frozen,Nano,0.84688,0.00372
v1_frozen,Nano,0.84723,0.00372
v1_frozen,Nano,0.84758,0.00372
v1_frozen,Nano,0.84793,0.00372
v1_frozen,Nano,0.84828,0.00372
v1_frozen,Nano,0.84863,0.00372
v1_frozen,Nano,0.84898,0.00371
v1_frozen,Nano,0.84933,0.00371
v1_frozen,Nano,0.84968,0.00371
v1_frozen,Nano,0.85004,0.00371
v1_frozen,Nano,0.85039,0.00371
v1_frozen,Nano,0.85074,0.00371
v1_frozen,Nano,0.85109,0.00371
v1_frozen,Nano,0.85144,0.00370
v1_frozen,Nano,0.85179,0.00370
v1_frozen,Nano,0.85214,0.00370
v1_frozen,Nano,0.85249,0.00370
v1_frozen,Nano,0.85284,0.00370
v1_frozen,Nano,0.85319,0.00370
v1_frozen,Nano,0.85354,0.00369
v1_frozen,Nano,0.85389,0.00410
v1_frozen,Nano,0.85424,0.00410
v1_frozen,Nano,0.85459,0.00410
v1_frozen,Nano,0.85494,0.00410
v1_frozen,Nano,0.85529,0.00410
v1_frozen,Nano,0.85564,0.00410
v1_frozen,Nano,0.85599,0.00409
v1_frozen,Nano,0.85634,0.00409
v1_frozen,Nano,0.85669,0.00409
v1_frozen,Nano,0.85704,0.00409
v1_frozen,Nano,0.85739,0.00409
v1_frozen,Nano,0.85774,0.00408
v1_frozen,Nano,0.85809,0.00408
v1_frozen,Nano,0.85844,0.00449
v1_frozen,Nano,0.85879,0.00449
v1_frozen,Nano,0.85915,0.00449
v1_frozen,Nano,0.85950,0.00448
v1_frozen,Nano,0.85985,0.00489
v1_frozen,Nano,0.86020,0.00489
v1_frozen,Nano,0.86055,0.00489
v1_frozen,Nano,0.86090,0.00488
v1_frozen,Nano,0.86125,0.00488
v1_frozen,Nano,0.86160,0.00488
v1_frozen,Nano,0.86195,0.00488
v1_frozen,Nano,0.86230,0.00488
v1_frozen,Nano,0.86265,0.00487
v1_frozen,Nano,0.86300,0.00487
v1_frozen,Nano,0.86335,0.00487
v1_frozen,Nano,0.86370,0.00487
v1_frozen,Nano,0.86405,0.00487
v1_frozen,Nano,0.86440,0.00486
v1_frozen,Nano,0.86475,0.00527
v1_frozen,Nano,0.86510,0.00527
v1_frozen,Nano,0.86545,0.00526
v1_frozen,Nano,0.86580,0.00567
v1_frozen,Nano,0.86615,0.00566
v1_frozen,Nano,0.86650,0.00566
v1_frozen,Nano,0.86685,0.00566
v1_frozen,Nano,0.86720,0.00566
v1_frozen,Nano,0.86755,0.00565
v1_frozen,Nano,0.86790,0.00565
v1_frozen,Nano,0.86826,0.00565
v1_frozen,Nano,0.86861,0.00565
v1_frozen,Nano,0.86896,0.00605
v1_frozen,Nano,0.86931,0.00605
v1_frozen,Nano,0.86966,0.00604
v1_frozen,Nano,0.87001,0.00604
v1_frozen,Nano,0.87036,0.00604
v1_frozen,Nano,0.87071,0.00604
v1_frozen,Nano,0.87106,0.00603
v1_frozen,Nano,0.87141,0.00603
v1_frozen,Nano,0.87176,0.00603
v1_frozen,Nano,0.87211,0.00603
v1_frozen,Nano,0.87246,0.00602
v1_frozen,Nano,0.87281,0.00602
v1_frozen,Nano,0.87316,0.00602
v1_frozen,Nano,0.87351,0.00602
v1_frozen,Nano,0.87386,0.00601
v1_frozen,Nano,0.87421,0.00601
v1_frozen,Nano,0.87456,0.00601
v1_frozen,Nano,0.87491,0.00641
v1_frozen,Nano,0.87526,0.00641
v1_frozen,Nano,0.87561,0.00680
v1_frozen,Nano,0.87596,0.00680
v1_frozen,Nano,0.87631,0.00680
v1_frozen,Nano,0.87666,0.00679
v1_frozen,Nano,0.87701,0.00679
v1_frozen,Nano,0.87737,0.00679
v1_frozen,Nano,0.87772,0.00679
v1_frozen,Nano,0.87807,0.00678
v1_frozen,Nano,0.87842,0.00678
v1_frozen,Nano,0.87877,0.00678
v1_frozen,Nano,0.87912,0.00678
v1_frozen,Nano,0.87947,0.00677
v1_frozen,Nano,0.87982,0.00677
v1_frozen,Nano,0.88017,0.00677
v1_frozen,Nano,0.88052,0.00676
v1_frozen,Nano,0.88087,0.00676
v1_frozen,Nano,0.88122,0.00676
v1_frozen,Nano,0.88157,0.00676
v1_frozen,Nano,0.88192,0.00675
v1_frozen,Nano,0.88227,0.00675
v1_frozen,Nano,0.88262,0.00675
v1_frozen,Nano,0.88297,0.00675
v1_frozen,Nano,0.88332,0.00674
v1_frozen,Nano,0.88367,0.00674
v1_frozen,Nano,0.88402,0.00674
v1_frozen,Nano,0.88437,0.00674
v1_frozen,Nano,0.88472,0.00673
v1_frozen,Nano,0.88507,0.00713
v1_frozen,Nano,0.88542,0.00712
v1_frozen,Nano,0.88577,0.00712
v1_frozen,Nano,0.88612,0.00712
v1_frozen,Nano,0.88648,0.00711
v1_frozen,Nano,0.88683,0.00711
v1_frozen,Nano,0.88718,0.00711
v1_frozen,Nano,0.88753,0.00711
v1_frozen,Nano,0.88788,0.00710
v1_frozen,Nano,0.88823,0.00710
v1_frozen,Nano,0.88858,0.00710
v1_frozen,Nano,0.88893,0.00709
v1_frozen,Nano,0.88928,0.00709
v1_frozen,Nano,0.88963,0.00709
v1_frozen,Nano,0.88998,0.00709
v1_frozen,Nano,0.89033,0.00708
v1_frozen,Nano,0.89068,0.00708
v1_frozen,Nano,0.89103,0.00708
v1_frozen,Nano,0.89138,0.00708
v1_frozen,Nano,0.89173,0.00707
v1_frozen,Nano,0.89208,0.00707
v1_frozen,Nano,0.89243,0.00707
v1_frozen,Nano,0.89278,0.00706
v1_frozen,Nano,0.89313,0.00745
v1_frozen,Nano,0.89348,0.00745
v1_frozen,Nano,0.89383,0.00745
v1_frozen,Nano,0.89418,0.00745
v1_frozen,Nano,0.89453,0.00744
v1_frozen,Nano,0.89488,0.00744
v1_frozen,Nano,0.89523,0.00744
v1_frozen,Nano,0.89559,0.00743
v1_frozen,Nano,0.89594,0.00743
v1_frozen,Nano,0.89629,0.00743
v1_frozen,Nano,0.89664,0.00742
v1_frozen,Nano,0.89699,0.00742
v1_frozen,Nano,0.89734,0.00742
v1_frozen,Nano,0.89769,0.00742
v1_frozen,Nano,0.89804,0.00741
v1_frozen,Nano,0.89839,0.00741
v1_frozen,Nano,0.89874,0.00741
v1_frozen,Nano,0.89909,0.00740
v1_frozen,Nano,0.89944,0.00740
v1_frozen,Nano,0.89979,0.00740
v1_frozen,Nano,0.90014,0.00740
v1_frozen,Nano,0.90049,0.00778
v1_frozen,Nano,0.90084,0.00778
v1_frozen,Nano,0.90119,0.00778
v1_frozen,Nano,0.90154,0.00777
v1_frozen,Nano,0.90189,0.00777
v1_frozen,Nano,0.90224,0.00777
v1_frozen,Nano,0.90259,0.00776
v1_frozen,Nano,0.90294,0.00776
v1_frozen,Nano,0.90329,0.00776
v1_frozen,Nano,0.90364,0.00775
v1_frozen,Nano,0.90399,0.00775
v1_frozen,Nano,0.90434,0.00775
v1_frozen,Nano,0.90470,0.00775
v1_frozen,Nano,0.90505,0.00774
v1_frozen,Nano,0.90540,0.00774
v1_frozen,Nano,0.90575,0.00774
v1_frozen,Nano,0.90610,0.00773
v1_frozen,Nano,0.90645,0.00773
v1_frozen,Nano,0.90680,0.00773
v1_frozen,Nano,0.90715,0.00772
v1_frozen,Nano,0.90750,0.00811
v1_frozen,Nano,0.90785,0.00810
v1_frozen,Nano,0.90820,0.00810
v1_frozen,Nano,0.90855,0.00810
v1_frozen,Nano,0.90890,0.00810
v1_frozen,Nano,0.90925,0.00809
v1_frozen,Nano,0.90960,0.00809
v1_frozen,Nano,0.90995,0.00809
v1_frozen,Nano,0.91030,0.00808
v1_frozen,Nano,0.91065,0.00808
v1_frozen,Nano,0.91100,0.00808
v1_frozen,Nano,0.91135,0.00807
v1_frozen,Nano,0.91170,0.00807
v1_frozen,Nano,0.91205,0.00807
v1_frozen,Nano,0.91240,0.00806
v1_frozen,Nano,0.91275,0.00806
v1_frozen,Nano,0.91310,0.00806
v1_frozen,Nano,0.91345,0.00806
v1_frozen,Nano,0.91381,0.00805
v1_frozen,Nano,0.91416,0.00805
v1_frozen,Nano,0.91451,0.00843
v1_frozen,Nano,0.91486,0.00843
v1_frozen,Nano,0.91521,0.00842
v1_frozen,Nano,0.91556,0.00842
v1_frozen,Nano,0.91591,0.00842
v1_frozen,Nano,0.91626,0.00841
v1_frozen,Nano,0.91661,0.00841
v1_frozen,Nano,0.91696,0.00841
v1_frozen,Nano,0.91731,0.00840
v1_frozen,Nano,0.91766,0.00840
v1_frozen,Nano,0.91801,0.00840
v1_frozen,Nano,0.91836,0.00839
v1_frozen,Nano,0.91871,0.00839
v1_frozen,Nano,0.91906,0.00839
v1_frozen,Nano,0.91941,0.00838
v1_frozen,Nano,0.91976,0.00838
v1_frozen,Nano,0.92011,0.00838
v1_frozen,Nano,0.92046,0.00837
v1_frozen,Nano,0.92081,0.00875
v1_frozen,Nano,0.92116,0.00875
v1_frozen,Nano,0.92151,0.00875
v1_frozen,Nano,0.92186,0.00874
v1_frozen,Nano,0.92221,0.00912
v1_frozen,Nano,0.92256,0.00912
v1_frozen,Nano,0.92292,0.00949
v1_frozen,Nano,0.92327,0.00987
v1_frozen,Nano,0.92362,0.00986
v1_frozen,Nano,0.92397,0.00986
v1_frozen,Nano,0.92432,0.00986
v1_frozen,Nano,0.92467,0.00985
v1_frozen,Nano,0.92502,0.00985
v1_frozen,Nano,0.92537,0.00984
v1_frozen,Nano,0.92572,0.00984
v1_frozen,Nano,0.92607,0.00984
v1_frozen,Nano,0.92642,0.00983
v1_frozen,Nano,0.92677,0.00983
v1_frozen,Nano,0.92712,0.00983
v1_frozen,Nano,0.92747,0.00982
v1_frozen,Nano,0.92782,0.00982
v1_frozen,Nano,0.92817,0.00982
v1_frozen,Nano,0.92852,0.00981
v1_frozen,Nano,0.92887,0.00981
v1_frozen,Nano,0.92922,0.00980
v1_frozen,Nano,0.92957,0.00980
v1_frozen,Nano,0.92992,0.00980
v1_frozen,Nano,0.93027,0.00979
v1_frozen,Nano,0.93062,0.00979
v1_frozen,Nano,0.93097,0.00979
v1_frozen,Nano,0.93132,0.00978
v1_frozen,Nano,0.93167,0.00978
v1_frozen,Nano,0.93203,0.00977
v1_frozen,Nano,0.93238,0.00977
v1_frozen,Nano,0.93273,0.01014
v1_frozen,Nano,0.93308,0.01014
v1_frozen,Nano,0.93343,0.01014
v1_frozen,Nano,0.93378,0.01013
v1_frozen,Nano,0.93413,0.01050
v1_frozen,Nano,0.93448,0.01050
v1_frozen,Nano,0.93483,0.01087
v1_frozen,Nano,0.93518,0.01087
v1_frozen,Nano,0.93553,0.01086
v1_frozen,Nano,0.93588,0.01086
v1_frozen,Nano,0.93623,0.01085
v1_frozen,Nano,0.93658,0.01085
v1_frozen,Nano,0.93693,0.01085
v1_frozen,Nano,0.93728,0.01121
v1_frozen,Nano,0.93763,0.01158
v1_frozen,Nano,0.93798,0.01195
v1_frozen,Nano,0.93833,0.01195
v1_frozen,Nano,0.93868,0.01232
v1_frozen,Nano,0.93903,0.01231
v1_frozen,Nano,0.93938,0.01231
v1_frozen,Nano,0.93973,0.01230
v1_frozen,Nano,0.94008,0.01230
v1_frozen,Nano,0.94043,0.01230
v1_frozen,Nano,0.94078,0.01229
v1_frozen,Nano,0.94114,0.01266
v1_frozen,Nano,0.94149,0.01303
v1_frozen,Nano,0.94184,0.01302
v1_frozen,Nano,0.94219,0.01302
v1_frozen,Nano,0.94254,0.01301
v1_frozen,Nano,0.94289,0.01301
v1_frozen,Nano,0.94324,0.01300
v1_frozen,Nano,0.94359,0.01300
v1_frozen,Nano,0.94394,0.01299
v1_frozen,Nano,0.94429,0.01299
v1_frozen,Nano,0.94464,0.01335
v1_frozen,Nano,0.94499,0.01335
v1_frozen,Nano,0.94534,0.01371
v1_frozen,Nano,0.94569,0.01371
v1_frozen,Nano,0.94604,0.01370
v1_frozen,Nano,0.94639,0.01370
v1_frozen,Nano,0.94674,0.01406
v1_frozen,Nano,0.94709,0.01406
v1_frozen,Nano,0.94744,0.01405
v1_frozen,Nano,0.94779,0.01405
v1_frozen,Nano,0.94814,0.01404
v1_frozen,Nano,0.94849,0.01404
v1_frozen,Nano,0.94884,0.01403
v1_frozen,Nano,0.94919,0.01403
v1_frozen,Nano,0.94954,0.01402
v1_frozen,Nano,0.94989,0.01402
v1_frozen,Nano,0.95025,0.01401
v1_frozen,Nano,0.95060,0.01401
v1_frozen,Nano,0.95095,0.01437
v1_frozen,Nano,0.95130,0.01436
v1_frozen,Nano,0.95165,0.01436
v1_frozen,Nano,0.95200,0.01435
v1_frozen,Nano,0.95235,0.01472
v1_frozen,Nano,0.95270,0.01471
v1_frozen,Nano,0.95305,0.01507
v1_frozen,Nano,0.95340,0.01507
v1_frozen,Nano,0.95375,0.01506
v1_frozen,Nano,0.95410,0.01506
v1_frozen,Nano,0.95445,0.01542
v1_frozen,Nano,0.95480,0.01578
v1_frozen,Nano,0.95515,0.01577
v1_frozen,Nano,0.95550,0.01577
v1_frozen,Nano,0.95585,0.01576
v1_frozen,Nano,0.95620,0.01576
v1_frozen,Nano,0.95655,0.01575
v1_frozen,Nano,0.95690,0.01575
v1_frozen,Nano,0.95725,0.01574
v1_frozen,Nano,0.95760,0.01573
v1_frozen,Nano,0.95795,0.01609
v1_frozen,Nano,0.95830,0.01609
v1_frozen,Nano,0.95865,0.01645
v1_frozen,Nano,0.95900,0.01644
v1_frozen,Nano,0.95936,0.01644
v1_frozen,Nano,0.95971,0.01679
v1_frozen,Nano,0.96006,0.01679
v1_frozen,Nano,0.96041,0.01678
v1_frozen,Nano,0.96076,0.01678
v1_frozen,Nano,0.96111,0.01713
v1_frozen,Nano,0.96146,0.01713
v1_frozen,Nano,0.96181,0.01749
v1_frozen,Nano,0.96216,0.01748
v1_frozen,Nano,0.96251,0.01747
v1_frozen,Nano,0.96286,0.01747
v1_frozen,Nano,0.96321,0.01782
v1_frozen,Nano,0.96356,0.01782
v1_frozen,Nano,0.96391,0.01818
v1_frozen,Nano,0.96426,0.01853
v1_frozen,Nano,0.96461,0.01853
v1_frozen,Nano,0.96496,0.01852
v1_frozen,Nano,0.96531,0.01851
v1_frozen,Nano,0.96566,0.01851
v1_frozen,Nano,0.96601,0.01850
v1_frozen,Nano,0.96636,0.01849
v1_frozen,Nano,0.96671,0.01848
v1_frozen,Nano,0.96706,0.01848
v1_frozen,Nano,0.96741,0.01847
v1_frozen,Nano,0.96776,0.01883
v1_frozen,Nano,0.96811,0.01918
v1_frozen,Nano,0.96847,0.01918
v1_frozen,Nano,0.96882,0.01917
v1_frozen,Nano,0.96917,0.01952
v1_frozen,Nano,0.96952,0.01952
v1_frozen,Nano,0.96987,0.01951
v1_frozen,Nano,0.97022,0.01986
v1_frozen,Nano,0.97057,0.01986
v1_frozen,Nano,0.97092,0.01985
v1_frozen,Nano,0.97127,0.02020
v1_frozen,Nano,0.97162,0.02019
v1_frozen,Nano,0.97197,0.02055
v1_frozen,Nano,0.97232,0.02054
v1_frozen,Nano,0.97267,0.02053
v1_frozen,Nano,0.97302,0.02089
v1_frozen,Nano,0.97337,0.02088
v1_frozen,Nano,0.97372,0.02087
v1_frozen,Nano,0.97407,0.02122
v1_frozen,Nano,0.97442,0.02122
v1_frozen,Nano,0.97477,0.02157
v1_frozen,Nano,0.97512,0.02192
v1_frozen,Nano,0.97547,0.02227
v1_frozen,Nano,0.97582,0.02262
v1_frozen,Nano,0.97617,0.02261
v1_frozen,Nano,0.97652,0.02260
v1_frozen,Nano,0.97687,0.02260
v1_frozen,Nano,0.97722,0.02259
v1_frozen,Nano,0.97758,0.02294
v1_frozen,Nano,0.97793,0.02329
v1_frozen,Nano,0.97828,0.02328
v1_frozen,Nano,0.97863,0.02327
v1_frozen,Nano,0.97898,0.02326
v1_frozen,Nano,0.97933,0.02326
v1_frozen,Nano,0.97968,0.02325
v1_frozen,Nano,0.98003,0.02360
v1_frozen,Nano,0.98038,0.02359
v1_frozen,Nano,0.98073,0.02394
v1_frozen,Nano,0.98108,0.02393
v1_frozen,Nano,0.98143,0.02392
v1_frozen,Nano,0.98178,0.02427
v1_frozen,Nano,0.98213,0.02462
v1_frozen,Nano,0.98248,0.02496
v1_frozen,Nano,0.98283,0.02496
v1_frozen,Nano,0.98318,0.02495
v1_frozen,Nano,0.98353,0.02494
v1_frozen,Nano,0.98388,0.02493
v1_frozen,Nano,0.98423,0.02492
v1_frozen,Nano,0.98458,0.02491
v1_frozen,Nano,0.98493,0.02490
v1_frozen,Nano,0.98528,0.02489
v1_frozen,Nano,0.98563,0.02524
v1_frozen,Nano,0.98598,0.02523
v1_frozen,Nano,0.98633,0.02522
v1_frozen,Nano,0.98669,0.02557
v1_frozen,Nano,0.98704,0.02591
v1_frozen,Nano,0.98739,0.02590
v1_frozen,Nano,0.98774,0.02590
v1_frozen,Nano,0.98809,0.02624
v1_frozen,Nano,0.98844,0.02623
v1_frozen,Nano,0.98879,0.02658
v1_frozen,Nano,0.98914,0.02657
v1_frozen,Nano,0.98949,0.02691
v1_frozen,Nano,0.98984,0.02690
v1_frozen,Nano,0.99019,0.02689
v1_frozen,Nano,0.99054,0.02688
v1_frozen,Nano,0.99089,0.02687
v1_frozen,Nano,0.99124,0.02722
v1_frozen,Nano,0.99159,0.02756
v1_frozen,Nano,0.99194,0.02791
v1_frozen,Nano,0.99229,0.02790
v1_frozen,Nano,0.99264,0.02824
v1_frozen,Nano,0.99299,0.02858
v1_frozen,Nano,0.99334,0.02857
v1_frozen,Nano,0.99369,0.02856
v1_frozen,Nano,0.99404,0.02855
v1_frozen,Nano,0.99439,0.02854
v1_frozen,Nano,0.99474,0.02853
v1_frozen,Nano,0.99509,0.02887
v1_frozen,Nano,0.99544,0.02922
v1_frozen,Nano,0.99580,0.02956
v1_frozen,Nano,0.99615,0.02955
v1_frozen,Nano,0.99650,0.02954
v1_frozen,Nano,0.99685,0.02988
v1_frozen,Nano,0.99720,0.03022
v1_frozen,Nano,0.99755,0.03056
v1_frozen,Nano,0.99790,0.03090
v1_frozen,Nano,0.99825,0.03124
v1_frozen,Nano,0.99860,0.03158
v1_frozen,Nano,0.99895,0.03157
v1_frozen,Nano,0.99930,0.03156
v1_frozen,Nano,0.99965,0.03155
v1_frozen,Nano,1.00000,0.03189
v1_frozen,Fast,0.00035,0.00000
v1_frozen,Fast,0.00070,0.00000
v1_frozen,Fast,0.00105,0.00000
v1_frozen,Fast,0.00140,0.00000
v1_frozen,Fast,0.00175,0.00000
v1_frozen,Fast,0.00210,0.00000
v1_frozen,Fast,0.00245,0.00000
v1_frozen,Fast,0.00280,0.00000
v1_frozen,Fast,0.00315,0.00000
v1_frozen,Fast,0.00350,0.00000
v1_frozen,Fast,0.00385,0.00000
v1_frozen,Fast,0.00420,0.00000
v1_frozen,Fast,0.00456,0.00000
v1_frozen,Fast,0.00491,0.00000
v1_frozen,Fast,0.00526,0.00000
v1_frozen,Fast,0.00561,0.00000
v1_frozen,Fast,0.00596,0.00000
v1_frozen,Fast,0.00631,0.00000
v1_frozen,Fast,0.00666,0.00000
v1_frozen,Fast,0.00701,0.00000
v1_frozen,Fast,0.00736,0.00000
v1_frozen,Fast,0.00771,0.00000
v1_frozen,Fast,0.00806,0.00000
v1_frozen,Fast,0.00841,0.00000
v1_frozen,Fast,0.00876,0.00000
v1_frozen,Fast,0.00911,0.00000
v1_frozen,Fast,0.00946,0.00000
v1_frozen,Fast,0.00981,0.00000
v1_frozen,Fast,0.01016,0.00000
v1_frozen,Fast,0.01051,0.00000
v1_frozen,Fast,0.01086,0.00000
v1_frozen,Fast,0.01121,0.00000
v1_frozen,Fast,0.01156,0.00000
v1_frozen,Fast,0.01191,0.00000
v1_frozen,Fast,0.01226,0.00000
v1_frozen,Fast,0.01261,0.00000
v1_frozen,Fast,0.01296,0.00000
v1_frozen,Fast,0.01331,0.00000
v1_frozen,Fast,0.01367,0.00000
v1_frozen,Fast,0.01402,0.00000
v1_frozen,Fast,0.01437,0.00000
v1_frozen,Fast,0.01472,0.00000
v1_frozen,Fast,0.01507,0.00000
v1_frozen,Fast,0.01542,0.00000
v1_frozen,Fast,0.01577,0.00000
v1_frozen,Fast,0.01612,0.00000
v1_frozen,Fast,0.01647,0.00000
v1_frozen,Fast,0.01682,0.00000
v1_frozen,Fast,0.01717,0.00000
v1_frozen,Fast,0.01752,0.00000
v1_frozen,Fast,0.01787,0.00000
v1_frozen,Fast,0.01822,0.00000
v1_frozen,Fast,0.01857,0.00000
v1_frozen,Fast,0.01892,0.00000
v1_frozen,Fast,0.01927,0.00000
v1_frozen,Fast,0.01962,0.00000
v1_frozen,Fast,0.01997,0.00000
v1_frozen,Fast,0.02032,0.00000
v1_frozen,Fast,0.02067,0.00000
v1_frozen,Fast,0.02102,0.00000
v1_frozen,Fast,0.02137,0.00000
v1_frozen,Fast,0.02172,0.00000
v1_frozen,Fast,0.02207,0.00000
v1_frozen,Fast,0.02242,0.00000
v1_frozen,Fast,0.02278,0.00000
v1_frozen,Fast,0.02313,0.00000
v1_frozen,Fast,0.02348,0.00000
v1_frozen,Fast,0.02383,0.00000
v1_frozen,Fast,0.02418,0.00000
v1_frozen,Fast,0.02453,0.00000
v1_frozen,Fast,0.02488,0.00000
v1_frozen,Fast,0.02523,0.00000
v1_frozen,Fast,0.02558,0.00000
v1_frozen,Fast,0.02593,0.00000
v1_frozen,Fast,0.02628,0.00000
v1_frozen,Fast,0.02663,0.00000
v1_frozen,Fast,0.02698,0.00000
v1_frozen,Fast,0.02733,0.00000
v1_frozen,Fast,0.02768,0.00000
v1_frozen,Fast,0.02803,0.00000
v1_frozen,Fast,0.02838,0.00000
v1_frozen,Fast,0.02873,0.00000
v1_frozen,Fast,0.02908,0.00000
v1_frozen,Fast,0.02943,0.00000
v1_frozen,Fast,0.02978,0.00000
v1_frozen,Fast,0.03013,0.00000
v1_frozen,Fast,0.03048,0.00000
v1_frozen,Fast,0.03083,0.00000
v1_frozen,Fast,0.03118,0.00000
v1_frozen,Fast,0.03153,0.00000
v1_frozen,Fast,0.03189,0.00000
v1_frozen,Fast,0.03224,0.00000
v1_frozen,Fast,0.03259,0.00000
v1_frozen,Fast,0.03294,0.00000
v1_frozen,Fast,0.03329,0.00000
v1_frozen,Fast,0.03364,0.00000
v1_frozen,Fast,0.03399,0.00000
v1_frozen,Fast,0.03434,0.00000
v1_frozen,Fast,0.03469,0.00000
v1_frozen,Fast,0.03504,0.00000
v1_frozen,Fast,0.03539,0.00000
v1_frozen,Fast,0.03574,0.00000
v1_frozen,Fast,0.03609,0.00000
v1_frozen,Fast,0.03644,0.00000
v1_frozen,Fast,0.03679,0.00000
v1_frozen,Fast,0.03714,0.00000
v1_frozen,Fast,0.03749,0.00000
v1_frozen,Fast,0.03784,0.00000
v1_frozen,Fast,0.03819,0.00000
v1_frozen,Fast,0.03854,0.00000
v1_frozen,Fast,0.03889,0.00000
v1_frozen,Fast,0.03924,0.00000
v1_frozen,Fast,0.03959,0.00000
v1_frozen,Fast,0.03994,0.00000
v1_frozen,Fast,0.04029,0.00000
v1_frozen,Fast,0.04064,0.00000
v1_frozen,Fast,0.04100,0.00000
v1_frozen,Fast,0.04135,0.00000
v1_frozen,Fast,0.04170,0.00000
v1_frozen,Fast,0.04205,0.00000
v1_frozen,Fast,0.04240,0.00000
v1_frozen,Fast,0.04275,0.00000
v1_frozen,Fast,0.04310,0.00000
v1_frozen,Fast,0.04345,0.00000
v1_frozen,Fast,0.04380,0.00000
v1_frozen,Fast,0.04415,0.00000
v1_frozen,Fast,0.04450,0.00000
v1_frozen,Fast,0.04485,0.00000
v1_frozen,Fast,0.04520,0.00000
v1_frozen,Fast,0.04555,0.00000
v1_frozen,Fast,0.04590,0.00000
v1_frozen,Fast,0.04625,0.00000
v1_frozen,Fast,0.04660,0.00000
v1_frozen,Fast,0.04695,0.00000
v1_frozen,Fast,0.04730,0.00000
v1_frozen,Fast,0.04765,0.00000
v1_frozen,Fast,0.04800,0.00000
v1_frozen,Fast,0.04835,0.00000
v1_frozen,Fast,0.04870,0.00000
v1_frozen,Fast,0.04905,0.00000
v1_frozen,Fast,0.04940,0.00000
v1_frozen,Fast,0.04975,0.00000
v1_frozen,Fast,0.05011,0.00000
v1_frozen,Fast,0.05046,0.00000
v1_frozen,Fast,0.05081,0.00000
v1_frozen,Fast,0.05116,0.00000
v1_frozen,Fast,0.05151,0.00000
v1_frozen,Fast,0.05186,0.00000
v1_frozen,Fast,0.05221,0.00000
v1_frozen,Fast,0.05256,0.00000
v1_frozen,Fast,0.05291,0.00000
v1_frozen,Fast,0.05326,0.00000
v1_frozen,Fast,0.05361,0.00000
v1_frozen,Fast,0.05396,0.00000
v1_frozen,Fast,0.05431,0.00000
v1_frozen,Fast,0.05466,0.00000
v1_frozen,Fast,0.05501,0.00000
v1_frozen,Fast,0.05536,0.00000
v1_frozen,Fast,0.05571,0.00000
v1_frozen,Fast,0.05606,0.00000
v1_frozen,Fast,0.05641,0.00000
v1_frozen,Fast,0.05676,0.00000
v1_frozen,Fast,0.05711,0.00000
v1_frozen,Fast,0.05746,0.00000
v1_frozen,Fast,0.05781,0.00000
v1_frozen,Fast,0.05816,0.00000
v1_frozen,Fast,0.05851,0.00000
v1_frozen,Fast,0.05886,0.00000
v1_frozen,Fast,0.05922,0.00000
v1_frozen,Fast,0.05957,0.00000
v1_frozen,Fast,0.05992,0.00000
v1_frozen,Fast,0.06027,0.00000
v1_frozen,Fast,0.06062,0.00000
v1_frozen,Fast,0.06097,0.00000
v1_frozen,Fast,0.06132,0.00000
v1_frozen,Fast,0.06167,0.00000
v1_frozen,Fast,0.06202,0.00000
v1_frozen,Fast,0.06237,0.00000
v1_frozen,Fast,0.06272,0.00000
v1_frozen,Fast,0.06307,0.00000
v1_frozen,Fast,0.06342,0.00000
v1_frozen,Fast,0.06377,0.00000
v1_frozen,Fast,0.06412,0.00000
v1_frozen,Fast,0.06447,0.00000
v1_frozen,Fast,0.06482,0.00000
v1_frozen,Fast,0.06517,0.00000
v1_frozen,Fast,0.06552,0.00000
v1_frozen,Fast,0.06587,0.00000
v1_frozen,Fast,0.06622,0.00000
v1_frozen,Fast,0.06657,0.00000
v1_frozen,Fast,0.06692,0.00000
v1_frozen,Fast,0.06727,0.00000
v1_frozen,Fast,0.06762,0.00000
v1_frozen,Fast,0.06797,0.00000
v1_frozen,Fast,0.06833,0.00000
v1_frozen,Fast,0.06868,0.00000
v1_frozen,Fast,0.06903,0.00000
v1_frozen,Fast,0.06938,0.00000
v1_frozen,Fast,0.06973,0.00000
v1_frozen,Fast,0.07008,0.00000
v1_frozen,Fast,0.07043,0.00000
v1_frozen,Fast,0.07078,0.00000
v1_frozen,Fast,0.07113,0.00000
v1_frozen,Fast,0.07148,0.00000
v1_frozen,Fast,0.07183,0.00000
v1_frozen,Fast,0.07218,0.00000
v1_frozen,Fast,0.07253,0.00000
v1_frozen,Fast,0.07288,0.00000
v1_frozen,Fast,0.07323,0.00000
v1_frozen,Fast,0.07358,0.00000
v1_frozen,Fast,0.07393,0.00000
v1_frozen,Fast,0.07428,0.00000
v1_frozen,Fast,0.07463,0.00000
v1_frozen,Fast,0.07498,0.00000
v1_frozen,Fast,0.07533,0.00000
v1_frozen,Fast,0.07568,0.00000
v1_frozen,Fast,0.07603,0.00000
v1_frozen,Fast,0.07638,0.00000
v1_frozen,Fast,0.07673,0.00000
v1_frozen,Fast,0.07708,0.00000
v1_frozen,Fast,0.07744,0.00000
v1_frozen,Fast,0.07779,0.00000
v1_frozen,Fast,0.07814,0.00000
v1_frozen,Fast,0.07849,0.00000
v1_frozen,Fast,0.07884,0.00000
v1_frozen,Fast,0.07919,0.00000
v1_frozen,Fast,0.07954,0.00000
v1_frozen,Fast,0.07989,0.00000
v1_frozen,Fast,0.08024,0.00000
v1_frozen,Fast,0.08059,0.00000
v1_frozen,Fast,0.08094,0.00000
v1_frozen,Fast,0.08129,0.00000
v1_frozen,Fast,0.08164,0.00000
v1_frozen,Fast,0.08199,0.00000
v1_frozen,Fast,0.08234,0.00000
v1_frozen,Fast,0.08269,0.00000
v1_frozen,Fast,0.08304,0.00000
v1_frozen,Fast,0.08339,0.00000
v1_frozen,Fast,0.08374,0.00000
v1_frozen,Fast,0.08409,0.00000
v1_frozen,Fast,0.08444,0.00000
v1_frozen,Fast,0.08479,0.00000
v1_frozen,Fast,0.08514,0.00000
v1_frozen,Fast,0.08549,0.00000
v1_frozen,Fast,0.08584,0.00000
v1_frozen,Fast,0.08619,0.00000
v1_frozen,Fast,0.08655,0.00000
v1_frozen,Fast,0.08690,0.00000
v1_frozen,Fast,0.08725,0.00000
v1_frozen,Fast,0.08760,0.00000
v1_frozen,Fast,0.08795,0.00000
v1_frozen,Fast,0.08830,0.00000
v1_frozen,Fast,0.08865,0.00000
v1_frozen,Fast,0.08900,0.00000
v1_frozen,Fast,0.08935,0.00000
v1_frozen,Fast,0.08970,0.00000
v1_frozen,Fast,0.09005,0.00000
v1_frozen,Fast,0.09040,0.00000
v1_frozen,Fast,0.09075,0.00000
v1_frozen,Fast,0.09110,0.00000
v1_frozen,Fast,0.09145,0.00000
v1_frozen,Fast,0.09180,0.00000
v1_frozen,Fast,0.09215,0.00000
v1_frozen,Fast,0.09250,0.00000
v1_frozen,Fast,0.09285,0.00000
v1_frozen,Fast,0.09320,0.00000
v1_frozen,Fast,0.09355,0.00000
v1_frozen,Fast,0.09390,0.00000
v1_frozen,Fast,0.09425,0.00000
v1_frozen,Fast,0.09460,0.00000
v1_frozen,Fast,0.09495,0.00000
v1_frozen,Fast,0.09530,0.00000
v1_frozen,Fast,0.09566,0.00000
v1_frozen,Fast,0.09601,0.00000
v1_frozen,Fast,0.09636,0.00000
v1_frozen,Fast,0.09671,0.00000
v1_frozen,Fast,0.09706,0.00000
v1_frozen,Fast,0.09741,0.00000
v1_frozen,Fast,0.09776,0.00000
v1_frozen,Fast,0.09811,0.00000
v1_frozen,Fast,0.09846,0.00000
v1_frozen,Fast,0.09881,0.00000
v1_frozen,Fast,0.09916,0.00000
v1_frozen,Fast,0.09951,0.00000
v1_frozen,Fast,0.09986,0.00000
v1_frozen,Fast,0.10021,0.00000
v1_frozen,Fast,0.10056,0.00000
v1_frozen,Fast,0.10091,0.00000
v1_frozen,Fast,0.10126,0.00000
v1_frozen,Fast,0.10161,0.00000
v1_frozen,Fast,0.10196,0.00000
v1_frozen,Fast,0.10231,0.00000
v1_frozen,Fast,0.10266,0.00000
v1_frozen,Fast,0.10301,0.00000
v1_frozen,Fast,0.10336,0.00000
v1_frozen,Fast,0.10371,0.00000
v1_frozen,Fast,0.10406,0.00000
v1_frozen,Fast,0.10441,0.00000
v1_frozen,Fast,0.10477,0.00000
v1_frozen,Fast,0.10512,0.00000
v1_frozen,Fast,0.10547,0.00000
v1_frozen,Fast,0.10582,0.00000
v1_frozen,Fast,0.10617,0.00000
v1_frozen,Fast,0.10652,0.00000
v1_frozen,Fast,0.10687,0.00000
v1_frozen,Fast,0.10722,0.00000
v1_frozen,Fast,0.10757,0.00000
v1_frozen,Fast,0.10792,0.00000
v1_frozen,Fast,0.10827,0.00000
v1_frozen,Fast,0.10862,0.00000
v1_frozen,Fast,0.10897,0.00000
v1_frozen,Fast,0.10932,0.00000
v1_frozen,Fast,0.10967,0.00000
v1_frozen,Fast,0.11002,0.00000
v1_frozen,Fast,0.11037,0.00000
v1_frozen,Fast,0.11072,0.00000
v1_frozen,Fast,0.11107,0.00000
v1_frozen,Fast,0.11142,0.00000
v1_frozen,Fast,0.11177,0.00000
v1_frozen,Fast,0.11212,0.00000
v1_frozen,Fast,0.11247,0.00000
v1_frozen,Fast,0.11282,0.00000
v1_frozen,Fast,0.11317,0.00000
v1_frozen,Fast,0.11352,0.00000
v1_frozen,Fast,0.11388,0.00000
v1_frozen,Fast,0.11423,0.00000
v1_frozen,Fast,0.11458,0.00000
v1_frozen,Fast,0.11493,0.00000
v1_frozen,Fast,0.11528,0.00000
v1_frozen,Fast,0.11563,0.00000
v1_frozen,Fast,0.11598,0.00000
v1_frozen,Fast,0.11633,0.00000
v1_frozen,Fast,0.11668,0.00000
v1_frozen,Fast,0.11703,0.00000
v1_frozen,Fast,0.11738,0.00000
v1_frozen,Fast,0.11773,0.00000
v1_frozen,Fast,0.11808,0.00000
v1_frozen,Fast,0.11843,0.00000
v1_frozen,Fast,0.11878,0.00000
v1_frozen,Fast,0.11913,0.00000
v1_frozen,Fast,0.11948,0.00000
v1_frozen,Fast,0.11983,0.00000
v1_frozen,Fast,0.12018,0.00000
v1_frozen,Fast,0.12053,0.00000
v1_frozen,Fast,0.12088,0.00000
v1_frozen,Fast,0.12123,0.00000
v1_frozen,Fast,0.12158,0.00000
v1_frozen,Fast,0.12193,0.00000
v1_frozen,Fast,0.12228,0.00000
v1_frozen,Fast,0.12263,0.00000
v1_frozen,Fast,0.12299,0.00000
v1_frozen,Fast,0.12334,0.00000
v1_frozen,Fast,0.12369,0.00000
v1_frozen,Fast,0.12404,0.00000
v1_frozen,Fast,0.12439,0.00000
v1_frozen,Fast,0.12474,0.00000
v1_frozen,Fast,0.12509,0.00000
v1_frozen,Fast,0.12544,0.00000
v1_frozen,Fast,0.12579,0.00000
v1_frozen,Fast,0.12614,0.00000
v1_frozen,Fast,0.12649,0.00000
v1_frozen,Fast,0.12684,0.00000
v1_frozen,Fast,0.12719,0.00000
v1_frozen,Fast,0.12754,0.00000
v1_frozen,Fast,0.12789,0.00000
v1_frozen,Fast,0.12824,0.00000
v1_frozen,Fast,0.12859,0.00000
v1_frozen,Fast,0.12894,0.00000
v1_frozen,Fast,0.12929,0.00000
v1_frozen,Fast,0.12964,0.00000
v1_frozen,Fast,0.12999,0.00000
v1_frozen,Fast,0.13034,0.00000
v1_frozen,Fast,0.13069,0.00000
v1_frozen,Fast,0.13104,0.00000
v1_frozen,Fast,0.13139,0.00000
v1_frozen,Fast,0.13174,0.00000
v1_frozen,Fast,0.13210,0.00000
v1_frozen,Fast,0.13245,0.00000
v1_frozen,Fast,0.13280,0.00000
v1_frozen,Fast,0.13315,0.00000
v1_frozen,Fast,0.13350,0.00000
v1_frozen,Fast,0.13385,0.00000
v1_frozen,Fast,0.13420,0.00000
v1_frozen,Fast,0.13455,0.00000
v1_frozen,Fast,0.13490,0.00000
v1_frozen,Fast,0.13525,0.00000
v1_frozen,Fast,0.13560,0.00000
v1_frozen,Fast,0.13595,0.00000
v1_frozen,Fast,0.13630,0.00000
v1_frozen,Fast,0.13665,0.00000
v1_frozen,Fast,0.13700,0.00000
v1_frozen,Fast,0.13735,0.00000
v1_frozen,Fast,0.13770,0.00000
v1_frozen,Fast,0.13805,0.00000
v1_frozen,Fast,0.13840,0.00000
v1_frozen,Fast,0.13875,0.00000
v1_frozen,Fast,0.13910,0.00000
v1_frozen,Fast,0.13945,0.00000
v1_frozen,Fast,0.13980,0.00000
v1_frozen,Fast,0.14015,0.00000
v1_frozen,Fast,0.14050,0.00000
v1_frozen,Fast,0.14085,0.00000
v1_frozen,Fast,0.14121,0.00000
v1_frozen,Fast,0.14156,0.00000
v1_frozen,Fast,0.14191,0.00000
v1_frozen,Fast,0.14226,0.00000
v1_frozen,Fast,0.14261,0.00000
v1_frozen,Fast,0.14296,0.00000
v1_frozen,Fast,0.14331,0.00000
v1_frozen,Fast,0.14366,0.00000
v1_frozen,Fast,0.14401,0.00000
v1_frozen,Fast,0.14436,0.00000
v1_frozen,Fast,0.14471,0.00000
v1_frozen,Fast,0.14506,0.00000
v1_frozen,Fast,0.14541,0.00000
v1_frozen,Fast,0.14576,0.00000
v1_frozen,Fast,0.14611,0.00000
v1_frozen,Fast,0.14646,0.00000
v1_frozen,Fast,0.14681,0.00000
v1_frozen,Fast,0.14716,0.00000
v1_frozen,Fast,0.14751,0.00000
v1_frozen,Fast,0.14786,0.00000
v1_frozen,Fast,0.14821,0.00000
v1_frozen,Fast,0.14856,0.00000
v1_frozen,Fast,0.14891,0.00000
v1_frozen,Fast,0.14926,0.00000
v1_frozen,Fast,0.14961,0.00000
v1_frozen,Fast,0.14996,0.00000
v1_frozen,Fast,0.15032,0.00000
v1_frozen,Fast,0.15067,0.00000
v1_frozen,Fast,0.15102,0.00000
v1_frozen,Fast,0.15137,0.00000
v1_frozen,Fast,0.15172,0.00000
v1_frozen,Fast,0.15207,0.00000
v1_frozen,Fast,0.15242,0.00000
v1_frozen,Fast,0.15277,0.00000
v1_frozen,Fast,0.15312,0.00000
v1_frozen,Fast,0.15347,0.00000
v1_frozen,Fast,0.15382,0.00000
v1_frozen,Fast,0.15417,0.00000
v1_frozen,Fast,0.15452,0.00000
v1_frozen,Fast,0.15487,0.00000
v1_frozen,Fast,0.15522,0.00000
v1_frozen,Fast,0.15557,0.00000
v1_frozen,Fast,0.15592,0.00000
v1_frozen,Fast,0.15627,0.00000
v1_frozen,Fast,0.15662,0.00000
v1_frozen,Fast,0.15697,0.00000
v1_frozen,Fast,0.15732,0.00000
v1_frozen,Fast,0.15767,0.00000
v1_frozen,Fast,0.15802,0.00000
v1_frozen,Fast,0.15837,0.00000
v1_frozen,Fast,0.15872,0.00000
v1_frozen,Fast,0.15907,0.00000
v1_frozen,Fast,0.15943,0.00000
v1_frozen,Fast,0.15978,0.00000
v1_frozen,Fast,0.16013,0.00000
v1_frozen,Fast,0.16048,0.00000
v1_frozen,Fast,0.16083,0.00000
v1_frozen,Fast,0.16118,0.00000
v1_frozen,Fast,0.16153,0.00000
v1_frozen,Fast,0.16188,0.00000
v1_frozen,Fast,0.16223,0.00000
v1_frozen,Fast,0.16258,0.00000
v1_frozen,Fast,0.16293,0.00000
v1_frozen,Fast,0.16328,0.00000
v1_frozen,Fast,0.16363,0.00000
v1_frozen,Fast,0.16398,0.00000
v1_frozen,Fast,0.16433,0.00000
v1_frozen,Fast,0.16468,0.00000
v1_frozen,Fast,0.16503,0.00000
v1_frozen,Fast,0.16538,0.00000
v1_frozen,Fast,0.16573,0.00000
v1_frozen,Fast,0.16608,0.00000
v1_frozen,Fast,0.16643,0.00000
v1_frozen,Fast,0.16678,0.00000
v1_frozen,Fast,0.16713,0.00000
v1_frozen,Fast,0.16748,0.00000
v1_frozen,Fast,0.16783,0.00000
v1_frozen,Fast,0.16819,0.00000
v1_frozen,Fast,0.16854,0.00000
v1_frozen,Fast,0.16889,0.00000
v1_frozen,Fast,0.16924,0.00000
v1_frozen,Fast,0.16959,0.00000
v1_frozen,Fast,0.16994,0.00000
v1_frozen,Fast,0.17029,0.00000
v1_frozen,Fast,0.17064,0.00000
v1_frozen,Fast,0.17099,0.00000
v1_frozen,Fast,0.17134,0.00000
v1_frozen,Fast,0.17169,0.00000
v1_frozen,Fast,0.17204,0.00000
v1_frozen,Fast,0.17239,0.00000
v1_frozen,Fast,0.17274,0.00000
v1_frozen,Fast,0.17309,0.00000
v1_frozen,Fast,0.17344,0.00000
v1_frozen,Fast,0.17379,0.00000
v1_frozen,Fast,0.17414,0.00000
v1_frozen,Fast,0.17449,0.00000
v1_frozen,Fast,0.17484,0.00000
v1_frozen,Fast,0.17519,0.00000
v1_frozen,Fast,0.17554,0.00000
v1_frozen,Fast,0.17589,0.00000
v1_frozen,Fast,0.17624,0.00000
v1_frozen,Fast,0.17659,0.00000
v1_frozen,Fast,0.17694,0.00000
v1_frozen,Fast,0.17730,0.00000
v1_frozen,Fast,0.17765,0.00000
v1_frozen,Fast,0.17800,0.00000
v1_frozen,Fast,0.17835,0.00000
v1_frozen,Fast,0.17870,0.00000
v1_frozen,Fast,0.17905,0.00000
v1_frozen,Fast,0.17940,0.00000
v1_frozen,Fast,0.17975,0.00000
v1_frozen,Fast,0.18010,0.00000
v1_frozen,Fast,0.18045,0.00000
v1_frozen,Fast,0.18080,0.00000
v1_frozen,Fast,0.18115,0.00000
v1_frozen,Fast,0.18150,0.00000
v1_frozen,Fast,0.18185,0.00000
v1_frozen,Fast,0.18220,0.00000
v1_frozen,Fast,0.18255,0.00000
v1_frozen,Fast,0.18290,0.00000
v1_frozen,Fast,0.18325,0.00000
v1_frozen,Fast,0.18360,0.00000
v1_frozen,Fast,0.18395,0.00000
v1_frozen,Fast,0.18430,0.00000
v1_frozen,Fast,0.18465,0.00000
v1_frozen,Fast,0.18500,0.00000
v1_frozen,Fast,0.18535,0.00000
v1_frozen,Fast,0.18570,0.00000
v1_frozen,Fast,0.18605,0.00000
v1_frozen,Fast,0.18641,0.00000
v1_frozen,Fast,0.18676,0.00000
v1_frozen,Fast,0.18711,0.00000
v1_frozen,Fast,0.18746,0.00000
v1_frozen,Fast,0.18781,0.00000
v1_frozen,Fast,0.18816,0.00000
v1_frozen,Fast,0.18851,0.00000
v1_frozen,Fast,0.18886,0.00000
v1_frozen,Fast,0.18921,0.00000
v1_frozen,Fast,0.18956,0.00000
v1_frozen,Fast,0.18991,0.00000
v1_frozen,Fast,0.19026,0.00000
v1_frozen,Fast,0.19061,0.00000
v1_frozen,Fast,0.19096,0.00000
v1_frozen,Fast,0.19131,0.00000
v1_frozen,Fast,0.19166,0.00000
v1_frozen,Fast,0.19201,0.00000
v1_frozen,Fast,0.19236,0.00000
v1_frozen,Fast,0.19271,0.00000
v1_frozen,Fast,0.19306,0.00000
v1_frozen,Fast,0.19341,0.00000
v1_frozen,Fast,0.19376,0.00000
v1_frozen,Fast,0.19411,0.00000
v1_frozen,Fast,0.19446,0.00000
v1_frozen,Fast,0.19481,0.00000
v1_frozen,Fast,0.19516,0.00000
v1_frozen,Fast,0.19552,0.00000
v1_frozen,Fast,0.19587,0.00000
v1_frozen,Fast,0.19622,0.00000
v1_frozen,Fast,0.19657,0.00000
v1_frozen,Fast,0.19692,0.00000
v1_frozen,Fast,0.19727,0.00000
v1_frozen,Fast,0.19762,0.00000
v1_frozen,Fast,0.19797,0.00000
v1_frozen,Fast,0.19832,0.00000
v1_frozen,Fast,0.19867,0.00000
v1_frozen,Fast,0.19902,0.00000
v1_frozen,Fast,0.19937,0.00000
v1_frozen,Fast,0.19972,0.00000
v1_frozen,Fast,0.20007,0.00000
v1_frozen,Fast,0.20042,0.00000
v1_frozen,Fast,0.20077,0.00000
v1_frozen,Fast,0.20112,0.00000
v1_frozen,Fast,0.20147,0.00000
v1_frozen,Fast,0.20182,0.00000
v1_frozen,Fast,0.20217,0.00000
v1_frozen,Fast,0.20252,0.00000
v1_frozen,Fast,0.20287,0.00000
v1_frozen,Fast,0.20322,0.00000
v1_frozen,Fast,0.20357,0.00000
v1_frozen,Fast,0.20392,0.00000
v1_frozen,Fast,0.20427,0.00000
v1_frozen,Fast,0.20463,0.00000
v1_frozen,Fast,0.20498,0.00000
v1_frozen,Fast,0.20533,0.00000
v1_frozen,Fast,0.20568,0.00000
v1_frozen,Fast,0.20603,0.00000
v1_frozen,Fast,0.20638,0.00000
v1_frozen,Fast,0.20673,0.00000
v1_frozen,Fast,0.20708,0.00000
v1_frozen,Fast,0.20743,0.00000
v1_frozen,Fast,0.20778,0.00000
v1_frozen,Fast,0.20813,0.00000
v1_frozen,Fast,0.20848,0.00000
v1_frozen,Fast,0.20883,0.00000
v1_frozen,Fast,0.20918,0.00000
v1_frozen,Fast,0.20953,0.00000
v1_frozen,Fast,0.20988,0.00000
v1_frozen,Fast,0.21023,0.00000
v1_frozen,Fast,0.21058,0.00000
v1_frozen,Fast,0.21093,0.00000
v1_frozen,Fast,0.21128,0.00000
v1_frozen,Fast,0.21163,0.00000
v1_frozen,Fast,0.21198,0.00000
v1_frozen,Fast,0.21233,0.00000
v1_frozen,Fast,0.21268,0.00000
v1_frozen,Fast,0.21303,0.00000
v1_frozen,Fast,0.21338,0.00000
v1_frozen,Fast,0.21374,0.00000
v1_frozen,Fast,0.21409,0.00000
v1_frozen,Fast,0.21444,0.00000
v1_frozen,Fast,0.21479,0.00000
v1_frozen,Fast,0.21514,0.00000
v1_frozen,Fast,0.21549,0.00000
v1_frozen,Fast,0.21584,0.00000
v1_frozen,Fast,0.21619,0.00000
v1_frozen,Fast,0.21654,0.00000
v1_frozen,Fast,0.21689,0.00000
v1_frozen,Fast,0.21724,0.00000
v1_frozen,Fast,0.21759,0.00000
v1_frozen,Fast,0.21794,0.00000
v1_frozen,Fast,0.21829,0.00000
v1_frozen,Fast,0.21864,0.00000
v1_frozen,Fast,0.21899,0.00000
v1_frozen,Fast,0.21934,0.00000
v1_frozen,Fast,0.21969,0.00000
v1_frozen,Fast,0.22004,0.00000
v1_frozen,Fast,0.22039,0.00000
v1_frozen,Fast,0.22074,0.00000
v1_frozen,Fast,0.22109,0.00000
v1_frozen,Fast,0.22144,0.00000
v1_frozen,Fast,0.22179,0.00000
v1_frozen,Fast,0.22214,0.00000
v1_frozen,Fast,0.22249,0.00000
v1_frozen,Fast,0.22285,0.00000
v1_frozen,Fast,0.22320,0.00000
v1_frozen,Fast,0.22355,0.00000
v1_frozen,Fast,0.22390,0.00000
v1_frozen,Fast,0.22425,0.00000
v1_frozen,Fast,0.22460,0.00000
v1_frozen,Fast,0.22495,0.00000
v1_frozen,Fast,0.22530,0.00000
v1_frozen,Fast,0.22565,0.00000
v1_frozen,Fast,0.22600,0.00000
v1_frozen,Fast,0.22635,0.00000
v1_frozen,Fast,0.22670,0.00000
v1_frozen,Fast,0.22705,0.00000
v1_frozen,Fast,0.22740,0.00000
v1_frozen,Fast,0.22775,0.00000
v1_frozen,Fast,0.22810,0.00000
v1_frozen,Fast,0.22845,0.00000
v1_frozen,Fast,0.22880,0.00000
v1_frozen,Fast,0.22915,0.00000
v1_frozen,Fast,0.22950,0.00000
v1_frozen,Fast,0.22985,0.00000
v1_frozen,Fast,0.23020,0.00000
v1_frozen,Fast,0.23055,0.00000
v1_frozen,Fast,0.23090,0.00000
v1_frozen,Fast,0.23125,0.00000
v1_frozen,Fast,0.23160,0.00000
v1_frozen,Fast,0.23196,0.00000
v1_frozen,Fast,0.23231,0.00000
v1_frozen,Fast,0.23266,0.00000
v1_frozen,Fast,0.23301,0.00000
v1_frozen,Fast,0.23336,0.00000
v1_frozen,Fast,0.23371,0.00000
v1_frozen,Fast,0.23406,0.00000
v1_frozen,Fast,0.23441,0.00000
v1_frozen,Fast,0.23476,0.00000
v1_frozen,Fast,0.23511,0.00000
v1_frozen,Fast,0.23546,0.00000
v1_frozen,Fast,0.23581,0.00000
v1_frozen,Fast,0.23616,0.00000
v1_frozen,Fast,0.23651,0.00000
v1_frozen,Fast,0.23686,0.00000
v1_frozen,Fast,0.23721,0.00000
v1_frozen,Fast,0.23756,0.00000
v1_frozen,Fast,0.23791,0.00000
v1_frozen,Fast,0.23826,0.00000
v1_frozen,Fast,0.23861,0.00000
v1_frozen,Fast,0.23896,0.00000
v1_frozen,Fast,0.23931,0.00000
v1_frozen,Fast,0.23966,0.00000
v1_frozen,Fast,0.24001,0.00000
v1_frozen,Fast,0.24036,0.00000
v1_frozen,Fast,0.24071,0.00000
v1_frozen,Fast,0.24107,0.00000
v1_frozen,Fast,0.24142,0.00000
v1_frozen,Fast,0.24177,0.00000
v1_frozen,Fast,0.24212,0.00000
v1_frozen,Fast,0.24247,0.00000
v1_frozen,Fast,0.24282,0.00000
v1_frozen,Fast,0.24317,0.00000
v1_frozen,Fast,0.24352,0.00000
v1_frozen,Fast,0.24387,0.00000
v1_frozen,Fast,0.24422,0.00000
v1_frozen,Fast,0.24457,0.00000
v1_frozen,Fast,0.24492,0.00000
v1_frozen,Fast,0.24527,0.00000
v1_frozen,Fast,0.24562,0.00000
v1_frozen,Fast,0.24597,0.00000
v1_frozen,Fast,0.24632,0.00000
v1_frozen,Fast,0.24667,0.00000
v1_frozen,Fast,0.24702,0.00000
v1_frozen,Fast,0.24737,0.00000
v1_frozen,Fast,0.24772,0.00000
v1_frozen,Fast,0.24807,0.00000
v1_frozen,Fast,0.24842,0.00000
v1_frozen,Fast,0.24877,0.00000
v1_frozen,Fast,0.24912,0.00000
v1_frozen,Fast,0.24947,0.00000
v1_frozen,Fast,0.24982,0.00000
v1_frozen,Fast,0.25018,0.00000
v1_frozen,Fast,0.25053,0.00000
v1_frozen,Fast,0.25088,0.00000
v1_frozen,Fast,0.25123,0.00000
v1_frozen,Fast,0.25158,0.00000
v1_frozen,Fast,0.25193,0.00000
v1_frozen,Fast,0.25228,0.00000
v1_frozen,Fast,0.25263,0.00000
v1_frozen,Fast,0.25298,0.00000
v1_frozen,Fast,0.25333,0.00000
v1_frozen,Fast,0.25368,0.00000
v1_frozen,Fast,0.25403,0.00000
v1_frozen,Fast,0.25438,0.00000
v1_frozen,Fast,0.25473,0.00000
v1_frozen,Fast,0.25508,0.00000
v1_frozen,Fast,0.25543,0.00000
v1_frozen,Fast,0.25578,0.00000
v1_frozen,Fast,0.25613,0.00000
v1_frozen,Fast,0.25648,0.00000
v1_frozen,Fast,0.25683,0.00000
v1_frozen,Fast,0.25718,0.00000
v1_frozen,Fast,0.25753,0.00000
v1_frozen,Fast,0.25788,0.00000
v1_frozen,Fast,0.25823,0.00000
v1_frozen,Fast,0.25858,0.00000
v1_frozen,Fast,0.25893,0.00000
v1_frozen,Fast,0.25929,0.00000
v1_frozen,Fast,0.25964,0.00000
v1_frozen,Fast,0.25999,0.00000
v1_frozen,Fast,0.26034,0.00000
v1_frozen,Fast,0.26069,0.00000
v1_frozen,Fast,0.26104,0.00000
v1_frozen,Fast,0.26139,0.00000
v1_frozen,Fast,0.26174,0.00000
v1_frozen,Fast,0.26209,0.00000
v1_frozen,Fast,0.26244,0.00000
v1_frozen,Fast,0.26279,0.00000
v1_frozen,Fast,0.26314,0.00000
v1_frozen,Fast,0.26349,0.00000
v1_frozen,Fast,0.26384,0.00000
v1_frozen,Fast,0.26419,0.00000
v1_frozen,Fast,0.26454,0.00000
v1_frozen,Fast,0.26489,0.00000
v1_frozen,Fast,0.26524,0.00000
v1_frozen,Fast,0.26559,0.00000
v1_frozen,Fast,0.26594,0.00000
v1_frozen,Fast,0.26629,0.00000
v1_frozen,Fast,0.26664,0.00000
v1_frozen,Fast,0.26699,0.00000
v1_frozen,Fast,0.26734,0.00000
v1_frozen,Fast,0.26769,0.00000
v1_frozen,Fast,0.26804,0.00000
v1_frozen,Fast,0.26840,0.00000
v1_frozen,Fast,0.26875,0.00000
v1_frozen,Fast,0.26910,0.00000
v1_frozen,Fast,0.26945,0.00000
v1_frozen,Fast,0.26980,0.00000
v1_frozen,Fast,0.27015,0.00000
v1_frozen,Fast,0.27050,0.00000
v1_frozen,Fast,0.27085,0.00000
v1_frozen,Fast,0.27120,0.00000
v1_frozen,Fast,0.27155,0.00000
v1_frozen,Fast,0.27190,0.00000
v1_frozen,Fast,0.27225,0.00000
v1_frozen,Fast,0.27260,0.00000
v1_frozen,Fast,0.27295,0.00000
v1_frozen,Fast,0.27330,0.00000
v1_frozen,Fast,0.27365,0.00000
v1_frozen,Fast,0.27400,0.00000
v1_frozen,Fast,0.27435,0.00000
v1_frozen,Fast,0.27470,0.00000
v1_frozen,Fast,0.27505,0.00000
v1_frozen,Fast,0.27540,0.00000
v1_frozen,Fast,0.27575,0.00000
v1_frozen,Fast,0.27610,0.00000
v1_frozen,Fast,0.27645,0.00000
v1_frozen,Fast,0.27680,0.00000
v1_frozen,Fast,0.27715,0.00000
v1_frozen,Fast,0.27751,0.00000
v1_frozen,Fast,0.27786,0.00000
v1_frozen,Fast,0.27821,0.00000
v1_frozen,Fast,0.27856,0.00000
v1_frozen,Fast,0.27891,0.00000
v1_frozen,Fast,0.27926,0.00000
v1_frozen,Fast,0.27961,0.00000
v1_frozen,Fast,0.27996,0.00000
v1_frozen,Fast,0.28031,0.00000
v1_frozen,Fast,0.28066,0.00000
v1_frozen,Fast,0.28101,0.00000
v1_frozen,Fast,0.28136,0.00000
v1_frozen,Fast,0.28171,0.00000
v1_frozen,Fast,0.28206,0.00000
v1_frozen,Fast,0.28241,0.00000
v1_frozen,Fast,0.28276,0.00000
v1_frozen,Fast,0.28311,0.00000
v1_frozen,Fast,0.28346,0.00000
v1_frozen,Fast,0.28381,0.00000
v1_frozen,Fast,0.28416,0.00000
v1_frozen,Fast,0.28451,0.00000
v1_frozen,Fast,0.28486,0.00000
v1_frozen,Fast,0.28521,0.00000
v1_frozen,Fast,0.28556,0.00000
v1_frozen,Fast,0.28591,0.00000
v1_frozen,Fast,0.28626,0.00000
v1_frozen,Fast,0.28662,0.00000
v1_frozen,Fast,0.28697,0.00000
v1_frozen,Fast,0.28732,0.00000
v1_frozen,Fast,0.28767,0.00000
v1_frozen,Fast,0.28802,0.00000
v1_frozen,Fast,0.28837,0.00000
v1_frozen,Fast,0.28872,0.00000
v1_frozen,Fast,0.28907,0.00000
v1_frozen,Fast,0.28942,0.00000
v1_frozen,Fast,0.28977,0.00000
v1_frozen,Fast,0.29012,0.00000
v1_frozen,Fast,0.29047,0.00000
v1_frozen,Fast,0.29082,0.00000
v1_frozen,Fast,0.29117,0.00000
v1_frozen,Fast,0.29152,0.00000
v1_frozen,Fast,0.29187,0.00000
v1_frozen,Fast,0.29222,0.00000
v1_frozen,Fast,0.29257,0.00000
v1_frozen,Fast,0.29292,0.00000
v1_frozen,Fast,0.29327,0.00000
v1_frozen,Fast,0.29362,0.00000
v1_frozen,Fast,0.29397,0.00000
v1_frozen,Fast,0.29432,0.00000
v1_frozen,Fast,0.29467,0.00000
v1_frozen,Fast,0.29502,0.00000
v1_frozen,Fast,0.29537,0.00000
v1_frozen,Fast,0.29573,0.00000
v1_frozen,Fast,0.29608,0.00000
v1_frozen,Fast,0.29643,0.00000
v1_frozen,Fast,0.29678,0.00000
v1_frozen,Fast,0.29713,0.00000
v1_frozen,Fast,0.29748,0.00000
v1_frozen,Fast,0.29783,0.00000
v1_frozen,Fast,0.29818,0.00000
v1_frozen,Fast,0.29853,0.00000
v1_frozen,Fast,0.29888,0.00000
v1_frozen,Fast,0.29923,0.00000
v1_frozen,Fast,0.29958,0.00000
v1_frozen,Fast,0.29993,0.00000
v1_frozen,Fast,0.30028,0.00000
v1_frozen,Fast,0.30063,0.00000
v1_frozen,Fast,0.30098,0.00000
v1_frozen,Fast,0.30133,0.00000
v1_frozen,Fast,0.30168,0.00000
v1_frozen,Fast,0.30203,0.00000
v1_frozen,Fast,0.30238,0.00000
v1_frozen,Fast,0.30273,0.00000
v1_frozen,Fast,0.30308,0.00000
v1_frozen,Fast,0.30343,0.00000
v1_frozen,Fast,0.30378,0.00000
v1_frozen,Fast,0.30413,0.00000
v1_frozen,Fast,0.30448,0.00000
v1_frozen,Fast,0.30484,0.00000
v1_frozen,Fast,0.30519,0.00000
v1_frozen,Fast,0.30554,0.00000
v1_frozen,Fast,0.30589,0.00000
v1_frozen,Fast,0.30624,0.00000
v1_frozen,Fast,0.30659,0.00000
v1_frozen,Fast,0.30694,0.00000
v1_frozen,Fast,0.30729,0.00000
v1_frozen,Fast,0.30764,0.00000
v1_frozen,Fast,0.30799,0.00000
v1_frozen,Fast,0.30834,0.00000
v1_frozen,Fast,0.30869,0.00000
v1_frozen,Fast,0.30904,0.00000
v1_frozen,Fast,0.30939,0.00000
v1_frozen,Fast,0.30974,0.00000
v1_frozen,Fast,0.31009,0.00000
v1_frozen,Fast,0.31044,0.00000
v1_frozen,Fast,0.31079,0.00000
v1_frozen,Fast,0.31114,0.00000
v1_frozen,Fast,0.31149,0.00000
v1_frozen,Fast,0.31184,0.00000
v1_frozen,Fast,0.31219,0.00000
v1_frozen,Fast,0.31254,0.00000
v1_frozen,Fast,0.31289,0.00000
v1_frozen,Fast,0.31324,0.00000
v1_frozen,Fast,0.31359,0.00000
v1_frozen,Fast,0.31395,0.00000
v1_frozen,Fast,0.31430,0.00000
v1_frozen,Fast,0.31465,0.00000
v1_frozen,Fast,0.31500,0.00000
v1_frozen,Fast,0.31535,0.00000
v1_frozen,Fast,0.31570,0.00000
v1_frozen,Fast,0.31605,0.00000
v1_frozen,Fast,0.31640,0.00000
v1_frozen,Fast,0.31675,0.00000
v1_frozen,Fast,0.31710,0.00000
v1_frozen,Fast,0.31745,0.00000
v1_frozen,Fast,0.31780,0.00000
v1_frozen,Fast,0.31815,0.00000
v1_frozen,Fast,0.31850,0.00000
v1_frozen,Fast,0.31885,0.00000
v1_frozen,Fast,0.31920,0.00000
v1_frozen,Fast,0.31955,0.00000
v1_frozen,Fast,0.31990,0.00000
v1_frozen,Fast,0.32025,0.00000
v1_frozen,Fast,0.32060,0.00000
v1_frozen,Fast,0.32095,0.00000
v1_frozen,Fast,0.32130,0.00000
v1_frozen,Fast,0.32165,0.00000
v1_frozen,Fast,0.32200,0.00000
v1_frozen,Fast,0.32235,0.00000
v1_frozen,Fast,0.32270,0.00000
v1_frozen,Fast,0.32306,0.00000
v1_frozen,Fast,0.32341,0.00000
v1_frozen,Fast,0.32376,0.00000
v1_frozen,Fast,0.32411,0.00000
v1_frozen,Fast,0.32446,0.00000
v1_frozen,Fast,0.32481,0.00000
v1_frozen,Fast,0.32516,0.00000
v1_frozen,Fast,0.32551,0.00000
v1_frozen,Fast,0.32586,0.00000
v1_frozen,Fast,0.32621,0.00000
v1_frozen,Fast,0.32656,0.00000
v1_frozen,Fast,0.32691,0.00000
v1_frozen,Fast,0.32726,0.00000
v1_frozen,Fast,0.32761,0.00000
v1_frozen,Fast,0.32796,0.00000
v1_frozen,Fast,0.32831,0.00000
v1_frozen,Fast,0.32866,0.00000
v1_frozen,Fast,0.32901,0.00000
v1_frozen,Fast,0.32936,0.00000
v1_frozen,Fast,0.32971,0.00000
v1_frozen,Fast,0.33006,0.00000
v1_frozen,Fast,0.33041,0.00000
v1_frozen,Fast,0.33076,0.00000
v1_frozen,Fast,0.33111,0.00000
v1_frozen,Fast,0.33146,0.00000
v1_frozen,Fast,0.33181,0.00000
v1_frozen,Fast,0.33217,0.00000
v1_frozen,Fast,0.33252,0.00000
v1_frozen,Fast,0.33287,0.00000
v1_frozen,Fast,0.33322,0.00000
v1_frozen,Fast,0.33357,0.00000
v1_frozen,Fast,0.33392,0.00000
v1_frozen,Fast,0.33427,0.00000
v1_frozen,Fast,0.33462,0.00000
v1_frozen,Fast,0.33497,0.00000
v1_frozen,Fast,0.33532,0.00000
v1_frozen,Fast,0.33567,0.00000
v1_frozen,Fast,0.33602,0.00000
v1_frozen,Fast,0.33637,0.00000
v1_frozen,Fast,0.33672,0.00000
v1_frozen,Fast,0.33707,0.00000
v1_frozen,Fast,0.33742,0.00000
v1_frozen,Fast,0.33777,0.00000
v1_frozen,Fast,0.33812,0.00000
v1_frozen,Fast,0.33847,0.00000
v1_frozen,Fast,0.33882,0.00000
v1_frozen,Fast,0.33917,0.00000
v1_frozen,Fast,0.33952,0.00000
v1_frozen,Fast,0.33987,0.00000
v1_frozen,Fast,0.34022,0.00000
v1_frozen,Fast,0.34057,0.00000
v1_frozen,Fast,0.34093,0.00000
v1_frozen,Fast,0.34128,0.00000
v1_frozen,Fast,0.34163,0.00000
v1_frozen,Fast,0.34198,0.00000
v1_frozen,Fast,0.34233,0.00000
v1_frozen,Fast,0.34268,0.00000
v1_frozen,Fast,0.34303,0.00000
v1_frozen,Fast,0.34338,0.00000
v1_frozen,Fast,0.34373,0.00000
v1_frozen,Fast,0.34408,0.00000
v1_frozen,Fast,0.34443,0.00000
v1_frozen,Fast,0.34478,0.00000
v1_frozen,Fast,0.34513,0.00000
v1_frozen,Fast,0.34548,0.00000
v1_frozen,Fast,0.34583,0.00000
v1_frozen,Fast,0.34618,0.00000
v1_frozen,Fast,0.34653,0.00000
v1_frozen,Fast,0.34688,0.00000
v1_frozen,Fast,0.34723,0.00000
v1_frozen,Fast,0.34758,0.00000
v1_frozen,Fast,0.34793,0.00000
v1_frozen,Fast,0.34828,0.00000
v1_frozen,Fast,0.34863,0.00000
v1_frozen,Fast,0.34898,0.00000
v1_frozen,Fast,0.34933,0.00000
v1_frozen,Fast,0.34968,0.00000
v1_frozen,Fast,0.35004,0.00000
v1_frozen,Fast,0.35039,0.00000
v1_frozen,Fast,0.35074,0.00000
v1_frozen,Fast,0.35109,0.00000
v1_frozen,Fast,0.35144,0.00000
v1_frozen,Fast,0.35179,0.00000
v1_frozen,Fast,0.35214,0.00000
v1_frozen,Fast,0.35249,0.00000
v1_frozen,Fast,0.35284,0.00000
v1_frozen,Fast,0.35319,0.00000
v1_frozen,Fast,0.35354,0.00000
v1_frozen,Fast,0.35389,0.00000
v1_frozen,Fast,0.35424,0.00000
v1_frozen,Fast,0.35459,0.00000
v1_frozen,Fast,0.35494,0.00000
v1_frozen,Fast,0.35529,0.00000
v1_frozen,Fast,0.35564,0.00000
v1_frozen,Fast,0.35599,0.00000
v1_frozen,Fast,0.35634,0.00000
v1_frozen,Fast,0.35669,0.00000
v1_frozen,Fast,0.35704,0.00000
v1_frozen,Fast,0.35739,0.00000
v1_frozen,Fast,0.35774,0.00000
v1_frozen,Fast,0.35809,0.00000
v1_frozen,Fast,0.35844,0.00000
v1_frozen,Fast,0.35879,0.00000
v1_frozen,Fast,0.35915,0.00000
v1_frozen,Fast,0.35950,0.00000
v1_frozen,Fast,0.35985,0.00000
v1_frozen,Fast,0.36020,0.00000
v1_frozen,Fast,0.36055,0.00000
v1_frozen,Fast,0.36090,0.00000
v1_frozen,Fast,0.36125,0.00000
v1_frozen,Fast,0.36160,0.00000
v1_frozen,Fast,0.36195,0.00000
v1_frozen,Fast,0.36230,0.00000
v1_frozen,Fast,0.36265,0.00000
v1_frozen,Fast,0.36300,0.00000
v1_frozen,Fast,0.36335,0.00000
v1_frozen,Fast,0.36370,0.00000
v1_frozen,Fast,0.36405,0.00000
v1_frozen,Fast,0.36440,0.00000
v1_frozen,Fast,0.36475,0.00000
v1_frozen,Fast,0.36510,0.00000
v1_frozen,Fast,0.36545,0.00000
v1_frozen,Fast,0.36580,0.00000
v1_frozen,Fast,0.36615,0.00000
v1_frozen,Fast,0.36650,0.00000
v1_frozen,Fast,0.36685,0.00000
v1_frozen,Fast,0.36720,0.00000
v1_frozen,Fast,0.36755,0.00000
v1_frozen,Fast,0.36790,0.00000
v1_frozen,Fast,0.36826,0.00000
v1_frozen,Fast,0.36861,0.00000
v1_frozen,Fast,0.36896,0.00000
v1_frozen,Fast,0.36931,0.00000
v1_frozen,Fast,0.36966,0.00000
v1_frozen,Fast,0.37001,0.00000
v1_frozen,Fast,0.37036,0.00000
v1_frozen,Fast,0.37071,0.00000
v1_frozen,Fast,0.37106,0.00000
v1_frozen,Fast,0.37141,0.00000
v1_frozen,Fast,0.37176,0.00000
v1_frozen,Fast,0.37211,0.00000
v1_frozen,Fast,0.37246,0.00000
v1_frozen,Fast,0.37281,0.00000
v1_frozen,Fast,0.37316,0.00000
v1_frozen,Fast,0.37351,0.00000
v1_frozen,Fast,0.37386,0.00000
v1_frozen,Fast,0.37421,0.00000
v1_frozen,Fast,0.37456,0.00000
v1_frozen,Fast,0.37491,0.00000
v1_frozen,Fast,0.37526,0.00000
v1_frozen,Fast,0.37561,0.00000
v1_frozen,Fast,0.37596,0.00000
v1_frozen,Fast,0.37631,0.00000
v1_frozen,Fast,0.37666,0.00000
v1_frozen,Fast,0.37701,0.00000
v1_frozen,Fast,0.37737,0.00000
v1_frozen,Fast,0.37772,0.00000
v1_frozen,Fast,0.37807,0.00000
v1_frozen,Fast,0.37842,0.00000
v1_frozen,Fast,0.37877,0.00000
v1_frozen,Fast,0.37912,0.00000
v1_frozen,Fast,0.37947,0.00000
v1_frozen,Fast,0.37982,0.00000
v1_frozen,Fast,0.38017,0.00000
v1_frozen,Fast,0.38052,0.00000
v1_frozen,Fast,0.38087,0.00000
v1_frozen,Fast,0.38122,0.00000
v1_frozen,Fast,0.38157,0.00000
v1_frozen,Fast,0.38192,0.00000
v1_frozen,Fast,0.38227,0.00000
v1_frozen,Fast,0.38262,0.00000
v1_frozen,Fast,0.38297,0.00000
v1_frozen,Fast,0.38332,0.00000
v1_frozen,Fast,0.38367,0.00000
v1_frozen,Fast,0.38402,0.00000
v1_frozen,Fast,0.38437,0.00000
v1_frozen,Fast,0.38472,0.00000
v1_frozen,Fast,0.38507,0.00000
v1_frozen,Fast,0.38542,0.00000
v1_frozen,Fast,0.38577,0.00000
v1_frozen,Fast,0.38612,0.00000
v1_frozen,Fast,0.38648,0.00000
v1_frozen,Fast,0.38683,0.00000
v1_frozen,Fast,0.38718,0.00000
v1_frozen,Fast,0.38753,0.00000
v1_frozen,Fast,0.38788,0.00000
v1_frozen,Fast,0.38823,0.00000
v1_frozen,Fast,0.38858,0.00000
v1_frozen,Fast,0.38893,0.00000
v1_frozen,Fast,0.38928,0.00000
v1_frozen,Fast,0.38963,0.00000
v1_frozen,Fast,0.38998,0.00000
v1_frozen,Fast,0.39033,0.00000
v1_frozen,Fast,0.39068,0.00000
v1_frozen,Fast,0.39103,0.00000
v1_frozen,Fast,0.39138,0.00000
v1_frozen,Fast,0.39173,0.00000
v1_frozen,Fast,0.39208,0.00000
v1_frozen,Fast,0.39243,0.00000
v1_frozen,Fast,0.39278,0.00000
v1_frozen,Fast,0.39313,0.00000
v1_frozen,Fast,0.39348,0.00000
v1_frozen,Fast,0.39383,0.00000
v1_frozen,Fast,0.39418,0.00000
v1_frozen,Fast,0.39453,0.00000
v1_frozen,Fast,0.39488,0.00000
v1_frozen,Fast,0.39523,0.00000
v1_frozen,Fast,0.39559,0.00000
v1_frozen,Fast,0.39594,0.00000
v1_frozen,Fast,0.39629,0.00000
v1_frozen,Fast,0.39664,0.00000
v1_frozen,Fast,0.39699,0.00000
v1_frozen,Fast,0.39734,0.00000
v1_frozen,Fast,0.39769,0.00000
v1_frozen,Fast,0.39804,0.00000
v1_frozen,Fast,0.39839,0.00000
v1_frozen,Fast,0.39874,0.00000
v1_frozen,Fast,0.39909,0.00000
v1_frozen,Fast,0.39944,0.00000
v1_frozen,Fast,0.39979,0.00000
v1_frozen,Fast,0.40014,0.00000
v1_frozen,Fast,0.40049,0.00000
v1_frozen,Fast,0.40084,0.00000
v1_frozen,Fast,0.40119,0.00000
v1_frozen,Fast,0.40154,0.00000
v1_frozen,Fast,0.40189,0.00000
v1_frozen,Fast,0.40224,0.00000
v1_frozen,Fast,0.40259,0.00000
v1_frozen,Fast,0.40294,0.00000
v1_frozen,Fast,0.40329,0.00000
v1_frozen,Fast,0.40364,0.00000
v1_frozen,Fast,0.40399,0.00000
v1_frozen,Fast,0.40434,0.00000
v1_frozen,Fast,0.40470,0.00000
v1_frozen,Fast,0.40505,0.00000
v1_frozen,Fast,0.40540,0.00000
v1_frozen,Fast,0.40575,0.00000
v1_frozen,Fast,0.40610,0.00000
v1_frozen,Fast,0.40645,0.00000
v1_frozen,Fast,0.40680,0.00000
v1_frozen,Fast,0.40715,0.00000
v1_frozen,Fast,0.40750,0.00000
v1_frozen,Fast,0.40785,0.00000
v1_frozen,Fast,0.40820,0.00000
v1_frozen,Fast,0.40855,0.00000
v1_frozen,Fast,0.40890,0.00000
v1_frozen,Fast,0.40925,0.00000
v1_frozen,Fast,0.40960,0.00000
v1_frozen,Fast,0.40995,0.00000
v1_frozen,Fast,0.41030,0.00000
v1_frozen,Fast,0.41065,0.00000
v1_frozen,Fast,0.41100,0.00000
v1_frozen,Fast,0.41135,0.00000
v1_frozen,Fast,0.41170,0.00000
v1_frozen,Fast,0.41205,0.00000
v1_frozen,Fast,0.41240,0.00000
v1_frozen,Fast,0.41275,0.00000
v1_frozen,Fast,0.41310,0.00000
v1_frozen,Fast,0.41345,0.00000
v1_frozen,Fast,0.41381,0.00000
v1_frozen,Fast,0.41416,0.00000
v1_frozen,Fast,0.41451,0.00000
v1_frozen,Fast,0.41486,0.00000
v1_frozen,Fast,0.41521,0.00000
v1_frozen,Fast,0.41556,0.00000
v1_frozen,Fast,0.41591,0.00000
v1_frozen,Fast,0.41626,0.00000
v1_frozen,Fast,0.41661,0.00000
v1_frozen,Fast,0.41696,0.00000
v1_frozen,Fast,0.41731,0.00000
v1_frozen,Fast,0.41766,0.00000
v1_frozen,Fast,0.41801,0.00000
v1_frozen,Fast,0.41836,0.00000
v1_frozen,Fast,0.41871,0.00000
v1_frozen,Fast,0.41906,0.00000
v1_frozen,Fast,0.41941,0.00000
v1_frozen,Fast,0.41976,0.00000
v1_frozen,Fast,0.42011,0.00000
v1_frozen,Fast,0.42046,0.00000
v1_frozen,Fast,0.42081,0.00000
v1_frozen,Fast,0.42116,0.00000
v1_frozen,Fast,0.42151,0.00000
v1_frozen,Fast,0.42186,0.00000
v1_frozen,Fast,0.42221,0.00000
v1_frozen,Fast,0.42256,0.00000
v1_frozen,Fast,0.42292,0.00000
v1_frozen,Fast,0.42327,0.00000
v1_frozen,Fast,0.42362,0.00000
v1_frozen,Fast,0.42397,0.00000
v1_frozen,Fast,0.42432,0.00000
v1_frozen,Fast,0.42467,0.00000
v1_frozen,Fast,0.42502,0.00000
v1_frozen,Fast,0.42537,0.00000
v1_frozen,Fast,0.42572,0.00000
v1_frozen,Fast,0.42607,0.00000
v1_frozen,Fast,0.42642,0.00000
v1_frozen,Fast,0.42677,0.00000
v1_frozen,Fast,0.42712,0.00000
v1_frozen,Fast,0.42747,0.00000
v1_frozen,Fast,0.42782,0.00000
v1_frozen,Fast,0.42817,0.00000
v1_frozen,Fast,0.42852,0.00000
v1_frozen,Fast,0.42887,0.00000
v1_frozen,Fast,0.42922,0.00000
v1_frozen,Fast,0.42957,0.00000
v1_frozen,Fast,0.42992,0.00000
v1_frozen,Fast,0.43027,0.00000
v1_frozen,Fast,0.43062,0.00000
v1_frozen,Fast,0.43097,0.00000
v1_frozen,Fast,0.43132,0.00000
v1_frozen,Fast,0.43167,0.00000
v1_frozen,Fast,0.43203,0.00000
v1_frozen,Fast,0.43238,0.00000
v1_frozen,Fast,0.43273,0.00000
v1_frozen,Fast,0.43308,0.00000
v1_frozen,Fast,0.43343,0.00000
v1_frozen,Fast,0.43378,0.00000
v1_frozen,Fast,0.43413,0.00000
v1_frozen,Fast,0.43448,0.00000
v1_frozen,Fast,0.43483,0.00000
v1_frozen,Fast,0.43518,0.00000
v1_frozen,Fast,0.43553,0.00000
v1_frozen,Fast,0.43588,0.00000
v1_frozen,Fast,0.43623,0.00000
v1_frozen,Fast,0.43658,0.00000
v1_frozen,Fast,0.43693,0.00000
v1_frozen,Fast,0.43728,0.00000
v1_frozen,Fast,0.43763,0.00000
v1_frozen,Fast,0.43798,0.00000
v1_frozen,Fast,0.43833,0.00000
v1_frozen,Fast,0.43868,0.00000
v1_frozen,Fast,0.43903,0.00000
v1_frozen,Fast,0.43938,0.00000
v1_frozen,Fast,0.43973,0.00000
v1_frozen,Fast,0.44008,0.00000
v1_frozen,Fast,0.44043,0.00000
v1_frozen,Fast,0.44078,0.00000
v1_frozen,Fast,0.44114,0.00000
v1_frozen,Fast,0.44149,0.00000
v1_frozen,Fast,0.44184,0.00000
v1_frozen,Fast,0.44219,0.00000
v1_frozen,Fast,0.44254,0.00000
v1_frozen,Fast,0.44289,0.00000
v1_frozen,Fast,0.44324,0.00000
v1_frozen,Fast,0.44359,0.00000
v1_frozen,Fast,0.44394,0.00000
v1_frozen,Fast,0.44429,0.00000
v1_frozen,Fast,0.44464,0.00000
v1_frozen,Fast,0.44499,0.00000
v1_frozen,Fast,0.44534,0.00000
v1_frozen,Fast,0.44569,0.00000
v1_frozen,Fast,0.44604,0.00000
v1_frozen,Fast,0.44639,0.00000
v1_frozen,Fast,0.44674,0.00000
v1_frozen,Fast,0.44709,0.00000
v1_frozen,Fast,0.44744,0.00000
v1_frozen,Fast,0.44779,0.00000
v1_frozen,Fast,0.44814,0.00000
v1_frozen,Fast,0.44849,0.00000
v1_frozen,Fast,0.44884,0.00000
v1_frozen,Fast,0.44919,0.00000
v1_frozen,Fast,0.44954,0.00000
v1_frozen,Fast,0.44989,0.00000
v1_frozen,Fast,0.45025,0.00000
v1_frozen,Fast,0.45060,0.00000
v1_frozen,Fast,0.45095,0.00000
v1_frozen,Fast,0.45130,0.00000
v1_frozen,Fast,0.45165,0.00000
v1_frozen,Fast,0.45200,0.00000
v1_frozen,Fast,0.45235,0.00000
v1_frozen,Fast,0.45270,0.00000
v1_frozen,Fast,0.45305,0.00000
v1_frozen,Fast,0.45340,0.00000
v1_frozen,Fast,0.45375,0.00000
v1_frozen,Fast,0.45410,0.00000
v1_frozen,Fast,0.45445,0.00000
v1_frozen,Fast,0.45480,0.00000
v1_frozen,Fast,0.45515,0.00000
v1_frozen,Fast,0.45550,0.00000
v1_frozen,Fast,0.45585,0.00000
v1_frozen,Fast,0.45620,0.00000
v1_frozen,Fast,0.45655,0.00000
v1_frozen,Fast,0.45690,0.00000
v1_frozen,Fast,0.45725,0.00000
v1_frozen,Fast,0.45760,0.00000
v1_frozen,Fast,0.45795,0.00000
v1_frozen,Fast,0.45830,0.00000
v1_frozen,Fast,0.45865,0.00000
v1_frozen,Fast,0.45900,0.00000
v1_frozen,Fast,0.45936,0.00000
v1_frozen,Fast,0.45971,0.00000
v1_frozen,Fast,0.46006,0.00000
v1_frozen,Fast,0.46041,0.00000
v1_frozen,Fast,0.46076,0.00000
v1_frozen,Fast,0.46111,0.00000
v1_frozen,Fast,0.46146,0.00000
v1_frozen,Fast,0.46181,0.00000
v1_frozen,Fast,0.46216,0.00000
v1_frozen,Fast,0.46251,0.00000
v1_frozen,Fast,0.46286,0.00000
v1_frozen,Fast,0.46321,0.00000
v1_frozen,Fast,0.46356,0.00000
v1_frozen,Fast,0.46391,0.00000
v1_frozen,Fast,0.46426,0.00000
v1_frozen,Fast,0.46461,0.00000
v1_frozen,Fast,0.46496,0.00000
v1_frozen,Fast,0.46531,0.00000
v1_frozen,Fast,0.46566,0.00000
v1_frozen,Fast,0.46601,0.00000
v1_frozen,Fast,0.46636,0.00000
v1_frozen,Fast,0.46671,0.00000
v1_frozen,Fast,0.46706,0.00000
v1_frozen,Fast,0.46741,0.00000
v1_frozen,Fast,0.46776,0.00000
v1_frozen,Fast,0.46811,0.00000
v1_frozen,Fast,0.46847,0.00000
v1_frozen,Fast,0.46882,0.00000
v1_frozen,Fast,0.46917,0.00000
v1_frozen,Fast,0.46952,0.00000
v1_frozen,Fast,0.46987,0.00000
v1_frozen,Fast,0.47022,0.00000
v1_frozen,Fast,0.47057,0.00000
v1_frozen,Fast,0.47092,0.00000
v1_frozen,Fast,0.47127,0.00000
v1_frozen,Fast,0.47162,0.00000
v1_frozen,Fast,0.47197,0.00000
v1_frozen,Fast,0.47232,0.00000
v1_frozen,Fast,0.47267,0.00000
v1_frozen,Fast,0.47302,0.00000
v1_frozen,Fast,0.47337,0.00000
v1_frozen,Fast,0.47372,0.00000
v1_frozen,Fast,0.47407,0.00000
v1_frozen,Fast,0.47442,0.00000
v1_frozen,Fast,0.47477,0.00000
v1_frozen,Fast,0.47512,0.00000
v1_frozen,Fast,0.47547,0.00000
v1_frozen,Fast,0.47582,0.00000
v1_frozen,Fast,0.47617,0.00000
v1_frozen,Fast,0.47652,0.00000
v1_frozen,Fast,0.47687,0.00000
v1_frozen,Fast,0.47722,0.00000
v1_frozen,Fast,0.47758,0.00000
v1_frozen,Fast,0.47793,0.00000
v1_frozen,Fast,0.47828,0.00000
v1_frozen,Fast,0.47863,0.00000
v1_frozen,Fast,0.47898,0.00000
v1_frozen,Fast,0.47933,0.00000
v1_frozen,Fast,0.47968,0.00000
v1_frozen,Fast,0.48003,0.00000
v1_frozen,Fast,0.48038,0.00000
v1_frozen,Fast,0.48073,0.00000
v1_frozen,Fast,0.48108,0.00000
v1_frozen,Fast,0.48143,0.00000
v1_frozen,Fast,0.48178,0.00000
v1_frozen,Fast,0.48213,0.00000
v1_frozen,Fast,0.48248,0.00000
v1_frozen,Fast,0.48283,0.00000
v1_frozen,Fast,0.48318,0.00000
v1_frozen,Fast,0.48353,0.00000
v1_frozen,Fast,0.48388,0.00000
v1_frozen,Fast,0.48423,0.00000
v1_frozen,Fast,0.48458,0.00000
v1_frozen,Fast,0.48493,0.00000
v1_frozen,Fast,0.48528,0.00000
v1_frozen,Fast,0.48563,0.00000
v1_frozen,Fast,0.48598,0.00000
v1_frozen,Fast,0.48633,0.00000
v1_frozen,Fast,0.48669,0.00000
v1_frozen,Fast,0.48704,0.00000
v1_frozen,Fast,0.48739,0.00000
v1_frozen,Fast,0.48774,0.00000
v1_frozen,Fast,0.48809,0.00000
v1_frozen,Fast,0.48844,0.00000
v1_frozen,Fast,0.48879,0.00000
v1_frozen,Fast,0.48914,0.00000
v1_frozen,Fast,0.48949,0.00000
v1_frozen,Fast,0.48984,0.00000
v1_frozen,Fast,0.49019,0.00000
v1_frozen,Fast,0.49054,0.00000
v1_frozen,Fast,0.49089,0.00000
v1_frozen,Fast,0.49124,0.00000
v1_frozen,Fast,0.49159,0.00000
v1_frozen,Fast,0.49194,0.00000
v1_frozen,Fast,0.49229,0.00000
v1_frozen,Fast,0.49264,0.00000
v1_frozen,Fast,0.49299,0.00000
v1_frozen,Fast,0.49334,0.00000
v1_frozen,Fast,0.49369,0.00000
v1_frozen,Fast,0.49404,0.00000
v1_frozen,Fast,0.49439,0.00000
v1_frozen,Fast,0.49474,0.00000
v1_frozen,Fast,0.49509,0.00000
v1_frozen,Fast,0.49544,0.00000
v1_frozen,Fast,0.49580,0.00000
v1_frozen,Fast,0.49615,0.00000
v1_frozen,Fast,0.49650,0.00000
v1_frozen,Fast,0.49685,0.00000
v1_frozen,Fast,0.49720,0.00000
v1_frozen,Fast,0.49755,0.00000
v1_frozen,Fast,0.49790,0.00000
v1_frozen,Fast,0.49825,0.00000
v1_frozen,Fast,0.49860,0.00000
v1_frozen,Fast,0.49895,0.00000
v1_frozen,Fast,0.49930,0.00000
v1_frozen,Fast,0.49965,0.00000
v1_frozen,Fast,0.50000,0.00000
v1_frozen,Fast,0.50035,0.00000
v1_frozen,Fast,0.50070,0.00000
v1_frozen,Fast,0.50105,0.00000
v1_frozen,Fast,0.50140,0.00000
v1_frozen,Fast,0.50175,0.00000
v1_frozen,Fast,0.50210,0.00000
v1_frozen,Fast,0.50245,0.00000
v1_frozen,Fast,0.50280,0.00000
v1_frozen,Fast,0.50315,0.00000
v1_frozen,Fast,0.50350,0.00000
v1_frozen,Fast,0.50385,0.00000
v1_frozen,Fast,0.50420,0.00000
v1_frozen,Fast,0.50456,0.00000
v1_frozen,Fast,0.50491,0.00000
v1_frozen,Fast,0.50526,0.00000
v1_frozen,Fast,0.50561,0.00000
v1_frozen,Fast,0.50596,0.00000
v1_frozen,Fast,0.50631,0.00000
v1_frozen,Fast,0.50666,0.00000
v1_frozen,Fast,0.50701,0.00000
v1_frozen,Fast,0.50736,0.00000
v1_frozen,Fast,0.50771,0.00000
v1_frozen,Fast,0.50806,0.00000
v1_frozen,Fast,0.50841,0.00000
v1_frozen,Fast,0.50876,0.00000
v1_frozen,Fast,0.50911,0.00000
v1_frozen,Fast,0.50946,0.00000
v1_frozen,Fast,0.50981,0.00000
v1_frozen,Fast,0.51016,0.00000
v1_frozen,Fast,0.51051,0.00000
v1_frozen,Fast,0.51086,0.00000
v1_frozen,Fast,0.51121,0.00000
v1_frozen,Fast,0.51156,0.00000
v1_frozen,Fast,0.51191,0.00000
v1_frozen,Fast,0.51226,0.00000
v1_frozen,Fast,0.51261,0.00000
v1_frozen,Fast,0.51296,0.00000
v1_frozen,Fast,0.51331,0.00000
v1_frozen,Fast,0.51367,0.00000
v1_frozen,Fast,0.51402,0.00000
v1_frozen,Fast,0.51437,0.00000
v1_frozen,Fast,0.51472,0.00000
v1_frozen,Fast,0.51507,0.00000
v1_frozen,Fast,0.51542,0.00000
v1_frozen,Fast,0.51577,0.00000
v1_frozen,Fast,0.51612,0.00000
v1_frozen,Fast,0.51647,0.00000
v1_frozen,Fast,0.51682,0.00000
v1_frozen,Fast,0.51717,0.00000
v1_frozen,Fast,0.51752,0.00000
v1_frozen,Fast,0.51787,0.00000
v1_frozen,Fast,0.51822,0.00000
v1_frozen,Fast,0.51857,0.00000
v1_frozen,Fast,0.51892,0.00000
v1_frozen,Fast,0.51927,0.00000
v1_frozen,Fast,0.51962,0.00000
v1_frozen,Fast,0.51997,0.00000
v1_frozen,Fast,0.52032,0.00000
v1_frozen,Fast,0.52067,0.00000
v1_frozen,Fast,0.52102,0.00000
v1_frozen,Fast,0.52137,0.00000
v1_frozen,Fast,0.52172,0.00000
v1_frozen,Fast,0.52207,0.00000
v1_frozen,Fast,0.52242,0.00000
v1_frozen,Fast,0.52278,0.00000
v1_frozen,Fast,0.52313,0.00000
v1_frozen,Fast,0.52348,0.00000
v1_frozen,Fast,0.52383,0.00000
v1_frozen,Fast,0.52418,0.00000
v1_frozen,Fast,0.52453,0.00000
v1_frozen,Fast,0.52488,0.00000
v1_frozen,Fast,0.52523,0.00000
v1_frozen,Fast,0.52558,0.00000
v1_frozen,Fast,0.52593,0.00000
v1_frozen,Fast,0.52628,0.00000
v1_frozen,Fast,0.52663,0.00000
v1_frozen,Fast,0.52698,0.00000
v1_frozen,Fast,0.52733,0.00000
v1_frozen,Fast,0.52768,0.00000
v1_frozen,Fast,0.52803,0.00000
v1_frozen,Fast,0.52838,0.00000
v1_frozen,Fast,0.52873,0.00000
v1_frozen,Fast,0.52908,0.00000
v1_frozen,Fast,0.52943,0.00000
v1_frozen,Fast,0.52978,0.00000
v1_frozen,Fast,0.53013,0.00000
v1_frozen,Fast,0.53048,0.00000
v1_frozen,Fast,0.53083,0.00000
v1_frozen,Fast,0.53118,0.00000
v1_frozen,Fast,0.53153,0.00000
v1_frozen,Fast,0.53189,0.00000
v1_frozen,Fast,0.53224,0.00000
v1_frozen,Fast,0.53259,0.00000
v1_frozen,Fast,0.53294,0.00000
v1_frozen,Fast,0.53329,0.00000
v1_frozen,Fast,0.53364,0.00000
v1_frozen,Fast,0.53399,0.00000
v1_frozen,Fast,0.53434,0.00000
v1_frozen,Fast,0.53469,0.00000
v1_frozen,Fast,0.53504,0.00000
v1_frozen,Fast,0.53539,0.00000
v1_frozen,Fast,0.53574,0.00000
v1_frozen,Fast,0.53609,0.00000
v1_frozen,Fast,0.53644,0.00000
v1_frozen,Fast,0.53679,0.00000
v1_frozen,Fast,0.53714,0.00000
v1_frozen,Fast,0.53749,0.00000
v1_frozen,Fast,0.53784,0.00000
v1_frozen,Fast,0.53819,0.00000
v1_frozen,Fast,0.53854,0.00000
v1_frozen,Fast,0.53889,0.00000
v1_frozen,Fast,0.53924,0.00000
v1_frozen,Fast,0.53959,0.00000
v1_frozen,Fast,0.53994,0.00000
v1_frozen,Fast,0.54029,0.00000
v1_frozen,Fast,0.54064,0.00000
v1_frozen,Fast,0.54100,0.00000
v1_frozen,Fast,0.54135,0.00000
v1_frozen,Fast,0.54170,0.00000
v1_frozen,Fast,0.54205,0.00000
v1_frozen,Fast,0.54240,0.00000
v1_frozen,Fast,0.54275,0.00000
v1_frozen,Fast,0.54310,0.00000
v1_frozen,Fast,0.54345,0.00000
v1_frozen,Fast,0.54380,0.00000
v1_frozen,Fast,0.54415,0.00000
v1_frozen,Fast,0.54450,0.00000
v1_frozen,Fast,0.54485,0.00000
v1_frozen,Fast,0.54520,0.00000
v1_frozen,Fast,0.54555,0.00000
v1_frozen,Fast,0.54590,0.00000
v1_frozen,Fast,0.54625,0.00000
v1_frozen,Fast,0.54660,0.00000
v1_frozen,Fast,0.54695,0.00000
v1_frozen,Fast,0.54730,0.00000
v1_frozen,Fast,0.54765,0.00000
v1_frozen,Fast,0.54800,0.00000
v1_frozen,Fast,0.54835,0.00000
v1_frozen,Fast,0.54870,0.00000
v1_frozen,Fast,0.54905,0.00000
v1_frozen,Fast,0.54940,0.00000
v1_frozen,Fast,0.54975,0.00000
v1_frozen,Fast,0.55011,0.00000
v1_frozen,Fast,0.55046,0.00000
v1_frozen,Fast,0.55081,0.00000
v1_frozen,Fast,0.55116,0.00000
v1_frozen,Fast,0.55151,0.00000
v1_frozen,Fast,0.55186,0.00000
v1_frozen,Fast,0.55221,0.00000
v1_frozen,Fast,0.55256,0.00000
v1_frozen,Fast,0.55291,0.00000
v1_frozen,Fast,0.55326,0.00000
v1_frozen,Fast,0.55361,0.00000
v1_frozen,Fast,0.55396,0.00000
v1_frozen,Fast,0.55431,0.00000
v1_frozen,Fast,0.55466,0.00000
v1_frozen,Fast,0.55501,0.00000
v1_frozen,Fast,0.55536,0.00000
v1_frozen,Fast,0.55571,0.00000
v1_frozen,Fast,0.55606,0.00000
v1_frozen,Fast,0.55641,0.00000
v1_frozen,Fast,0.55676,0.00000
v1_frozen,Fast,0.55711,0.00000
v1_frozen,Fast,0.55746,0.00000
v1_frozen,Fast,0.55781,0.00000
v1_frozen,Fast,0.55816,0.00000
v1_frozen,Fast,0.55851,0.00000
v1_frozen,Fast,0.55886,0.00000
v1_frozen,Fast,0.55922,0.00000
v1_frozen,Fast,0.55957,0.00000
v1_frozen,Fast,0.55992,0.00000
v1_frozen,Fast,0.56027,0.00000
v1_frozen,Fast,0.56062,0.00000
v1_frozen,Fast,0.56097,0.00000
v1_frozen,Fast,0.56132,0.00000
v1_frozen,Fast,0.56167,0.00000
v1_frozen,Fast,0.56202,0.00000
v1_frozen,Fast,0.56237,0.00000
v1_frozen,Fast,0.56272,0.00000
v1_frozen,Fast,0.56307,0.00000
v1_frozen,Fast,0.56342,0.00000
v1_frozen,Fast,0.56377,0.00000
v1_frozen,Fast,0.56412,0.00000
v1_frozen,Fast,0.56447,0.00000
v1_frozen,Fast,0.56482,0.00000
v1_frozen,Fast,0.56517,0.00000
v1_frozen,Fast,0.56552,0.00000
v1_frozen,Fast,0.56587,0.00000
v1_frozen,Fast,0.56622,0.00000
v1_frozen,Fast,0.56657,0.00000
v1_frozen,Fast,0.56692,0.00000
v1_frozen,Fast,0.56727,0.00000
v1_frozen,Fast,0.56762,0.00000
v1_frozen,Fast,0.56797,0.00000
v1_frozen,Fast,0.56833,0.00000
v1_frozen,Fast,0.56868,0.00000
v1_frozen,Fast,0.56903,0.00000
v1_frozen,Fast,0.56938,0.00000
v1_frozen,Fast,0.56973,0.00000
v1_frozen,Fast,0.57008,0.00000
v1_frozen,Fast,0.57043,0.00000
v1_frozen,Fast,0.57078,0.00000
v1_frozen,Fast,0.57113,0.00000
v1_frozen,Fast,0.57148,0.00000
v1_frozen,Fast,0.57183,0.00000
v1_frozen,Fast,0.57218,0.00000
v1_frozen,Fast,0.57253,0.00000
v1_frozen,Fast,0.57288,0.00000
v1_frozen,Fast,0.57323,0.00000
v1_frozen,Fast,0.57358,0.00000
v1_frozen,Fast,0.57393,0.00000
v1_frozen,Fast,0.57428,0.00000
v1_frozen,Fast,0.57463,0.00000
v1_frozen,Fast,0.57498,0.00000
v1_frozen,Fast,0.57533,0.00000
v1_frozen,Fast,0.57568,0.00000
v1_frozen,Fast,0.57603,0.00000
v1_frozen,Fast,0.57638,0.00000
v1_frozen,Fast,0.57673,0.00000
v1_frozen,Fast,0.57708,0.00000
v1_frozen,Fast,0.57744,0.00000
v1_frozen,Fast,0.57779,0.00000
v1_frozen,Fast,0.57814,0.00000
v1_frozen,Fast,0.57849,0.00000
v1_frozen,Fast,0.57884,0.00000
v1_frozen,Fast,0.57919,0.00000
v1_frozen,Fast,0.57954,0.00000
v1_frozen,Fast,0.57989,0.00000
v1_frozen,Fast,0.58024,0.00000
v1_frozen,Fast,0.58059,0.00000
v1_frozen,Fast,0.58094,0.00000
v1_frozen,Fast,0.58129,0.00000
v1_frozen,Fast,0.58164,0.00000
v1_frozen,Fast,0.58199,0.00000
v1_frozen,Fast,0.58234,0.00000
v1_frozen,Fast,0.58269,0.00000
v1_frozen,Fast,0.58304,0.00000
v1_frozen,Fast,0.58339,0.00000
v1_frozen,Fast,0.58374,0.00000
v1_frozen,Fast,0.58409,0.00000
v1_frozen,Fast,0.58444,0.00000
v1_frozen,Fast,0.58479,0.00000
v1_frozen,Fast,0.58514,0.00000
v1_frozen,Fast,0.58549,0.00000
v1_frozen,Fast,0.58584,0.00000
v1_frozen,Fast,0.58619,0.00000
v1_frozen,Fast,0.58655,0.00000
v1_frozen,Fast,0.58690,0.00000
v1_frozen,Fast,0.58725,0.00000
v1_frozen,Fast,0.58760,0.00000
v1_frozen,Fast,0.58795,0.00000
v1_frozen,Fast,0.58830,0.00000
v1_frozen,Fast,0.58865,0.00000
v1_frozen,Fast,0.58900,0.00000
v1_frozen,Fast,0.58935,0.00000
v1_frozen,Fast,0.58970,0.00000
v1_frozen,Fast,0.59005,0.00000
v1_frozen,Fast,0.59040,0.00000
v1_frozen,Fast,0.59075,0.00000
v1_frozen,Fast,0.59110,0.00000
v1_frozen,Fast,0.59145,0.00000
v1_frozen,Fast,0.59180,0.00000
v1_frozen,Fast,0.59215,0.00000
v1_frozen,Fast,0.59250,0.00000
v1_frozen,Fast,0.59285,0.00000
v1_frozen,Fast,0.59320,0.00000
v1_frozen,Fast,0.59355,0.00000
v1_frozen,Fast,0.59390,0.00000
v1_frozen,Fast,0.59425,0.00000
v1_frozen,Fast,0.59460,0.00000
v1_frozen,Fast,0.59495,0.00000
v1_frozen,Fast,0.59530,0.00000
v1_frozen,Fast,0.59566,0.00000
v1_frozen,Fast,0.59601,0.00000
v1_frozen,Fast,0.59636,0.00000
v1_frozen,Fast,0.59671,0.00000
v1_frozen,Fast,0.59706,0.00000
v1_frozen,Fast,0.59741,0.00000
v1_frozen,Fast,0.59776,0.00000
v1_frozen,Fast,0.59811,0.00000
v1_frozen,Fast,0.59846,0.00000
v1_frozen,Fast,0.59881,0.00000
v1_frozen,Fast,0.59916,0.00000
v1_frozen,Fast,0.59951,0.00000
v1_frozen,Fast,0.59986,0.00000
v1_frozen,Fast,0.60021,0.00000
v1_frozen,Fast,0.60056,0.00000
v1_frozen,Fast,0.60091,0.00000
v1_frozen,Fast,0.60126,0.00000
v1_frozen,Fast,0.60161,0.00000
v1_frozen,Fast,0.60196,0.00000
v1_frozen,Fast,0.60231,0.00000
v1_frozen,Fast,0.60266,0.00000
v1_frozen,Fast,0.60301,0.00000
v1_frozen,Fast,0.60336,0.00000
v1_frozen,Fast,0.60371,0.00000
v1_frozen,Fast,0.60406,0.00000
v1_frozen,Fast,0.60441,0.00000
v1_frozen,Fast,0.60477,0.00000
v1_frozen,Fast,0.60512,0.00000
v1_frozen,Fast,0.60547,0.00000
v1_frozen,Fast,0.60582,0.00000
v1_frozen,Fast,0.60617,0.00000
v1_frozen,Fast,0.60652,0.00000
v1_frozen,Fast,0.60687,0.00000
v1_frozen,Fast,0.60722,0.00000
v1_frozen,Fast,0.60757,0.00000
v1_frozen,Fast,0.60792,0.00000
v1_frozen,Fast,0.60827,0.00000
v1_frozen,Fast,0.60862,0.00000
v1_frozen,Fast,0.60897,0.00000
v1_frozen,Fast,0.60932,0.00000
v1_frozen,Fast,0.60967,0.00000
v1_frozen,Fast,0.61002,0.00000
v1_frozen,Fast,0.61037,0.00000
v1_frozen,Fast,0.61072,0.00000
v1_frozen,Fast,0.61107,0.00000
v1_frozen,Fast,0.61142,0.00000
v1_frozen,Fast,0.61177,0.00000
v1_frozen,Fast,0.61212,0.00000
v1_frozen,Fast,0.61247,0.00000
v1_frozen,Fast,0.61282,0.00000
v1_frozen,Fast,0.61317,0.00000
v1_frozen,Fast,0.61352,0.00000
v1_frozen,Fast,0.61388,0.00000
v1_frozen,Fast,0.61423,0.00000
v1_frozen,Fast,0.61458,0.00000
v1_frozen,Fast,0.61493,0.00000
v1_frozen,Fast,0.61528,0.00000
v1_frozen,Fast,0.61563,0.00000
v1_frozen,Fast,0.61598,0.00000
v1_frozen,Fast,0.61633,0.00000
v1_frozen,Fast,0.61668,0.00000
v1_frozen,Fast,0.61703,0.00000
v1_frozen,Fast,0.61738,0.00000
v1_frozen,Fast,0.61773,0.00000
v1_frozen,Fast,0.61808,0.00000
v1_frozen,Fast,0.61843,0.00000
v1_frozen,Fast,0.61878,0.00000
v1_frozen,Fast,0.61913,0.00000
v1_frozen,Fast,0.61948,0.00000
v1_frozen,Fast,0.61983,0.00000
v1_frozen,Fast,0.62018,0.00000
v1_frozen,Fast,0.62053,0.00000
v1_frozen,Fast,0.62088,0.00000
v1_frozen,Fast,0.62123,0.00000
v1_frozen,Fast,0.62158,0.00000
v1_frozen,Fast,0.62193,0.00000
v1_frozen,Fast,0.62228,0.00000
v1_frozen,Fast,0.62263,0.00000
v1_frozen,Fast,0.62299,0.00000
v1_frozen,Fast,0.62334,0.00000
v1_frozen,Fast,0.62369,0.00000
v1_frozen,Fast,0.62404,0.00000
v1_frozen,Fast,0.62439,0.00000
v1_frozen,Fast,0.62474,0.00000
v1_frozen,Fast,0.62509,0.00000
v1_frozen,Fast,0.62544,0.00000
v1_frozen,Fast,0.62579,0.00000
v1_frozen,Fast,0.62614,0.00000
v1_frozen,Fast,0.62649,0.00000
v1_frozen,Fast,0.62684,0.00000
v1_frozen,Fast,0.62719,0.00000
v1_frozen,Fast,0.62754,0.00000
v1_frozen,Fast,0.62789,0.00000
v1_frozen,Fast,0.62824,0.00000
v1_frozen,Fast,0.62859,0.00000
v1_frozen,Fast,0.62894,0.00000
v1_frozen,Fast,0.62929,0.00000
v1_frozen,Fast,0.62964,0.00000
v1_frozen,Fast,0.62999,0.00000
v1_frozen,Fast,0.63034,0.00000
v1_frozen,Fast,0.63069,0.00000
v1_frozen,Fast,0.63104,0.00000
v1_frozen,Fast,0.63139,0.00000
v1_frozen,Fast,0.63174,0.00000
v1_frozen,Fast,0.63210,0.00000
v1_frozen,Fast,0.63245,0.00000
v1_frozen,Fast,0.63280,0.00000
v1_frozen,Fast,0.63315,0.00000
v1_frozen,Fast,0.63350,0.00000
v1_frozen,Fast,0.63385,0.00000
v1_frozen,Fast,0.63420,0.00000
v1_frozen,Fast,0.63455,0.00000
v1_frozen,Fast,0.63490,0.00000
v1_frozen,Fast,0.63525,0.00000
v1_frozen,Fast,0.63560,0.00000
v1_frozen,Fast,0.63595,0.00000
v1_frozen,Fast,0.63630,0.00000
v1_frozen,Fast,0.63665,0.00000
v1_frozen,Fast,0.63700,0.00000
v1_frozen,Fast,0.63735,0.00000
v1_frozen,Fast,0.63770,0.00000
v1_frozen,Fast,0.63805,0.00000
v1_frozen,Fast,0.63840,0.00000
v1_frozen,Fast,0.63875,0.00000
v1_frozen,Fast,0.63910,0.00000
v1_frozen,Fast,0.63945,0.00000
v1_frozen,Fast,0.63980,0.00000
v1_frozen,Fast,0.64015,0.00000
v1_frozen,Fast,0.64050,0.00000
v1_frozen,Fast,0.64085,0.00000
v1_frozen,Fast,0.64121,0.00000
v1_frozen,Fast,0.64156,0.00000
v1_frozen,Fast,0.64191,0.00000
v1_frozen,Fast,0.64226,0.00000
v1_frozen,Fast,0.64261,0.00000
v1_frozen,Fast,0.64296,0.00000
v1_frozen,Fast,0.64331,0.00000
v1_frozen,Fast,0.64366,0.00000
v1_frozen,Fast,0.64401,0.00000
v1_frozen,Fast,0.64436,0.00000
v1_frozen,Fast,0.64471,0.00000
v1_frozen,Fast,0.64506,0.00000
v1_frozen,Fast,0.64541,0.00000
v1_frozen,Fast,0.64576,0.00000
v1_frozen,Fast,0.64611,0.00000
v1_frozen,Fast,0.64646,0.00000
v1_frozen,Fast,0.64681,0.00000
v1_frozen,Fast,0.64716,0.00000
v1_frozen,Fast,0.64751,0.00000
v1_frozen,Fast,0.64786,0.00000
v1_frozen,Fast,0.64821,0.00000
v1_frozen,Fast,0.64856,0.00000
v1_frozen,Fast,0.64891,0.00000
v1_frozen,Fast,0.64926,0.00000
v1_frozen,Fast,0.64961,0.00000
v1_frozen,Fast,0.64996,0.00000
v1_frozen,Fast,0.65032,0.00000
v1_frozen,Fast,0.65067,0.00000
v1_frozen,Fast,0.65102,0.00000
v1_frozen,Fast,0.65137,0.00000
v1_frozen,Fast,0.65172,0.00000
v1_frozen,Fast,0.65207,0.00000
v1_frozen,Fast,0.65242,0.00000
v1_frozen,Fast,0.65277,0.00000
v1_frozen,Fast,0.65312,0.00000
v1_frozen,Fast,0.65347,0.00000
v1_frozen,Fast,0.65382,0.00000
v1_frozen,Fast,0.65417,0.00000
v1_frozen,Fast,0.65452,0.00000
v1_frozen,Fast,0.65487,0.00000
v1_frozen,Fast,0.65522,0.00000
v1_frozen,Fast,0.65557,0.00000
v1_frozen,Fast,0.65592,0.00000
v1_frozen,Fast,0.65627,0.00000
v1_frozen,Fast,0.65662,0.00000
v1_frozen,Fast,0.65697,0.00000
v1_frozen,Fast,0.65732,0.00000
v1_frozen,Fast,0.65767,0.00000
v1_frozen,Fast,0.65802,0.00000
v1_frozen,Fast,0.65837,0.00000
v1_frozen,Fast,0.65872,0.00000
v1_frozen,Fast,0.65907,0.00000
v1_frozen,Fast,0.65943,0.00000
v1_frozen,Fast,0.65978,0.00000
v1_frozen,Fast,0.66013,0.00000
v1_frozen,Fast,0.66048,0.00000
v1_frozen,Fast,0.66083,0.00000
v1_frozen,Fast,0.66118,0.00000
v1_frozen,Fast,0.66153,0.00000
v1_frozen,Fast,0.66188,0.00000
v1_frozen,Fast,0.66223,0.00000
v1_frozen,Fast,0.66258,0.00000
v1_frozen,Fast,0.66293,0.00000
v1_frozen,Fast,0.66328,0.00000
v1_frozen,Fast,0.66363,0.00000
v1_frozen,Fast,0.66398,0.00000
v1_frozen,Fast,0.66433,0.00000
v1_frozen,Fast,0.66468,0.00000
v1_frozen,Fast,0.66503,0.00000
v1_frozen,Fast,0.66538,0.00000
v1_frozen,Fast,0.66573,0.00000
v1_frozen,Fast,0.66608,0.00000
v1_frozen,Fast,0.66643,0.00000
v1_frozen,Fast,0.66678,0.00000
v1_frozen,Fast,0.66713,0.00000
v1_frozen,Fast,0.66748,0.00000
v1_frozen,Fast,0.66783,0.00000
v1_frozen,Fast,0.66819,0.00000
v1_frozen,Fast,0.66854,0.00000
v1_frozen,Fast,0.66889,0.00000
v1_frozen,Fast,0.66924,0.00000
v1_frozen,Fast,0.66959,0.00000
v1_frozen,Fast,0.66994,0.00000
v1_frozen,Fast,0.67029,0.00000
v1_frozen,Fast,0.67064,0.00000
v1_frozen,Fast,0.67099,0.00000
v1_frozen,Fast,0.67134,0.00000
v1_frozen,Fast,0.67169,0.00000
v1_frozen,Fast,0.67204,0.00000
v1_frozen,Fast,0.67239,0.00000
v1_frozen,Fast,0.67274,0.00000
v1_frozen,Fast,0.67309,0.00000
v1_frozen,Fast,0.67344,0.00000
v1_frozen,Fast,0.67379,0.00000
v1_frozen,Fast,0.67414,0.00000
v1_frozen,Fast,0.67449,0.00000
v1_frozen,Fast,0.67484,0.00000
v1_frozen,Fast,0.67519,0.00000
v1_frozen,Fast,0.67554,0.00000
v1_frozen,Fast,0.67589,0.00000
v1_frozen,Fast,0.67624,0.00000
v1_frozen,Fast,0.67659,0.00000
v1_frozen,Fast,0.67694,0.00000
v1_frozen,Fast,0.67730,0.00000
v1_frozen,Fast,0.67765,0.00000
v1_frozen,Fast,0.67800,0.00000
v1_frozen,Fast,0.67835,0.00000
v1_frozen,Fast,0.67870,0.00000
v1_frozen,Fast,0.67905,0.00000
v1_frozen,Fast,0.67940,0.00000
v1_frozen,Fast,0.67975,0.00000
v1_frozen,Fast,0.68010,0.00000
v1_frozen,Fast,0.68045,0.00000
v1_frozen,Fast,0.68080,0.00000
v1_frozen,Fast,0.68115,0.00000
v1_frozen,Fast,0.68150,0.00000
v1_frozen,Fast,0.68185,0.00000
v1_frozen,Fast,0.68220,0.00000
v1_frozen,Fast,0.68255,0.00000
v1_frozen,Fast,0.68290,0.00000
v1_frozen,Fast,0.68325,0.00000
v1_frozen,Fast,0.68360,0.00000
v1_frozen,Fast,0.68395,0.00000
v1_frozen,Fast,0.68430,0.00000
v1_frozen,Fast,0.68465,0.00000
v1_frozen,Fast,0.68500,0.00000
v1_frozen,Fast,0.68535,0.00000
v1_frozen,Fast,0.68570,0.00000
v1_frozen,Fast,0.68605,0.00000
v1_frozen,Fast,0.68641,0.00000
v1_frozen,Fast,0.68676,0.00000
v1_frozen,Fast,0.68711,0.00000
v1_frozen,Fast,0.68746,0.00000
v1_frozen,Fast,0.68781,0.00000
v1_frozen,Fast,0.68816,0.00000
v1_frozen,Fast,0.68851,0.00000
v1_frozen,Fast,0.68886,0.00000
v1_frozen,Fast,0.68921,0.00000
v1_frozen,Fast,0.68956,0.00000
v1_frozen,Fast,0.68991,0.00000
v1_frozen,Fast,0.69026,0.00000
v1_frozen,Fast,0.69061,0.00000
v1_frozen,Fast,0.69096,0.00000
v1_frozen,Fast,0.69131,0.00000
v1_frozen,Fast,0.69166,0.00000
v1_frozen,Fast,0.69201,0.00000
v1_frozen,Fast,0.69236,0.00000
v1_frozen,Fast,0.69271,0.00000
v1_frozen,Fast,0.69306,0.00000
v1_frozen,Fast,0.69341,0.00000
v1_frozen,Fast,0.69376,0.00000
v1_frozen,Fast,0.69411,0.00000
v1_frozen,Fast,0.69446,0.00000
v1_frozen,Fast,0.69481,0.00000
v1_frozen,Fast,0.69516,0.00000
v1_frozen,Fast,0.69552,0.00000
v1_frozen,Fast,0.69587,0.00000
v1_frozen,Fast,0.69622,0.00000
v1_frozen,Fast,0.69657,0.00000
v1_frozen,Fast,0.69692,0.00000
v1_frozen,Fast,0.69727,0.00000
v1_frozen,Fast,0.69762,0.00000
v1_frozen,Fast,0.69797,0.00000
v1_frozen,Fast,0.69832,0.00000
v1_frozen,Fast,0.69867,0.00000
v1_frozen,Fast,0.69902,0.00000
v1_frozen,Fast,0.69937,0.00000
v1_frozen,Fast,0.69972,0.00000
v1_frozen,Fast,0.70007,0.00000
v1_frozen,Fast,0.70042,0.00000
v1_frozen,Fast,0.70077,0.00000
v1_frozen,Fast,0.70112,0.00000
v1_frozen,Fast,0.70147,0.00000
v1_frozen,Fast,0.70182,0.00000
v1_frozen,Fast,0.70217,0.00000
v1_frozen,Fast,0.70252,0.00000
v1_frozen,Fast,0.70287,0.00000
v1_frozen,Fast,0.70322,0.00000
v1_frozen,Fast,0.70357,0.00000
v1_frozen,Fast,0.70392,0.00000
v1_frozen,Fast,0.70427,0.00000
v1_frozen,Fast,0.70463,0.00000
v1_frozen,Fast,0.70498,0.00000
v1_frozen,Fast,0.70533,0.00000
v1_frozen,Fast,0.70568,0.00000
v1_frozen,Fast,0.70603,0.00000
v1_frozen,Fast,0.70638,0.00000
v1_frozen,Fast,0.70673,0.00000
v1_frozen,Fast,0.70708,0.00000
v1_frozen,Fast,0.70743,0.00000
v1_frozen,Fast,0.70778,0.00000
v1_frozen,Fast,0.70813,0.00000
v1_frozen,Fast,0.70848,0.00000
v1_frozen,Fast,0.70883,0.00000
v1_frozen,Fast,0.70918,0.00000
v1_frozen,Fast,0.70953,0.00000
v1_frozen,Fast,0.70988,0.00000
v1_frozen,Fast,0.71023,0.00000
v1_frozen,Fast,0.71058,0.00000
v1_frozen,Fast,0.71093,0.00000
v1_frozen,Fast,0.71128,0.00000
v1_frozen,Fast,0.71163,0.00000
v1_frozen,Fast,0.71198,0.00000
v1_frozen,Fast,0.71233,0.00000
v1_frozen,Fast,0.71268,0.00000
v1_frozen,Fast,0.71303,0.00000
v1_frozen,Fast,0.71338,0.00000
v1_frozen,Fast,0.71374,0.00000
v1_frozen,Fast,0.71409,0.00000
v1_frozen,Fast,0.71444,0.00000
v1_frozen,Fast,0.71479,0.00000
v1_frozen,Fast,0.71514,0.00000
v1_frozen,Fast,0.71549,0.00000
v1_frozen,Fast,0.71584,0.00000
v1_frozen,Fast,0.71619,0.00000
v1_frozen,Fast,0.71654,0.00000
v1_frozen,Fast,0.71689,0.00000
v1_frozen,Fast,0.71724,0.00000
v1_frozen,Fast,0.71759,0.00000
v1_frozen,Fast,0.71794,0.00000
v1_frozen,Fast,0.71829,0.00000
v1_frozen,Fast,0.71864,0.00000
v1_frozen,Fast,0.71899,0.00000
v1_frozen,Fast,0.71934,0.00000
v1_frozen,Fast,0.71969,0.00000
v1_frozen,Fast,0.72004,0.00000
v1_frozen,Fast,0.72039,0.00000
v1_frozen,Fast,0.72074,0.00000
v1_frozen,Fast,0.72109,0.00000
v1_frozen,Fast,0.72144,0.00000
v1_frozen,Fast,0.72179,0.00000
v1_frozen,Fast,0.72214,0.00000
v1_frozen,Fast,0.72249,0.00000
v1_frozen,Fast,0.72285,0.00000
v1_frozen,Fast,0.72320,0.00000
v1_frozen,Fast,0.72355,0.00000
v1_frozen,Fast,0.72390,0.00000
v1_frozen,Fast,0.72425,0.00000
v1_frozen,Fast,0.72460,0.00000
v1_frozen,Fast,0.72495,0.00000
v1_frozen,Fast,0.72530,0.00000
v1_frozen,Fast,0.72565,0.00000
v1_frozen,Fast,0.72600,0.00000
v1_frozen,Fast,0.72635,0.00000
v1_frozen,Fast,0.72670,0.00000
v1_frozen,Fast,0.72705,0.00000
v1_frozen,Fast,0.72740,0.00000
v1_frozen,Fast,0.72775,0.00000
v1_frozen,Fast,0.72810,0.00000
v1_frozen,Fast,0.72845,0.00000
v1_frozen,Fast,0.72880,0.00000
v1_frozen,Fast,0.72915,0.00000
v1_frozen,Fast,0.72950,0.00000
v1_frozen,Fast,0.72985,0.00000
v1_frozen,Fast,0.73020,0.00000
v1_frozen,Fast,0.73055,0.00000
v1_frozen,Fast,0.73090,0.00000
v1_frozen,Fast,0.73125,0.00000
v1_frozen,Fast,0.73160,0.00000
v1_frozen,Fast,0.73196,0.00000
v1_frozen,Fast,0.73231,0.00000
v1_frozen,Fast,0.73266,0.00000
v1_frozen,Fast,0.73301,0.00000
v1_frozen,Fast,0.73336,0.00000
v1_frozen,Fast,0.73371,0.00000
v1_frozen,Fast,0.73406,0.00000
v1_frozen,Fast,0.73441,0.00000
v1_frozen,Fast,0.73476,0.00000
v1_frozen,Fast,0.73511,0.00000
v1_frozen,Fast,0.73546,0.00000
v1_frozen,Fast,0.73581,0.00000
v1_frozen,Fast,0.73616,0.00000
v1_frozen,Fast,0.73651,0.00000
v1_frozen,Fast,0.73686,0.00000
v1_frozen,Fast,0.73721,0.00000
v1_frozen,Fast,0.73756,0.00000
v1_frozen,Fast,0.73791,0.00000
v1_frozen,Fast,0.73826,0.00000
v1_frozen,Fast,0.73861,0.00000
v1_frozen,Fast,0.73896,0.00000
v1_frozen,Fast,0.73931,0.00000
v1_frozen,Fast,0.73966,0.00000
v1_frozen,Fast,0.74001,0.00000
v1_frozen,Fast,0.74036,0.00000
v1_frozen,Fast,0.74071,0.00000
v1_frozen,Fast,0.74107,0.00000
v1_frozen,Fast,0.74142,0.00000
v1_frozen,Fast,0.74177,0.00000
v1_frozen,Fast,0.74212,0.00000
v1_frozen,Fast,0.74247,0.00000
v1_frozen,Fast,0.74282,0.00000
v1_frozen,Fast,0.74317,0.00000
v1_frozen,Fast,0.74352,0.00000
v1_frozen,Fast,0.74387,0.00000
v1_frozen,Fast,0.74422,0.00000
v1_frozen,Fast,0.74457,0.00000
v1_frozen,Fast,0.74492,0.00000
v1_frozen,Fast,0.74527,0.00000
v1_frozen,Fast,0.74562,0.00000
v1_frozen,Fast,0.74597,0.00000
v1_frozen,Fast,0.74632,0.00000
v1_frozen,Fast,0.74667,0.00000
v1_frozen,Fast,0.74702,0.00000
v1_frozen,Fast,0.74737,0.00000
v1_frozen,Fast,0.74772,0.00000
v1_frozen,Fast,0.74807,0.00000
v1_frozen,Fast,0.74842,0.00000
v1_frozen,Fast,0.74877,0.00000
v1_frozen,Fast,0.74912,0.00000
v1_frozen,Fast,0.74947,0.00000
v1_frozen,Fast,0.74982,0.00000
v1_frozen,Fast,0.75018,0.00000
v1_frozen,Fast,0.75053,0.00000
v1_frozen,Fast,0.75088,0.00000
v1_frozen,Fast,0.75123,0.00000
v1_frozen,Fast,0.75158,0.00000
v1_frozen,Fast,0.75193,0.00000
v1_frozen,Fast,0.75228,0.00000
v1_frozen,Fast,0.75263,0.00000
v1_frozen,Fast,0.75298,0.00000
v1_frozen,Fast,0.75333,0.00000
v1_frozen,Fast,0.75368,0.00000
v1_frozen,Fast,0.75403,0.00000
v1_frozen,Fast,0.75438,0.00000
v1_frozen,Fast,0.75473,0.00000
v1_frozen,Fast,0.75508,0.00000
v1_frozen,Fast,0.75543,0.00000
v1_frozen,Fast,0.75578,0.00000
v1_frozen,Fast,0.75613,0.00000
v1_frozen,Fast,0.75648,0.00000
v1_frozen,Fast,0.75683,0.00000
v1_frozen,Fast,0.75718,0.00000
v1_frozen,Fast,0.75753,0.00000
v1_frozen,Fast,0.75788,0.00000
v1_frozen,Fast,0.75823,0.00000
v1_frozen,Fast,0.75858,0.00000
v1_frozen,Fast,0.75893,0.00000
v1_frozen,Fast,0.75929,0.00000
v1_frozen,Fast,0.75964,0.00000
v1_frozen,Fast,0.75999,0.00000
v1_frozen,Fast,0.76034,0.00000
v1_frozen,Fast,0.76069,0.00000
v1_frozen,Fast,0.76104,0.00000
v1_frozen,Fast,0.76139,0.00000
v1_frozen,Fast,0.76174,0.00000
v1_frozen,Fast,0.76209,0.00000
v1_frozen,Fast,0.76244,0.00000
v1_frozen,Fast,0.76279,0.00000
v1_frozen,Fast,0.76314,0.00000
v1_frozen,Fast,0.76349,0.00000
v1_frozen,Fast,0.76384,0.00000
v1_frozen,Fast,0.76419,0.00000
v1_frozen,Fast,0.76454,0.00000
v1_frozen,Fast,0.76489,0.00000
v1_frozen,Fast,0.76524,0.00000
v1_frozen,Fast,0.76559,0.00000
v1_frozen,Fast,0.76594,0.00000
v1_frozen,Fast,0.76629,0.00000
v1_frozen,Fast,0.76664,0.00000
v1_frozen,Fast,0.76699,0.00000
v1_frozen,Fast,0.76734,0.00000
v1_frozen,Fast,0.76769,0.00000
v1_frozen,Fast,0.76804,0.00000
v1_frozen,Fast,0.76840,0.00000
v1_frozen,Fast,0.76875,0.00000
v1_frozen,Fast,0.76910,0.00000
v1_frozen,Fast,0.76945,0.00000
v1_frozen,Fast,0.76980,0.00000
v1_frozen,Fast,0.77015,0.00000
v1_frozen,Fast,0.77050,0.00000
v1_frozen,Fast,0.77085,0.00000
v1_frozen,Fast,0.77120,0.00000
v1_frozen,Fast,0.77155,0.00000
v1_frozen,Fast,0.77190,0.00000
v1_frozen,Fast,0.77225,0.00000
v1_frozen,Fast,0.77260,0.00000
v1_frozen,Fast,0.77295,0.00000
v1_frozen,Fast,0.77330,0.00000
v1_frozen,Fast,0.77365,0.00000
v1_frozen,Fast,0.77400,0.00000
v1_frozen,Fast,0.77435,0.00000
v1_frozen,Fast,0.77470,0.00000
v1_frozen,Fast,0.77505,0.00000
v1_frozen,Fast,0.77540,0.00000
v1_frozen,Fast,0.77575,0.00000
v1_frozen,Fast,0.77610,0.00000
v1_frozen,Fast,0.77645,0.00000
v1_frozen,Fast,0.77680,0.00000
v1_frozen,Fast,0.77715,0.00000
v1_frozen,Fast,0.77751,0.00000
v1_frozen,Fast,0.77786,0.00000
v1_frozen,Fast,0.77821,0.00000
v1_frozen,Fast,0.77856,0.00000
v1_frozen,Fast,0.77891,0.00000
v1_frozen,Fast,0.77926,0.00000
v1_frozen,Fast,0.77961,0.00000
v1_frozen,Fast,0.77996,0.00000
v1_frozen,Fast,0.78031,0.00000
v1_frozen,Fast,0.78066,0.00000
v1_frozen,Fast,0.78101,0.00000
v1_frozen,Fast,0.78136,0.00000
v1_frozen,Fast,0.78171,0.00000
v1_frozen,Fast,0.78206,0.00000
v1_frozen,Fast,0.78241,0.00000
v1_frozen,Fast,0.78276,0.00000
v1_frozen,Fast,0.78311,0.00000
v1_frozen,Fast,0.78346,0.00000
v1_frozen,Fast,0.78381,0.00000
v1_frozen,Fast,0.78416,0.00000
v1_frozen,Fast,0.78451,0.00000
v1_frozen,Fast,0.78486,0.00000
v1_frozen,Fast,0.78521,0.00000
v1_frozen,Fast,0.78556,0.00000
v1_frozen,Fast,0.78591,0.00000
v1_frozen,Fast,0.78626,0.00000
v1_frozen,Fast,0.78662,0.00000
v1_frozen,Fast,0.78697,0.00000
v1_frozen,Fast,0.78732,0.00000
v1_frozen,Fast,0.78767,0.00000
v1_frozen,Fast,0.78802,0.00000
v1_frozen,Fast,0.78837,0.00000
v1_frozen,Fast,0.78872,0.00000
v1_frozen,Fast,0.78907,0.00000
v1_frozen,Fast,0.78942,0.00000
v1_frozen,Fast,0.78977,0.00000
v1_frozen,Fast,0.79012,0.00000
v1_frozen,Fast,0.79047,0.00000
v1_frozen,Fast,0.79082,0.00000
v1_frozen,Fast,0.79117,0.00000
v1_frozen,Fast,0.79152,0.00000
v1_frozen,Fast,0.79187,0.00000
v1_frozen,Fast,0.79222,0.00000
v1_frozen,Fast,0.79257,0.00000
v1_frozen,Fast,0.79292,0.00000
v1_frozen,Fast,0.79327,0.00000
v1_frozen,Fast,0.79362,0.00000
v1_frozen,Fast,0.79397,0.00000
v1_frozen,Fast,0.79432,0.00000
v1_frozen,Fast,0.79467,0.00000
v1_frozen,Fast,0.79502,0.00000
v1_frozen,Fast,0.79537,0.00000
v1_frozen,Fast,0.79573,0.00000
v1_frozen,Fast,0.79608,0.00000
v1_frozen,Fast,0.79643,0.00000
v1_frozen,Fast,0.79678,0.00000
v1_frozen,Fast,0.79713,0.00000
v1_frozen,Fast,0.79748,0.00000
v1_frozen,Fast,0.79783,0.00000
v1_frozen,Fast,0.79818,0.00000
v1_frozen,Fast,0.79853,0.00000
v1_frozen,Fast,0.79888,0.00000
v1_frozen,Fast,0.79923,0.00000
v1_frozen,Fast,0.79958,0.00000
v1_frozen,Fast,0.79993,0.00000
v1_frozen,Fast,0.80028,0.00000
v1_frozen,Fast,0.80063,0.00000
v1_frozen,Fast,0.80098,0.00000
v1_frozen,Fast,0.80133,0.00000
v1_frozen,Fast,0.80168,0.00000
v1_frozen,Fast,0.80203,0.00000
v1_frozen,Fast,0.80238,0.00000
v1_frozen,Fast,0.80273,0.00000
v1_frozen,Fast,0.80308,0.00000
v1_frozen,Fast,0.80343,0.00000
v1_frozen,Fast,0.80378,0.00000
v1_frozen,Fast,0.80413,0.00000
v1_frozen,Fast,0.80448,0.00000
v1_frozen,Fast,0.80484,0.00000
v1_frozen,Fast,0.80519,0.00000
v1_frozen,Fast,0.80554,0.00000
v1_frozen,Fast,0.80589,0.00000
v1_frozen,Fast,0.80624,0.00000
v1_frozen,Fast,0.80659,0.00000
v1_frozen,Fast,0.80694,0.00000
v1_frozen,Fast,0.80729,0.00000
v1_frozen,Fast,0.80764,0.00000
v1_frozen,Fast,0.80799,0.00000
v1_frozen,Fast,0.80834,0.00000
v1_frozen,Fast,0.80869,0.00000
v1_frozen,Fast,0.80904,0.00000
v1_frozen,Fast,0.80939,0.00000
v1_frozen,Fast,0.80974,0.00000
v1_frozen,Fast,0.81009,0.00000
v1_frozen,Fast,0.81044,0.00000
v1_frozen,Fast,0.81079,0.00000
v1_frozen,Fast,0.81114,0.00000
v1_frozen,Fast,0.81149,0.00000
v1_frozen,Fast,0.81184,0.00000
v1_frozen,Fast,0.81219,0.00000
v1_frozen,Fast,0.81254,0.00000
v1_frozen,Fast,0.81289,0.00000
v1_frozen,Fast,0.81324,0.00000
v1_frozen,Fast,0.81359,0.00000
v1_frozen,Fast,0.81395,0.00000
v1_frozen,Fast,0.81430,0.00000
v1_frozen,Fast,0.81465,0.00000
v1_frozen,Fast,0.81500,0.00000
v1_frozen,Fast,0.81535,0.00000
v1_frozen,Fast,0.81570,0.00000
v1_frozen,Fast,0.81605,0.00000
v1_frozen,Fast,0.81640,0.00000
v1_frozen,Fast,0.81675,0.00000
v1_frozen,Fast,0.81710,0.00000
v1_frozen,Fast,0.81745,0.00000
v1_frozen,Fast,0.81780,0.00000
v1_frozen,Fast,0.81815,0.00000
v1_frozen,Fast,0.81850,0.00000
v1_frozen,Fast,0.81885,0.00000
v1_frozen,Fast,0.81920,0.00000
v1_frozen,Fast,0.81955,0.00000
v1_frozen,Fast,0.81990,0.00000
v1_frozen,Fast,0.82025,0.00000
v1_frozen,Fast,0.82060,0.00000
v1_frozen,Fast,0.82095,0.00000
v1_frozen,Fast,0.82130,0.00000
v1_frozen,Fast,0.82165,0.00000
v1_frozen,Fast,0.82200,0.00000
v1_frozen,Fast,0.82235,0.00000
v1_frozen,Fast,0.82270,0.00000
v1_frozen,Fast,0.82306,0.00043
v1_frozen,Fast,0.82341,0.00043
v1_frozen,Fast,0.82376,0.00043
v1_frozen,Fast,0.82411,0.00043
v1_frozen,Fast,0.82446,0.00042
v1_frozen,Fast,0.82481,0.00042
v1_frozen,Fast,0.82516,0.00042
v1_frozen,Fast,0.82551,0.00042
v1_frozen,Fast,0.82586,0.00042
v1_frozen,Fast,0.82621,0.00042
v1_frozen,Fast,0.82656,0.00042
v1_frozen,Fast,0.82691,0.00042
v1_frozen,Fast,0.82726,0.00042
v1_frozen,Fast,0.82761,0.00042
v1_frozen,Fast,0.82796,0.00042
v1_frozen,Fast,0.82831,0.00042
v1_frozen,Fast,0.82866,0.00042
v1_frozen,Fast,0.82901,0.00042
v1_frozen,Fast,0.82936,0.00042
v1_frozen,Fast,0.82971,0.00042
v1_frozen,Fast,0.83006,0.00042
v1_frozen,Fast,0.83041,0.00042
v1_frozen,Fast,0.83076,0.00042
v1_frozen,Fast,0.83111,0.00042
v1_frozen,Fast,0.83146,0.00042
v1_frozen,Fast,0.83181,0.00042
v1_frozen,Fast,0.83217,0.00042
v1_frozen,Fast,0.83252,0.00042
v1_frozen,Fast,0.83287,0.00042
v1_frozen,Fast,0.83322,0.00042
v1_frozen,Fast,0.83357,0.00042
v1_frozen,Fast,0.83392,0.00042
v1_frozen,Fast,0.83427,0.00042
v1_frozen,Fast,0.83462,0.00042
v1_frozen,Fast,0.83497,0.00042
v1_frozen,Fast,0.83532,0.00042
v1_frozen,Fast,0.83567,0.00042
v1_frozen,Fast,0.83602,0.00042
v1_frozen,Fast,0.83637,0.00042
v1_frozen,Fast,0.83672,0.00042
v1_frozen,Fast,0.83707,0.00042
v1_frozen,Fast,0.83742,0.00042
v1_frozen,Fast,0.83777,0.00042
v1_frozen,Fast,0.83812,0.00042
v1_frozen,Fast,0.83847,0.00042
v1_frozen,Fast,0.83882,0.00084
v1_frozen,Fast,0.83917,0.00125
v1_frozen,Fast,0.83952,0.00125
v1_frozen,Fast,0.83987,0.00125
v1_frozen,Fast,0.84022,0.00125
v1_frozen,Fast,0.84057,0.00125
v1_frozen,Fast,0.84093,0.00125
v1_frozen,Fast,0.84128,0.00125
v1_frozen,Fast,0.84163,0.00125
v1_frozen,Fast,0.84198,0.00125
v1_frozen,Fast,0.84233,0.00125
v1_frozen,Fast,0.84268,0.00125
v1_frozen,Fast,0.84303,0.00125
v1_frozen,Fast,0.84338,0.00125
v1_frozen,Fast,0.84373,0.00125
v1_frozen,Fast,0.84408,0.00125
v1_frozen,Fast,0.84443,0.00124
v1_frozen,Fast,0.84478,0.00124
v1_frozen,Fast,0.84513,0.00124
v1_frozen,Fast,0.84548,0.00124
v1_frozen,Fast,0.84583,0.00124
v1_frozen,Fast,0.84618,0.00124
v1_frozen,Fast,0.84653,0.00124
v1_frozen,Fast,0.84688,0.00124
v1_frozen,Fast,0.84723,0.00124
v1_frozen,Fast,0.84758,0.00124
v1_frozen,Fast,0.84793,0.00124
v1_frozen,Fast,0.84828,0.00124
v1_frozen,Fast,0.84863,0.00124
v1_frozen,Fast,0.84898,0.00124
v1_frozen,Fast,0.84933,0.00124
v1_frozen,Fast,0.84968,0.00124
v1_frozen,Fast,0.85004,0.00124
v1_frozen,Fast,0.85039,0.00165
v1_frozen,Fast,0.85074,0.00165
v1_frozen,Fast,0.85109,0.00165
v1_frozen,Fast,0.85144,0.00165
v1_frozen,Fast,0.85179,0.00165
v1_frozen,Fast,0.85214,0.00164
v1_frozen,Fast,0.85249,0.00164
v1_frozen,Fast,0.85284,0.00164
v1_frozen,Fast,0.85319,0.00164
v1_frozen,Fast,0.85354,0.00164
v1_frozen,Fast,0.85389,0.00164
v1_frozen,Fast,0.85424,0.00164
v1_frozen,Fast,0.85459,0.00164
v1_frozen,Fast,0.85494,0.00164
v1_frozen,Fast,0.85529,0.00164
v1_frozen,Fast,0.85564,0.00164
v1_frozen,Fast,0.85599,0.00164
v1_frozen,Fast,0.85634,0.00164
v1_frozen,Fast,0.85669,0.00164
v1_frozen,Fast,0.85704,0.00164
v1_frozen,Fast,0.85739,0.00163
v1_frozen,Fast,0.85774,0.00163
v1_frozen,Fast,0.85809,0.00163
v1_frozen,Fast,0.85844,0.00163
v1_frozen,Fast,0.85879,0.00163
v1_frozen,Fast,0.85915,0.00163
v1_frozen,Fast,0.85950,0.00163
v1_frozen,Fast,0.85985,0.00163
v1_frozen,Fast,0.86020,0.00163
v1_frozen,Fast,0.86055,0.00163
v1_frozen,Fast,0.86090,0.00163
v1_frozen,Fast,0.86125,0.00163
v1_frozen,Fast,0.86160,0.00203
v1_frozen,Fast,0.86195,0.00203
v1_frozen,Fast,0.86230,0.00203
v1_frozen,Fast,0.86265,0.00203
v1_frozen,Fast,0.86300,0.00203
v1_frozen,Fast,0.86335,0.00203
v1_frozen,Fast,0.86370,0.00203
v1_frozen,Fast,0.86405,0.00203
v1_frozen,Fast,0.86440,0.00203
v1_frozen,Fast,0.86475,0.00203
v1_frozen,Fast,0.86510,0.00203
v1_frozen,Fast,0.86545,0.00202
v1_frozen,Fast,0.86580,0.00202
v1_frozen,Fast,0.86615,0.00202
v1_frozen,Fast,0.86650,0.00202
v1_frozen,Fast,0.86685,0.00202
v1_frozen,Fast,0.86720,0.00202
v1_frozen,Fast,0.86755,0.00202
v1_frozen,Fast,0.86790,0.00202
v1_frozen,Fast,0.86826,0.00202
v1_frozen,Fast,0.86861,0.00202
v1_frozen,Fast,0.86896,0.00202
v1_frozen,Fast,0.86931,0.00202
v1_frozen,Fast,0.86966,0.00201
v1_frozen,Fast,0.87001,0.00201
v1_frozen,Fast,0.87036,0.00201
v1_frozen,Fast,0.87071,0.00201
v1_frozen,Fast,0.87106,0.00201
v1_frozen,Fast,0.87141,0.00201
v1_frozen,Fast,0.87176,0.00201
v1_frozen,Fast,0.87211,0.00201
v1_frozen,Fast,0.87246,0.00201
v1_frozen,Fast,0.87281,0.00201
v1_frozen,Fast,0.87316,0.00201
v1_frozen,Fast,0.87351,0.00201
v1_frozen,Fast,0.87386,0.00241
v1_frozen,Fast,0.87421,0.00240
v1_frozen,Fast,0.87456,0.00240
v1_frozen,Fast,0.87491,0.00240
v1_frozen,Fast,0.87526,0.00240
v1_frozen,Fast,0.87561,0.00240
v1_frozen,Fast,0.87596,0.00240
v1_frozen,Fast,0.87631,0.00240
v1_frozen,Fast,0.87666,0.00240
v1_frozen,Fast,0.87701,0.00280
v1_frozen,Fast,0.87737,0.00280
v1_frozen,Fast,0.87772,0.00279
v1_frozen,Fast,0.87807,0.00279
v1_frozen,Fast,0.87842,0.00279
v1_frozen,Fast,0.87877,0.00279
v1_frozen,Fast,0.87912,0.00279
v1_frozen,Fast,0.87947,0.00279
v1_frozen,Fast,0.87982,0.00279
v1_frozen,Fast,0.88017,0.00279
v1_frozen,Fast,0.88052,0.00279
v1_frozen,Fast,0.88087,0.00278
v1_frozen,Fast,0.88122,0.00278
v1_frozen,Fast,0.88157,0.00278
v1_frozen,Fast,0.88192,0.00278
v1_frozen,Fast,0.88227,0.00278
v1_frozen,Fast,0.88262,0.00278
v1_frozen,Fast,0.88297,0.00278
v1_frozen,Fast,0.88332,0.00278
v1_frozen,Fast,0.88367,0.00278
v1_frozen,Fast,0.88402,0.00277
v1_frozen,Fast,0.88437,0.00277
v1_frozen,Fast,0.88472,0.00277
v1_frozen,Fast,0.88507,0.00277
v1_frozen,Fast,0.88542,0.00277
v1_frozen,Fast,0.88577,0.00277
v1_frozen,Fast,0.88612,0.00277
v1_frozen,Fast,0.88648,0.00277
v1_frozen,Fast,0.88683,0.00316
v1_frozen,Fast,0.88718,0.00316
v1_frozen,Fast,0.88753,0.00316
v1_frozen,Fast,0.88788,0.00316
v1_frozen,Fast,0.88823,0.00316
v1_frozen,Fast,0.88858,0.00315
v1_frozen,Fast,0.88893,0.00315
v1_frozen,Fast,0.88928,0.00315
v1_frozen,Fast,0.88963,0.00315
v1_frozen,Fast,0.88998,0.00315
v1_frozen,Fast,0.89033,0.00315
v1_frozen,Fast,0.89068,0.00315
v1_frozen,Fast,0.89103,0.00354
v1_frozen,Fast,0.89138,0.00354
v1_frozen,Fast,0.89173,0.00354
v1_frozen,Fast,0.89208,0.00353
v1_frozen,Fast,0.89243,0.00353
v1_frozen,Fast,0.89278,0.00353
v1_frozen,Fast,0.89313,0.00353
v1_frozen,Fast,0.89348,0.00353
v1_frozen,Fast,0.89383,0.00353
v1_frozen,Fast,0.89418,0.00353
v1_frozen,Fast,0.89453,0.00353
v1_frozen,Fast,0.89488,0.00352
v1_frozen,Fast,0.89523,0.00391
v1_frozen,Fast,0.89559,0.00391
v1_frozen,Fast,0.89594,0.00391
v1_frozen,Fast,0.89629,0.00391
v1_frozen,Fast,0.89664,0.00391
v1_frozen,Fast,0.89699,0.00391
v1_frozen,Fast,0.89734,0.00390
v1_frozen,Fast,0.89769,0.00390
v1_frozen,Fast,0.89804,0.00390
v1_frozen,Fast,0.89839,0.00390
v1_frozen,Fast,0.89874,0.00390
v1_frozen,Fast,0.89909,0.00390
v1_frozen,Fast,0.89944,0.00390
v1_frozen,Fast,0.89979,0.00389
v1_frozen,Fast,0.90014,0.00389
v1_frozen,Fast,0.90049,0.00389
v1_frozen,Fast,0.90084,0.00389
v1_frozen,Fast,0.90119,0.00389
v1_frozen,Fast,0.90154,0.00389
v1_frozen,Fast,0.90189,0.00389
v1_frozen,Fast,0.90224,0.00388
v1_frozen,Fast,0.90259,0.00388
v1_frozen,Fast,0.90294,0.00388
v1_frozen,Fast,0.90329,0.00388
v1_frozen,Fast,0.90364,0.00388
v1_frozen,Fast,0.90399,0.00388
v1_frozen,Fast,0.90434,0.00387
v1_frozen,Fast,0.90470,0.00387
v1_frozen,Fast,0.90505,0.00387
v1_frozen,Fast,0.90540,0.00387
v1_frozen,Fast,0.90575,0.00387
v1_frozen,Fast,0.90610,0.00387
v1_frozen,Fast,0.90645,0.00387
v1_frozen,Fast,0.90680,0.00386
v1_frozen,Fast,0.90715,0.00386
v1_frozen,Fast,0.90750,0.00386
v1_frozen,Fast,0.90785,0.00386
v1_frozen,Fast,0.90820,0.00386
v1_frozen,Fast,0.90855,0.00386
v1_frozen,Fast,0.90890,0.00386
v1_frozen,Fast,0.90925,0.00385
v1_frozen,Fast,0.90960,0.00385
v1_frozen,Fast,0.90995,0.00385
v1_frozen,Fast,0.91030,0.00385
v1_frozen,Fast,0.91065,0.00423
v1_frozen,Fast,0.91100,0.00423
v1_frozen,Fast,0.91135,0.00423
v1_frozen,Fast,0.91170,0.00423
v1_frozen,Fast,0.91205,0.00423
v1_frozen,Fast,0.91240,0.00422
v1_frozen,Fast,0.91275,0.00422
v1_frozen,Fast,0.91310,0.00422
v1_frozen,Fast,0.91345,0.00422
v1_frozen,Fast,0.91381,0.00422
v1_frozen,Fast,0.91416,0.00422
v1_frozen,Fast,0.91451,0.00421
v1_frozen,Fast,0.91486,0.00421
v1_frozen,Fast,0.91521,0.00459
v1_frozen,Fast,0.91556,0.00459
v1_frozen,Fast,0.91591,0.00497
v1_frozen,Fast,0.91626,0.00497
v1_frozen,Fast,0.91661,0.00497
v1_frozen,Fast,0.91696,0.00497
v1_frozen,Fast,0.91731,0.00497
v1_frozen,Fast,0.91766,0.00496
v1_frozen,Fast,0.91801,0.00496
v1_frozen,Fast,0.91836,0.00496
v1_frozen,Fast,0.91871,0.00496
v1_frozen,Fast,0.91906,0.00496
v1_frozen,Fast,0.91941,0.00495
v1_frozen,Fast,0.91976,0.00495
v1_frozen,Fast,0.92011,0.00495
v1_frozen,Fast,0.92046,0.00533
v1_frozen,Fast,0.92081,0.00533
v1_frozen,Fast,0.92116,0.00533
v1_frozen,Fast,0.92151,0.00532
v1_frozen,Fast,0.92186,0.00570
v1_frozen,Fast,0.92221,0.00570
v1_frozen,Fast,0.92256,0.00570
v1_frozen,Fast,0.92292,0.00569
v1_frozen,Fast,0.92327,0.00607
v1_frozen,Fast,0.92362,0.00607
v1_frozen,Fast,0.92397,0.00607
v1_frozen,Fast,0.92432,0.00607
v1_frozen,Fast,0.92467,0.00606
v1_frozen,Fast,0.92502,0.00606
v1_frozen,Fast,0.92537,0.00644
v1_frozen,Fast,0.92572,0.00681
v1_frozen,Fast,0.92607,0.00681
v1_frozen,Fast,0.92642,0.00681
v1_frozen,Fast,0.92677,0.00681
v1_frozen,Fast,0.92712,0.00680
v1_frozen,Fast,0.92747,0.00680
v1_frozen,Fast,0.92782,0.00680
v1_frozen,Fast,0.92817,0.00680
v1_frozen,Fast,0.92852,0.00717
v1_frozen,Fast,0.92887,0.00754
v1_frozen,Fast,0.92922,0.00754
v1_frozen,Fast,0.92957,0.00754
v1_frozen,Fast,0.92992,0.00754
v1_frozen,Fast,0.93027,0.00753
v1_frozen,Fast,0.93062,0.00753
v1_frozen,Fast,0.93097,0.00753
v1_frozen,Fast,0.93132,0.00790
v1_frozen,Fast,0.93167,0.00790
v1_frozen,Fast,0.93203,0.00789
v1_frozen,Fast,0.93238,0.00789
v1_frozen,Fast,0.93273,0.00789
v1_frozen,Fast,0.93308,0.00826
v1_frozen,Fast,0.93343,0.00863
v1_frozen,Fast,0.93378,0.00863
v1_frozen,Fast,0.93413,0.00863
v1_frozen,Fast,0.93448,0.00862
v1_frozen,Fast,0.93483,0.00862
v1_frozen,Fast,0.93518,0.00862
v1_frozen,Fast,0.93553,0.00861
v1_frozen,Fast,0.93588,0.00861
v1_frozen,Fast,0.93623,0.00861
v1_frozen,Fast,0.93658,0.00860
v1_frozen,Fast,0.93693,0.00860
v1_frozen,Fast,0.93728,0.00860
v1_frozen,Fast,0.93763,0.00859
v1_frozen,Fast,0.93798,0.00859
v1_frozen,Fast,0.93833,0.00859
v1_frozen,Fast,0.93868,0.00859
v1_frozen,Fast,0.93903,0.00858
v1_frozen,Fast,0.93938,0.00858
v1_frozen,Fast,0.93973,0.00858
v1_frozen,Fast,0.94008,0.00895
v1_frozen,Fast,0.94043,0.00931
v1_frozen,Fast,0.94078,0.00931
v1_frozen,Fast,0.94114,0.00931
v1_frozen,Fast,0.94149,0.00968
v1_frozen,Fast,0.94184,0.01004
v1_frozen,Fast,0.94219,0.01004
v1_frozen,Fast,0.94254,0.01004
v1_frozen,Fast,0.94289,0.01003
v1_frozen,Fast,0.94324,0.01003
v1_frozen,Fast,0.94359,0.01003
v1_frozen,Fast,0.94394,0.01039
v1_frozen,Fast,0.94429,0.01076
v1_frozen,Fast,0.94464,0.01076
v1_frozen,Fast,0.94499,0.01075
v1_frozen,Fast,0.94534,0.01075
v1_frozen,Fast,0.94569,0.01074
v1_frozen,Fast,0.94604,0.01074
v1_frozen,Fast,0.94639,0.01074
v1_frozen,Fast,0.94674,0.01073
v1_frozen,Fast,0.94709,0.01073
v1_frozen,Fast,0.94744,0.01072
v1_frozen,Fast,0.94779,0.01072
v1_frozen,Fast,0.94814,0.01072
v1_frozen,Fast,0.94849,0.01108
v1_frozen,Fast,0.94884,0.01108
v1_frozen,Fast,0.94919,0.01144
v1_frozen,Fast,0.94954,0.01144
v1_frozen,Fast,0.94989,0.01143
v1_frozen,Fast,0.95025,0.01143
v1_frozen,Fast,0.95060,0.01143
v1_frozen,Fast,0.95095,0.01142
v1_frozen,Fast,0.95130,0.01142
v1_frozen,Fast,0.95165,0.01178
v1_frozen,Fast,0.95200,0.01215
v1_frozen,Fast,0.95235,0.01251
v1_frozen,Fast,0.95270,0.01250
v1_frozen,Fast,0.95305,0.01287
v1_frozen,Fast,0.95340,0.01286
v1_frozen,Fast,0.95375,0.01286
v1_frozen,Fast,0.95410,0.01285
v1_frozen,Fast,0.95445,0.01285
v1_frozen,Fast,0.95480,0.01284
v1_frozen,Fast,0.95515,0.01284
v1_frozen,Fast,0.95550,0.01283
v1_frozen,Fast,0.95585,0.01283
v1_frozen,Fast,0.95620,0.01283
v1_frozen,Fast,0.95655,0.01282
v1_frozen,Fast,0.95690,0.01318
v1_frozen,Fast,0.95725,0.01354
v1_frozen,Fast,0.95760,0.01390
v1_frozen,Fast,0.95795,0.01426
v1_frozen,Fast,0.95830,0.01426
v1_frozen,Fast,0.95865,0.01425
v1_frozen,Fast,0.95900,0.01461
v1_frozen,Fast,0.95936,0.01497
v1_frozen,Fast,0.95971,0.01497
v1_frozen,Fast,0.96006,0.01533
v1_frozen,Fast,0.96041,0.01569
v1_frozen,Fast,0.96076,0.01568
v1_frozen,Fast,0.96111,0.01568
v1_frozen,Fast,0.96146,0.01567
v1_frozen,Fast,0.96181,0.01603
v1_frozen,Fast,0.96216,0.01602
v1_frozen,Fast,0.96251,0.01638
v1_frozen,Fast,0.96286,0.01638
v1_frozen,Fast,0.96321,0.01673
v1_frozen,Fast,0.96356,0.01673
v1_frozen,Fast,0.96391,0.01672
v1_frozen,Fast,0.96426,0.01672
v1_frozen,Fast,0.96461,0.01707
v1_frozen,Fast,0.96496,0.01707
v1_frozen,Fast,0.96531,0.01706
v1_frozen,Fast,0.96566,0.01705
v1_frozen,Fast,0.96601,0.01705
v1_frozen,Fast,0.96636,0.01704
v1_frozen,Fast,0.96671,0.01740
v1_frozen,Fast,0.96706,0.01739
v1_frozen,Fast,0.96741,0.01739
v1_frozen,Fast,0.96776,0.01738
v1_frozen,Fast,0.96811,0.01773
v1_frozen,Fast,0.96847,0.01809
v1_frozen,Fast,0.96882,0.01808
v1_frozen,Fast,0.96917,0.01844
v1_frozen,Fast,0.96952,0.01843
v1_frozen,Fast,0.96987,0.01842
v1_frozen,Fast,0.97022,0.01842
v1_frozen,Fast,0.97057,0.01877
v1_frozen,Fast,0.97092,0.01877
v1_frozen,Fast,0.97127,0.01912
v1_frozen,Fast,0.97162,0.01911
v1_frozen,Fast,0.97197,0.01911
v1_frozen,Fast,0.97232,0.01910
v1_frozen,Fast,0.97267,0.01909
v1_frozen,Fast,0.97302,0.01909
v1_frozen,Fast,0.97337,0.01908
v1_frozen,Fast,0.97372,0.01943
v1_frozen,Fast,0.97407,0.01942
v1_frozen,Fast,0.97442,0.01942
v1_frozen,Fast,0.97477,0.01977
v1_frozen,Fast,0.97512,0.02012
v1_frozen,Fast,0.97547,0.02047
v1_frozen,Fast,0.97582,0.02083
v1_frozen,Fast,0.97617,0.02118
v1_frozen,Fast,0.97652,0.02117
v1_frozen,Fast,0.97687,0.02116
v1_frozen,Fast,0.97722,0.02115
v1_frozen,Fast,0.97758,0.02115
v1_frozen,Fast,0.97793,0.02114
v1_frozen,Fast,0.97828,0.02149
v1_frozen,Fast,0.97863,0.02184
v1_frozen,Fast,0.97898,0.02183
v1_frozen,Fast,0.97933,0.02218
v1_frozen,Fast,0.97968,0.02253
v1_frozen,Fast,0.98003,0.02252
v1_frozen,Fast,0.98038,0.02287
v1_frozen,Fast,0.98073,0.02322
v1_frozen,Fast,0.98108,0.02357
v1_frozen,Fast,0.98143,0.02392
v1_frozen,Fast,0.98178,0.02391
v1_frozen,Fast,0.98213,0.02426
v1_frozen,Fast,0.98248,0.02461
v1_frozen,Fast,0.98283,0.02496
v1_frozen,Fast,0.98318,0.02530
v1_frozen,Fast,0.98353,0.02529
v1_frozen,Fast,0.98388,0.02528
v1_frozen,Fast,0.98423,0.02528
v1_frozen,Fast,0.98458,0.02527
v1_frozen,Fast,0.98493,0.02561
v1_frozen,Fast,0.98528,0.02560
v1_frozen,Fast,0.98563,0.02560
v1_frozen,Fast,0.98598,0.02559
v1_frozen,Fast,0.98633,0.02593
v1_frozen,Fast,0.98669,0.02592
v1_frozen,Fast,0.98704,0.02591
v1_frozen,Fast,0.98739,0.02590
v1_frozen,Fast,0.98774,0.02590
v1_frozen,Fast,0.98809,0.02624
v1_frozen,Fast,0.98844,0.02623
v1_frozen,Fast,0.98879,0.02622
v1_frozen,Fast,0.98914,0.02621
v1_frozen,Fast,0.98949,0.02620
v1_frozen,Fast,0.98984,0.02619
v1_frozen,Fast,0.99019,0.02619
v1_frozen,Fast,0.99054,0.02653
v1_frozen,Fast,0.99089,0.02652
v1_frozen,Fast,0.99124,0.02686
v1_frozen,Fast,0.99159,0.02686
v1_frozen,Fast,0.99194,0.02720
v1_frozen,Fast,0.99229,0.02754
v1_frozen,Fast,0.99264,0.02753
v1_frozen,Fast,0.99299,0.02788
v1_frozen,Fast,0.99334,0.02822
v1_frozen,Fast,0.99369,0.02856
v1_frozen,Fast,0.99404,0.02855
v1_frozen,Fast,0.99439,0.02889
v1_frozen,Fast,0.99474,0.02888
v1_frozen,Fast,0.99509,0.02923
v1_frozen,Fast,0.99544,0.02922
v1_frozen,Fast,0.99580,0.02956
v1_frozen,Fast,0.99615,0.02955
v1_frozen,Fast,0.99650,0.02989
v1_frozen,Fast,0.99685,0.02988
v1_frozen,Fast,0.99720,0.02987
v1_frozen,Fast,0.99755,0.02986
v1_frozen,Fast,0.99790,0.03020
v1_frozen,Fast,0.99825,0.03054
v1_frozen,Fast,0.99860,0.03053
v1_frozen,Fast,0.99895,0.03087
v1_frozen,Fast,0.99930,0.03121
v1_frozen,Fast,0.99965,0.03155
v1_frozen,Fast,1.00000,0.03189
v1_frozen,Balanced,0.00035,0.00000
v1_frozen,Balanced,0.00070,0.00000
v1_frozen,Balanced,0.00105,0.00000
v1_frozen,Balanced,0.00140,0.00000
v1_frozen,Balanced,0.00175,0.00000
v1_frozen,Balanced,0.00210,0.00000
v1_frozen,Balanced,0.00245,0.00000
v1_frozen,Balanced,0.00280,0.00000
v1_frozen,Balanced,0.00315,0.00000
v1_frozen,Balanced,0.00350,0.00000
v1_frozen,Balanced,0.00385,0.00000
v1_frozen,Balanced,0.00420,0.00000
v1_frozen,Balanced,0.00456,0.00000
v1_frozen,Balanced,0.00491,0.00000
v1_frozen,Balanced,0.00526,0.00000
v1_frozen,Balanced,0.00561,0.00000
v1_frozen,Balanced,0.00596,0.00000
v1_frozen,Balanced,0.00631,0.00000
v1_frozen,Balanced,0.00666,0.00000
v1_frozen,Balanced,0.00701,0.00000
v1_frozen,Balanced,0.00736,0.00000
v1_frozen,Balanced,0.00771,0.00000
v1_frozen,Balanced,0.00806,0.00000
v1_frozen,Balanced,0.00841,0.00000
v1_frozen,Balanced,0.00876,0.00000
v1_frozen,Balanced,0.00911,0.00000
v1_frozen,Balanced,0.00946,0.00000
v1_frozen,Balanced,0.00981,0.00000
v1_frozen,Balanced,0.01016,0.00000
v1_frozen,Balanced,0.01051,0.00000
v1_frozen,Balanced,0.01086,0.00000
v1_frozen,Balanced,0.01121,0.00000
v1_frozen,Balanced,0.01156,0.00000
v1_frozen,Balanced,0.01191,0.00000
v1_frozen,Balanced,0.01226,0.00000
v1_frozen,Balanced,0.01261,0.00000
v1_frozen,Balanced,0.01296,0.00000
v1_frozen,Balanced,0.01331,0.00000
v1_frozen,Balanced,0.01367,0.00000
v1_frozen,Balanced,0.01402,0.00000
v1_frozen,Balanced,0.01437,0.00000
v1_frozen,Balanced,0.01472,0.00000
v1_frozen,Balanced,0.01507,0.00000
v1_frozen,Balanced,0.01542,0.00000
v1_frozen,Balanced,0.01577,0.00000
v1_frozen,Balanced,0.01612,0.00000
v1_frozen,Balanced,0.01647,0.00000
v1_frozen,Balanced,0.01682,0.00000
v1_frozen,Balanced,0.01717,0.00000
v1_frozen,Balanced,0.01752,0.00000
v1_frozen,Balanced,0.01787,0.00000
v1_frozen,Balanced,0.01822,0.00000
v1_frozen,Balanced,0.01857,0.00000
v1_frozen,Balanced,0.01892,0.00000
v1_frozen,Balanced,0.01927,0.00000
v1_frozen,Balanced,0.01962,0.00000
v1_frozen,Balanced,0.01997,0.00000
v1_frozen,Balanced,0.02032,0.00000
v1_frozen,Balanced,0.02067,0.00000
v1_frozen,Balanced,0.02102,0.00000
v1_frozen,Balanced,0.02137,0.00000
v1_frozen,Balanced,0.02172,0.00000
v1_frozen,Balanced,0.02207,0.00000
v1_frozen,Balanced,0.02242,0.00000
v1_frozen,Balanced,0.02278,0.00000
v1_frozen,Balanced,0.02313,0.00000
v1_frozen,Balanced,0.02348,0.00000
v1_frozen,Balanced,0.02383,0.00000
v1_frozen,Balanced,0.02418,0.00000
v1_frozen,Balanced,0.02453,0.00000
v1_frozen,Balanced,0.02488,0.00000
v1_frozen,Balanced,0.02523,0.00000
v1_frozen,Balanced,0.02558,0.00000
v1_frozen,Balanced,0.02593,0.00000
v1_frozen,Balanced,0.02628,0.00000
v1_frozen,Balanced,0.02663,0.00000
v1_frozen,Balanced,0.02698,0.00000
v1_frozen,Balanced,0.02733,0.00000
v1_frozen,Balanced,0.02768,0.00000
v1_frozen,Balanced,0.02803,0.00000
v1_frozen,Balanced,0.02838,0.00000
v1_frozen,Balanced,0.02873,0.00000
v1_frozen,Balanced,0.02908,0.00000
v1_frozen,Balanced,0.02943,0.00000
v1_frozen,Balanced,0.02978,0.00000
v1_frozen,Balanced,0.03013,0.00000
v1_frozen,Balanced,0.03048,0.00000
v1_frozen,Balanced,0.03083,0.00000
v1_frozen,Balanced,0.03118,0.00000
v1_frozen,Balanced,0.03153,0.00000
v1_frozen,Balanced,0.03189,0.00000
v1_frozen,Balanced,0.03224,0.00000
v1_frozen,Balanced,0.03259,0.00000
v1_frozen,Balanced,0.03294,0.00000
v1_frozen,Balanced,0.03329,0.00000
v1_frozen,Balanced,0.03364,0.00000
v1_frozen,Balanced,0.03399,0.00000
v1_frozen,Balanced,0.03434,0.00000
v1_frozen,Balanced,0.03469,0.00000
v1_frozen,Balanced,0.03504,0.00000
v1_frozen,Balanced,0.03539,0.00000
v1_frozen,Balanced,0.03574,0.00000
v1_frozen,Balanced,0.03609,0.00000
v1_frozen,Balanced,0.03644,0.00000
v1_frozen,Balanced,0.03679,0.00000
v1_frozen,Balanced,0.03714,0.00000
v1_frozen,Balanced,0.03749,0.00000
v1_frozen,Balanced,0.03784,0.00000
v1_frozen,Balanced,0.03819,0.00000
v1_frozen,Balanced,0.03854,0.00000
v1_frozen,Balanced,0.03889,0.00000
v1_frozen,Balanced,0.03924,0.00000
v1_frozen,Balanced,0.03959,0.00000
v1_frozen,Balanced,0.03994,0.00000
v1_frozen,Balanced,0.04029,0.00000
v1_frozen,Balanced,0.04064,0.00000
v1_frozen,Balanced,0.04100,0.00000
v1_frozen,Balanced,0.04135,0.00000
v1_frozen,Balanced,0.04170,0.00000
v1_frozen,Balanced,0.04205,0.00000
v1_frozen,Balanced,0.04240,0.00000
v1_frozen,Balanced,0.04275,0.00000
v1_frozen,Balanced,0.04310,0.00000
v1_frozen,Balanced,0.04345,0.00000
v1_frozen,Balanced,0.04380,0.00000
v1_frozen,Balanced,0.04415,0.00000
v1_frozen,Balanced,0.04450,0.00000
v1_frozen,Balanced,0.04485,0.00000
v1_frozen,Balanced,0.04520,0.00000
v1_frozen,Balanced,0.04555,0.00000
v1_frozen,Balanced,0.04590,0.00000
v1_frozen,Balanced,0.04625,0.00000
v1_frozen,Balanced,0.04660,0.00000
v1_frozen,Balanced,0.04695,0.00000
v1_frozen,Balanced,0.04730,0.00000
v1_frozen,Balanced,0.04765,0.00000
v1_frozen,Balanced,0.04800,0.00000
v1_frozen,Balanced,0.04835,0.00000
v1_frozen,Balanced,0.04870,0.00000
v1_frozen,Balanced,0.04905,0.00000
v1_frozen,Balanced,0.04940,0.00000
v1_frozen,Balanced,0.04975,0.00000
v1_frozen,Balanced,0.05011,0.00000
v1_frozen,Balanced,0.05046,0.00000
v1_frozen,Balanced,0.05081,0.00000
v1_frozen,Balanced,0.05116,0.00000
v1_frozen,Balanced,0.05151,0.00000
v1_frozen,Balanced,0.05186,0.00000
v1_frozen,Balanced,0.05221,0.00000
v1_frozen,Balanced,0.05256,0.00000
v1_frozen,Balanced,0.05291,0.00000
v1_frozen,Balanced,0.05326,0.00000
v1_frozen,Balanced,0.05361,0.00000
v1_frozen,Balanced,0.05396,0.00000
v1_frozen,Balanced,0.05431,0.00000
v1_frozen,Balanced,0.05466,0.00000
v1_frozen,Balanced,0.05501,0.00000
v1_frozen,Balanced,0.05536,0.00000
v1_frozen,Balanced,0.05571,0.00000
v1_frozen,Balanced,0.05606,0.00000
v1_frozen,Balanced,0.05641,0.00000
v1_frozen,Balanced,0.05676,0.00000
v1_frozen,Balanced,0.05711,0.00000
v1_frozen,Balanced,0.05746,0.00000
v1_frozen,Balanced,0.05781,0.00000
v1_frozen,Balanced,0.05816,0.00000
v1_frozen,Balanced,0.05851,0.00000
v1_frozen,Balanced,0.05886,0.00000
v1_frozen,Balanced,0.05922,0.00000
v1_frozen,Balanced,0.05957,0.00000
v1_frozen,Balanced,0.05992,0.00000
v1_frozen,Balanced,0.06027,0.00000
v1_frozen,Balanced,0.06062,0.00000
v1_frozen,Balanced,0.06097,0.00000
v1_frozen,Balanced,0.06132,0.00000
v1_frozen,Balanced,0.06167,0.00000
v1_frozen,Balanced,0.06202,0.00000
v1_frozen,Balanced,0.06237,0.00000
v1_frozen,Balanced,0.06272,0.00000
v1_frozen,Balanced,0.06307,0.00000
v1_frozen,Balanced,0.06342,0.00000
v1_frozen,Balanced,0.06377,0.00000
v1_frozen,Balanced,0.06412,0.00000
v1_frozen,Balanced,0.06447,0.00000
v1_frozen,Balanced,0.06482,0.00000
v1_frozen,Balanced,0.06517,0.00000
v1_frozen,Balanced,0.06552,0.00000
v1_frozen,Balanced,0.06587,0.00000
v1_frozen,Balanced,0.06622,0.00000
v1_frozen,Balanced,0.06657,0.00000
v1_frozen,Balanced,0.06692,0.00000
v1_frozen,Balanced,0.06727,0.00000
v1_frozen,Balanced,0.06762,0.00000
v1_frozen,Balanced,0.06797,0.00000
v1_frozen,Balanced,0.06833,0.00000
v1_frozen,Balanced,0.06868,0.00000
v1_frozen,Balanced,0.06903,0.00000
v1_frozen,Balanced,0.06938,0.00000
v1_frozen,Balanced,0.06973,0.00000
v1_frozen,Balanced,0.07008,0.00000
v1_frozen,Balanced,0.07043,0.00000
v1_frozen,Balanced,0.07078,0.00000
v1_frozen,Balanced,0.07113,0.00000
v1_frozen,Balanced,0.07148,0.00000
v1_frozen,Balanced,0.07183,0.00000
v1_frozen,Balanced,0.07218,0.00000
v1_frozen,Balanced,0.07253,0.00000
v1_frozen,Balanced,0.07288,0.00000
v1_frozen,Balanced,0.07323,0.00000
v1_frozen,Balanced,0.07358,0.00000
v1_frozen,Balanced,0.07393,0.00000
v1_frozen,Balanced,0.07428,0.00000
v1_frozen,Balanced,0.07463,0.00000
v1_frozen,Balanced,0.07498,0.00000
v1_frozen,Balanced,0.07533,0.00000
v1_frozen,Balanced,0.07568,0.00000
v1_frozen,Balanced,0.07603,0.00000
v1_frozen,Balanced,0.07638,0.00000
v1_frozen,Balanced,0.07673,0.00000
v1_frozen,Balanced,0.07708,0.00000
v1_frozen,Balanced,0.07744,0.00000
v1_frozen,Balanced,0.07779,0.00000
v1_frozen,Balanced,0.07814,0.00000
v1_frozen,Balanced,0.07849,0.00000
v1_frozen,Balanced,0.07884,0.00000
v1_frozen,Balanced,0.07919,0.00000
v1_frozen,Balanced,0.07954,0.00000
v1_frozen,Balanced,0.07989,0.00000
v1_frozen,Balanced,0.08024,0.00000
v1_frozen,Balanced,0.08059,0.00000
v1_frozen,Balanced,0.08094,0.00000
v1_frozen,Balanced,0.08129,0.00000
v1_frozen,Balanced,0.08164,0.00000
v1_frozen,Balanced,0.08199,0.00000
v1_frozen,Balanced,0.08234,0.00000
v1_frozen,Balanced,0.08269,0.00000
v1_frozen,Balanced,0.08304,0.00000
v1_frozen,Balanced,0.08339,0.00000
v1_frozen,Balanced,0.08374,0.00000
v1_frozen,Balanced,0.08409,0.00000
v1_frozen,Balanced,0.08444,0.00000
v1_frozen,Balanced,0.08479,0.00000
v1_frozen,Balanced,0.08514,0.00000
v1_frozen,Balanced,0.08549,0.00000
v1_frozen,Balanced,0.08584,0.00000
v1_frozen,Balanced,0.08619,0.00000
v1_frozen,Balanced,0.08655,0.00000
v1_frozen,Balanced,0.08690,0.00000
v1_frozen,Balanced,0.08725,0.00000
v1_frozen,Balanced,0.08760,0.00000
v1_frozen,Balanced,0.08795,0.00000
v1_frozen,Balanced,0.08830,0.00000
v1_frozen,Balanced,0.08865,0.00000
v1_frozen,Balanced,0.08900,0.00000
v1_frozen,Balanced,0.08935,0.00000
v1_frozen,Balanced,0.08970,0.00000
v1_frozen,Balanced,0.09005,0.00000
v1_frozen,Balanced,0.09040,0.00000
v1_frozen,Balanced,0.09075,0.00000
v1_frozen,Balanced,0.09110,0.00000
v1_frozen,Balanced,0.09145,0.00000
v1_frozen,Balanced,0.09180,0.00000
v1_frozen,Balanced,0.09215,0.00000
v1_frozen,Balanced,0.09250,0.00000
v1_frozen,Balanced,0.09285,0.00000
v1_frozen,Balanced,0.09320,0.00000
v1_frozen,Balanced,0.09355,0.00000
v1_frozen,Balanced,0.09390,0.00000
v1_frozen,Balanced,0.09425,0.00000
v1_frozen,Balanced,0.09460,0.00000
v1_frozen,Balanced,0.09495,0.00000
v1_frozen,Balanced,0.09530,0.00000
v1_frozen,Balanced,0.09566,0.00000
v1_frozen,Balanced,0.09601,0.00000
v1_frozen,Balanced,0.09636,0.00000
v1_frozen,Balanced,0.09671,0.00000
v1_frozen,Balanced,0.09706,0.00000
v1_frozen,Balanced,0.09741,0.00000
v1_frozen,Balanced,0.09776,0.00000
v1_frozen,Balanced,0.09811,0.00000
v1_frozen,Balanced,0.09846,0.00000
v1_frozen,Balanced,0.09881,0.00000
v1_frozen,Balanced,0.09916,0.00000
v1_frozen,Balanced,0.09951,0.00000
v1_frozen,Balanced,0.09986,0.00000
v1_frozen,Balanced,0.10021,0.00000
v1_frozen,Balanced,0.10056,0.00000
v1_frozen,Balanced,0.10091,0.00000
v1_frozen,Balanced,0.10126,0.00000
v1_frozen,Balanced,0.10161,0.00000
v1_frozen,Balanced,0.10196,0.00000
v1_frozen,Balanced,0.10231,0.00000
v1_frozen,Balanced,0.10266,0.00000
v1_frozen,Balanced,0.10301,0.00000
v1_frozen,Balanced,0.10336,0.00000
v1_frozen,Balanced,0.10371,0.00000
v1_frozen,Balanced,0.10406,0.00000
v1_frozen,Balanced,0.10441,0.00000
v1_frozen,Balanced,0.10477,0.00000
v1_frozen,Balanced,0.10512,0.00000
v1_frozen,Balanced,0.10547,0.00000
v1_frozen,Balanced,0.10582,0.00000
v1_frozen,Balanced,0.10617,0.00000
v1_frozen,Balanced,0.10652,0.00000
v1_frozen,Balanced,0.10687,0.00000
v1_frozen,Balanced,0.10722,0.00000
v1_frozen,Balanced,0.10757,0.00000
v1_frozen,Balanced,0.10792,0.00000
v1_frozen,Balanced,0.10827,0.00000
v1_frozen,Balanced,0.10862,0.00000
v1_frozen,Balanced,0.10897,0.00000
v1_frozen,Balanced,0.10932,0.00000
v1_frozen,Balanced,0.10967,0.00000
v1_frozen,Balanced,0.11002,0.00000
v1_frozen,Balanced,0.11037,0.00000
v1_frozen,Balanced,0.11072,0.00000
v1_frozen,Balanced,0.11107,0.00000
v1_frozen,Balanced,0.11142,0.00000
v1_frozen,Balanced,0.11177,0.00000
v1_frozen,Balanced,0.11212,0.00000
v1_frozen,Balanced,0.11247,0.00000
v1_frozen,Balanced,0.11282,0.00000
v1_frozen,Balanced,0.11317,0.00000
v1_frozen,Balanced,0.11352,0.00000
v1_frozen,Balanced,0.11388,0.00000
v1_frozen,Balanced,0.11423,0.00000
v1_frozen,Balanced,0.11458,0.00000
v1_frozen,Balanced,0.11493,0.00000
v1_frozen,Balanced,0.11528,0.00000
v1_frozen,Balanced,0.11563,0.00000
v1_frozen,Balanced,0.11598,0.00000
v1_frozen,Balanced,0.11633,0.00000
v1_frozen,Balanced,0.11668,0.00000
v1_frozen,Balanced,0.11703,0.00000
v1_frozen,Balanced,0.11738,0.00000
v1_frozen,Balanced,0.11773,0.00000
v1_frozen,Balanced,0.11808,0.00000
v1_frozen,Balanced,0.11843,0.00000
v1_frozen,Balanced,0.11878,0.00000
v1_frozen,Balanced,0.11913,0.00000
v1_frozen,Balanced,0.11948,0.00000
v1_frozen,Balanced,0.11983,0.00000
v1_frozen,Balanced,0.12018,0.00000
v1_frozen,Balanced,0.12053,0.00000
v1_frozen,Balanced,0.12088,0.00000
v1_frozen,Balanced,0.12123,0.00000
v1_frozen,Balanced,0.12158,0.00000
v1_frozen,Balanced,0.12193,0.00000
v1_frozen,Balanced,0.12228,0.00000
v1_frozen,Balanced,0.12263,0.00000
v1_frozen,Balanced,0.12299,0.00000
v1_frozen,Balanced,0.12334,0.00000
v1_frozen,Balanced,0.12369,0.00000
v1_frozen,Balanced,0.12404,0.00000
v1_frozen,Balanced,0.12439,0.00000
v1_frozen,Balanced,0.12474,0.00000
v1_frozen,Balanced,0.12509,0.00000
v1_frozen,Balanced,0.12544,0.00000
v1_frozen,Balanced,0.12579,0.00000
v1_frozen,Balanced,0.12614,0.00000
v1_frozen,Balanced,0.12649,0.00000
v1_frozen,Balanced,0.12684,0.00000
v1_frozen,Balanced,0.12719,0.00000
v1_frozen,Balanced,0.12754,0.00000
v1_frozen,Balanced,0.12789,0.00000
v1_frozen,Balanced,0.12824,0.00000
v1_frozen,Balanced,0.12859,0.00000
v1_frozen,Balanced,0.12894,0.00000
v1_frozen,Balanced,0.12929,0.00000
v1_frozen,Balanced,0.12964,0.00000
v1_frozen,Balanced,0.12999,0.00000
v1_frozen,Balanced,0.13034,0.00000
v1_frozen,Balanced,0.13069,0.00000
v1_frozen,Balanced,0.13104,0.00000
v1_frozen,Balanced,0.13139,0.00000
v1_frozen,Balanced,0.13174,0.00000
v1_frozen,Balanced,0.13210,0.00000
v1_frozen,Balanced,0.13245,0.00000
v1_frozen,Balanced,0.13280,0.00000
v1_frozen,Balanced,0.13315,0.00000
v1_frozen,Balanced,0.13350,0.00000
v1_frozen,Balanced,0.13385,0.00000
v1_frozen,Balanced,0.13420,0.00000
v1_frozen,Balanced,0.13455,0.00000
v1_frozen,Balanced,0.13490,0.00000
v1_frozen,Balanced,0.13525,0.00000
v1_frozen,Balanced,0.13560,0.00000
v1_frozen,Balanced,0.13595,0.00000
v1_frozen,Balanced,0.13630,0.00000
v1_frozen,Balanced,0.13665,0.00000
v1_frozen,Balanced,0.13700,0.00000
v1_frozen,Balanced,0.13735,0.00000
v1_frozen,Balanced,0.13770,0.00000
v1_frozen,Balanced,0.13805,0.00000
v1_frozen,Balanced,0.13840,0.00000
v1_frozen,Balanced,0.13875,0.00000
v1_frozen,Balanced,0.13910,0.00000
v1_frozen,Balanced,0.13945,0.00000
v1_frozen,Balanced,0.13980,0.00000
v1_frozen,Balanced,0.14015,0.00000
v1_frozen,Balanced,0.14050,0.00000
v1_frozen,Balanced,0.14085,0.00000
v1_frozen,Balanced,0.14121,0.00000
v1_frozen,Balanced,0.14156,0.00000
v1_frozen,Balanced,0.14191,0.00000
v1_frozen,Balanced,0.14226,0.00000
v1_frozen,Balanced,0.14261,0.00000
v1_frozen,Balanced,0.14296,0.00000
v1_frozen,Balanced,0.14331,0.00000
v1_frozen,Balanced,0.14366,0.00000
v1_frozen,Balanced,0.14401,0.00000
v1_frozen,Balanced,0.14436,0.00000
v1_frozen,Balanced,0.14471,0.00000
v1_frozen,Balanced,0.14506,0.00000
v1_frozen,Balanced,0.14541,0.00000
v1_frozen,Balanced,0.14576,0.00000
v1_frozen,Balanced,0.14611,0.00000
v1_frozen,Balanced,0.14646,0.00000
v1_frozen,Balanced,0.14681,0.00000
v1_frozen,Balanced,0.14716,0.00000
v1_frozen,Balanced,0.14751,0.00000
v1_frozen,Balanced,0.14786,0.00000
v1_frozen,Balanced,0.14821,0.00000
v1_frozen,Balanced,0.14856,0.00000
v1_frozen,Balanced,0.14891,0.00000
v1_frozen,Balanced,0.14926,0.00000
v1_frozen,Balanced,0.14961,0.00000
v1_frozen,Balanced,0.14996,0.00000
v1_frozen,Balanced,0.15032,0.00000
v1_frozen,Balanced,0.15067,0.00000
v1_frozen,Balanced,0.15102,0.00000
v1_frozen,Balanced,0.15137,0.00000
v1_frozen,Balanced,0.15172,0.00000
v1_frozen,Balanced,0.15207,0.00000
v1_frozen,Balanced,0.15242,0.00000
v1_frozen,Balanced,0.15277,0.00000
v1_frozen,Balanced,0.15312,0.00000
v1_frozen,Balanced,0.15347,0.00000
v1_frozen,Balanced,0.15382,0.00000
v1_frozen,Balanced,0.15417,0.00000
v1_frozen,Balanced,0.15452,0.00000
v1_frozen,Balanced,0.15487,0.00000
v1_frozen,Balanced,0.15522,0.00000
v1_frozen,Balanced,0.15557,0.00000
v1_frozen,Balanced,0.15592,0.00000
v1_frozen,Balanced,0.15627,0.00000
v1_frozen,Balanced,0.15662,0.00000
v1_frozen,Balanced,0.15697,0.00000
v1_frozen,Balanced,0.15732,0.00000
v1_frozen,Balanced,0.15767,0.00000
v1_frozen,Balanced,0.15802,0.00000
v1_frozen,Balanced,0.15837,0.00000
v1_frozen,Balanced,0.15872,0.00000
v1_frozen,Balanced,0.15907,0.00000
v1_frozen,Balanced,0.15943,0.00000
v1_frozen,Balanced,0.15978,0.00000
v1_frozen,Balanced,0.16013,0.00000
v1_frozen,Balanced,0.16048,0.00000
v1_frozen,Balanced,0.16083,0.00000
v1_frozen,Balanced,0.16118,0.00000
v1_frozen,Balanced,0.16153,0.00000
v1_frozen,Balanced,0.16188,0.00000
v1_frozen,Balanced,0.16223,0.00000
v1_frozen,Balanced,0.16258,0.00000
v1_frozen,Balanced,0.16293,0.00000
v1_frozen,Balanced,0.16328,0.00000
v1_frozen,Balanced,0.16363,0.00000
v1_frozen,Balanced,0.16398,0.00000
v1_frozen,Balanced,0.16433,0.00000
v1_frozen,Balanced,0.16468,0.00000
v1_frozen,Balanced,0.16503,0.00000
v1_frozen,Balanced,0.16538,0.00000
v1_frozen,Balanced,0.16573,0.00000
v1_frozen,Balanced,0.16608,0.00000
v1_frozen,Balanced,0.16643,0.00000
v1_frozen,Balanced,0.16678,0.00000
v1_frozen,Balanced,0.16713,0.00000
v1_frozen,Balanced,0.16748,0.00000
v1_frozen,Balanced,0.16783,0.00000
v1_frozen,Balanced,0.16819,0.00000
v1_frozen,Balanced,0.16854,0.00000
v1_frozen,Balanced,0.16889,0.00000
v1_frozen,Balanced,0.16924,0.00000
v1_frozen,Balanced,0.16959,0.00000
v1_frozen,Balanced,0.16994,0.00000
v1_frozen,Balanced,0.17029,0.00000
v1_frozen,Balanced,0.17064,0.00000
v1_frozen,Balanced,0.17099,0.00000
v1_frozen,Balanced,0.17134,0.00000
v1_frozen,Balanced,0.17169,0.00000
v1_frozen,Balanced,0.17204,0.00000
v1_frozen,Balanced,0.17239,0.00000
v1_frozen,Balanced,0.17274,0.00000
v1_frozen,Balanced,0.17309,0.00000
v1_frozen,Balanced,0.17344,0.00000
v1_frozen,Balanced,0.17379,0.00000
v1_frozen,Balanced,0.17414,0.00000
v1_frozen,Balanced,0.17449,0.00000
v1_frozen,Balanced,0.17484,0.00000
v1_frozen,Balanced,0.17519,0.00000
v1_frozen,Balanced,0.17554,0.00000
v1_frozen,Balanced,0.17589,0.00000
v1_frozen,Balanced,0.17624,0.00000
v1_frozen,Balanced,0.17659,0.00000
v1_frozen,Balanced,0.17694,0.00000
v1_frozen,Balanced,0.17730,0.00000
v1_frozen,Balanced,0.17765,0.00000
v1_frozen,Balanced,0.17800,0.00000
v1_frozen,Balanced,0.17835,0.00000
v1_frozen,Balanced,0.17870,0.00000
v1_frozen,Balanced,0.17905,0.00000
v1_frozen,Balanced,0.17940,0.00000
v1_frozen,Balanced,0.17975,0.00000
v1_frozen,Balanced,0.18010,0.00000
v1_frozen,Balanced,0.18045,0.00000
v1_frozen,Balanced,0.18080,0.00000
v1_frozen,Balanced,0.18115,0.00000
v1_frozen,Balanced,0.18150,0.00000
v1_frozen,Balanced,0.18185,0.00000
v1_frozen,Balanced,0.18220,0.00000
v1_frozen,Balanced,0.18255,0.00000
v1_frozen,Balanced,0.18290,0.00000
v1_frozen,Balanced,0.18325,0.00000
v1_frozen,Balanced,0.18360,0.00000
v1_frozen,Balanced,0.18395,0.00000
v1_frozen,Balanced,0.18430,0.00000
v1_frozen,Balanced,0.18465,0.00000
v1_frozen,Balanced,0.18500,0.00000
v1_frozen,Balanced,0.18535,0.00000
v1_frozen,Balanced,0.18570,0.00000
v1_frozen,Balanced,0.18605,0.00000
v1_frozen,Balanced,0.18641,0.00000
v1_frozen,Balanced,0.18676,0.00000
v1_frozen,Balanced,0.18711,0.00000
v1_frozen,Balanced,0.18746,0.00000
v1_frozen,Balanced,0.18781,0.00000
v1_frozen,Balanced,0.18816,0.00000
v1_frozen,Balanced,0.18851,0.00000
v1_frozen,Balanced,0.18886,0.00000
v1_frozen,Balanced,0.18921,0.00000
v1_frozen,Balanced,0.18956,0.00000
v1_frozen,Balanced,0.18991,0.00000
v1_frozen,Balanced,0.19026,0.00000
v1_frozen,Balanced,0.19061,0.00000
v1_frozen,Balanced,0.19096,0.00000
v1_frozen,Balanced,0.19131,0.00000
v1_frozen,Balanced,0.19166,0.00000
v1_frozen,Balanced,0.19201,0.00000
v1_frozen,Balanced,0.19236,0.00000
v1_frozen,Balanced,0.19271,0.00000
v1_frozen,Balanced,0.19306,0.00000
v1_frozen,Balanced,0.19341,0.00000
v1_frozen,Balanced,0.19376,0.00000
v1_frozen,Balanced,0.19411,0.00000
v1_frozen,Balanced,0.19446,0.00000
v1_frozen,Balanced,0.19481,0.00000
v1_frozen,Balanced,0.19516,0.00000
v1_frozen,Balanced,0.19552,0.00000
v1_frozen,Balanced,0.19587,0.00000
v1_frozen,Balanced,0.19622,0.00000
v1_frozen,Balanced,0.19657,0.00000
v1_frozen,Balanced,0.19692,0.00000
v1_frozen,Balanced,0.19727,0.00000
v1_frozen,Balanced,0.19762,0.00000
v1_frozen,Balanced,0.19797,0.00000
v1_frozen,Balanced,0.19832,0.00000
v1_frozen,Balanced,0.19867,0.00000
v1_frozen,Balanced,0.19902,0.00000
v1_frozen,Balanced,0.19937,0.00000
v1_frozen,Balanced,0.19972,0.00000
v1_frozen,Balanced,0.20007,0.00000
v1_frozen,Balanced,0.20042,0.00000
v1_frozen,Balanced,0.20077,0.00000
v1_frozen,Balanced,0.20112,0.00000
v1_frozen,Balanced,0.20147,0.00000
v1_frozen,Balanced,0.20182,0.00000
v1_frozen,Balanced,0.20217,0.00000
v1_frozen,Balanced,0.20252,0.00000
v1_frozen,Balanced,0.20287,0.00000
v1_frozen,Balanced,0.20322,0.00000
v1_frozen,Balanced,0.20357,0.00000
v1_frozen,Balanced,0.20392,0.00000
v1_frozen,Balanced,0.20427,0.00000
v1_frozen,Balanced,0.20463,0.00000
v1_frozen,Balanced,0.20498,0.00000
v1_frozen,Balanced,0.20533,0.00000
v1_frozen,Balanced,0.20568,0.00000
v1_frozen,Balanced,0.20603,0.00000
v1_frozen,Balanced,0.20638,0.00000
v1_frozen,Balanced,0.20673,0.00000
v1_frozen,Balanced,0.20708,0.00000
v1_frozen,Balanced,0.20743,0.00000
v1_frozen,Balanced,0.20778,0.00000
v1_frozen,Balanced,0.20813,0.00000
v1_frozen,Balanced,0.20848,0.00000
v1_frozen,Balanced,0.20883,0.00000
v1_frozen,Balanced,0.20918,0.00000
v1_frozen,Balanced,0.20953,0.00000
v1_frozen,Balanced,0.20988,0.00000
v1_frozen,Balanced,0.21023,0.00000
v1_frozen,Balanced,0.21058,0.00000
v1_frozen,Balanced,0.21093,0.00000
v1_frozen,Balanced,0.21128,0.00000
v1_frozen,Balanced,0.21163,0.00000
v1_frozen,Balanced,0.21198,0.00000
v1_frozen,Balanced,0.21233,0.00000
v1_frozen,Balanced,0.21268,0.00000
v1_frozen,Balanced,0.21303,0.00000
v1_frozen,Balanced,0.21338,0.00000
v1_frozen,Balanced,0.21374,0.00000
v1_frozen,Balanced,0.21409,0.00000
v1_frozen,Balanced,0.21444,0.00000
v1_frozen,Balanced,0.21479,0.00000
v1_frozen,Balanced,0.21514,0.00000
v1_frozen,Balanced,0.21549,0.00000
v1_frozen,Balanced,0.21584,0.00000
v1_frozen,Balanced,0.21619,0.00000
v1_frozen,Balanced,0.21654,0.00000
v1_frozen,Balanced,0.21689,0.00000
v1_frozen,Balanced,0.21724,0.00000
v1_frozen,Balanced,0.21759,0.00000
v1_frozen,Balanced,0.21794,0.00000
v1_frozen,Balanced,0.21829,0.00000
v1_frozen,Balanced,0.21864,0.00000
v1_frozen,Balanced,0.21899,0.00000
v1_frozen,Balanced,0.21934,0.00000
v1_frozen,Balanced,0.21969,0.00000
v1_frozen,Balanced,0.22004,0.00000
v1_frozen,Balanced,0.22039,0.00000
v1_frozen,Balanced,0.22074,0.00000
v1_frozen,Balanced,0.22109,0.00000
v1_frozen,Balanced,0.22144,0.00000
v1_frozen,Balanced,0.22179,0.00000
v1_frozen,Balanced,0.22214,0.00000
v1_frozen,Balanced,0.22249,0.00000
v1_frozen,Balanced,0.22285,0.00000
v1_frozen,Balanced,0.22320,0.00000
v1_frozen,Balanced,0.22355,0.00000
v1_frozen,Balanced,0.22390,0.00000
v1_frozen,Balanced,0.22425,0.00000
v1_frozen,Balanced,0.22460,0.00000
v1_frozen,Balanced,0.22495,0.00000
v1_frozen,Balanced,0.22530,0.00000
v1_frozen,Balanced,0.22565,0.00000
v1_frozen,Balanced,0.22600,0.00000
v1_frozen,Balanced,0.22635,0.00000
v1_frozen,Balanced,0.22670,0.00000
v1_frozen,Balanced,0.22705,0.00000
v1_frozen,Balanced,0.22740,0.00000
v1_frozen,Balanced,0.22775,0.00000
v1_frozen,Balanced,0.22810,0.00000
v1_frozen,Balanced,0.22845,0.00000
v1_frozen,Balanced,0.22880,0.00000
v1_frozen,Balanced,0.22915,0.00000
v1_frozen,Balanced,0.22950,0.00000
v1_frozen,Balanced,0.22985,0.00000
v1_frozen,Balanced,0.23020,0.00000
v1_frozen,Balanced,0.23055,0.00000
v1_frozen,Balanced,0.23090,0.00000
v1_frozen,Balanced,0.23125,0.00000
v1_frozen,Balanced,0.23160,0.00000
v1_frozen,Balanced,0.23196,0.00000
v1_frozen,Balanced,0.23231,0.00000
v1_frozen,Balanced,0.23266,0.00000
v1_frozen,Balanced,0.23301,0.00000
v1_frozen,Balanced,0.23336,0.00000
v1_frozen,Balanced,0.23371,0.00000
v1_frozen,Balanced,0.23406,0.00000
v1_frozen,Balanced,0.23441,0.00000
v1_frozen,Balanced,0.23476,0.00000
v1_frozen,Balanced,0.23511,0.00000
v1_frozen,Balanced,0.23546,0.00000
v1_frozen,Balanced,0.23581,0.00000
v1_frozen,Balanced,0.23616,0.00000
v1_frozen,Balanced,0.23651,0.00000
v1_frozen,Balanced,0.23686,0.00000
v1_frozen,Balanced,0.23721,0.00000
v1_frozen,Balanced,0.23756,0.00000
v1_frozen,Balanced,0.23791,0.00000
v1_frozen,Balanced,0.23826,0.00000
v1_frozen,Balanced,0.23861,0.00000
v1_frozen,Balanced,0.23896,0.00000
v1_frozen,Balanced,0.23931,0.00000
v1_frozen,Balanced,0.23966,0.00000
v1_frozen,Balanced,0.24001,0.00000
v1_frozen,Balanced,0.24036,0.00000
v1_frozen,Balanced,0.24071,0.00000
v1_frozen,Balanced,0.24107,0.00000
v1_frozen,Balanced,0.24142,0.00000
v1_frozen,Balanced,0.24177,0.00000
v1_frozen,Balanced,0.24212,0.00000
v1_frozen,Balanced,0.24247,0.00000
v1_frozen,Balanced,0.24282,0.00000
v1_frozen,Balanced,0.24317,0.00000
v1_frozen,Balanced,0.24352,0.00000
v1_frozen,Balanced,0.24387,0.00000
v1_frozen,Balanced,0.24422,0.00000
v1_frozen,Balanced,0.24457,0.00000
v1_frozen,Balanced,0.24492,0.00000
v1_frozen,Balanced,0.24527,0.00000
v1_frozen,Balanced,0.24562,0.00000
v1_frozen,Balanced,0.24597,0.00000
v1_frozen,Balanced,0.24632,0.00000
v1_frozen,Balanced,0.24667,0.00000
v1_frozen,Balanced,0.24702,0.00000
v1_frozen,Balanced,0.24737,0.00000
v1_frozen,Balanced,0.24772,0.00000
v1_frozen,Balanced,0.24807,0.00000
v1_frozen,Balanced,0.24842,0.00000
v1_frozen,Balanced,0.24877,0.00000
v1_frozen,Balanced,0.24912,0.00000
v1_frozen,Balanced,0.24947,0.00000
v1_frozen,Balanced,0.24982,0.00000
v1_frozen,Balanced,0.25018,0.00000
v1_frozen,Balanced,0.25053,0.00000
v1_frozen,Balanced,0.25088,0.00000
v1_frozen,Balanced,0.25123,0.00000
v1_frozen,Balanced,0.25158,0.00000
v1_frozen,Balanced,0.25193,0.00000
v1_frozen,Balanced,0.25228,0.00000
v1_frozen,Balanced,0.25263,0.00000
v1_frozen,Balanced,0.25298,0.00000
v1_frozen,Balanced,0.25333,0.00000
v1_frozen,Balanced,0.25368,0.00000
v1_frozen,Balanced,0.25403,0.00000
v1_frozen,Balanced,0.25438,0.00000
v1_frozen,Balanced,0.25473,0.00000
v1_frozen,Balanced,0.25508,0.00000
v1_frozen,Balanced,0.25543,0.00000
v1_frozen,Balanced,0.25578,0.00000
v1_frozen,Balanced,0.25613,0.00000
v1_frozen,Balanced,0.25648,0.00000
v1_frozen,Balanced,0.25683,0.00000
v1_frozen,Balanced,0.25718,0.00000
v1_frozen,Balanced,0.25753,0.00000
v1_frozen,Balanced,0.25788,0.00000
v1_frozen,Balanced,0.25823,0.00000
v1_frozen,Balanced,0.25858,0.00000
v1_frozen,Balanced,0.25893,0.00000
v1_frozen,Balanced,0.25929,0.00000
v1_frozen,Balanced,0.25964,0.00000
v1_frozen,Balanced,0.25999,0.00000
v1_frozen,Balanced,0.26034,0.00000
v1_frozen,Balanced,0.26069,0.00000
v1_frozen,Balanced,0.26104,0.00000
v1_frozen,Balanced,0.26139,0.00000
v1_frozen,Balanced,0.26174,0.00000
v1_frozen,Balanced,0.26209,0.00000
v1_frozen,Balanced,0.26244,0.00000
v1_frozen,Balanced,0.26279,0.00000
v1_frozen,Balanced,0.26314,0.00000
v1_frozen,Balanced,0.26349,0.00000
v1_frozen,Balanced,0.26384,0.00000
v1_frozen,Balanced,0.26419,0.00000
v1_frozen,Balanced,0.26454,0.00000
v1_frozen,Balanced,0.26489,0.00000
v1_frozen,Balanced,0.26524,0.00000
v1_frozen,Balanced,0.26559,0.00000
v1_frozen,Balanced,0.26594,0.00000
v1_frozen,Balanced,0.26629,0.00000
v1_frozen,Balanced,0.26664,0.00000
v1_frozen,Balanced,0.26699,0.00000
v1_frozen,Balanced,0.26734,0.00000
v1_frozen,Balanced,0.26769,0.00000
v1_frozen,Balanced,0.26804,0.00000
v1_frozen,Balanced,0.26840,0.00000
v1_frozen,Balanced,0.26875,0.00000
v1_frozen,Balanced,0.26910,0.00000
v1_frozen,Balanced,0.26945,0.00000
v1_frozen,Balanced,0.26980,0.00000
v1_frozen,Balanced,0.27015,0.00000
v1_frozen,Balanced,0.27050,0.00000
v1_frozen,Balanced,0.27085,0.00000
v1_frozen,Balanced,0.27120,0.00000
v1_frozen,Balanced,0.27155,0.00000
v1_frozen,Balanced,0.27190,0.00000
v1_frozen,Balanced,0.27225,0.00000
v1_frozen,Balanced,0.27260,0.00000
v1_frozen,Balanced,0.27295,0.00000
v1_frozen,Balanced,0.27330,0.00000
v1_frozen,Balanced,0.27365,0.00000
v1_frozen,Balanced,0.27400,0.00000
v1_frozen,Balanced,0.27435,0.00000
v1_frozen,Balanced,0.27470,0.00000
v1_frozen,Balanced,0.27505,0.00000
v1_frozen,Balanced,0.27540,0.00000
v1_frozen,Balanced,0.27575,0.00000
v1_frozen,Balanced,0.27610,0.00000
v1_frozen,Balanced,0.27645,0.00000
v1_frozen,Balanced,0.27680,0.00000
v1_frozen,Balanced,0.27715,0.00000
v1_frozen,Balanced,0.27751,0.00000
v1_frozen,Balanced,0.27786,0.00000
v1_frozen,Balanced,0.27821,0.00000
v1_frozen,Balanced,0.27856,0.00000
v1_frozen,Balanced,0.27891,0.00000
v1_frozen,Balanced,0.27926,0.00000
v1_frozen,Balanced,0.27961,0.00000
v1_frozen,Balanced,0.27996,0.00000
v1_frozen,Balanced,0.28031,0.00000
v1_frozen,Balanced,0.28066,0.00000
v1_frozen,Balanced,0.28101,0.00000
v1_frozen,Balanced,0.28136,0.00000
v1_frozen,Balanced,0.28171,0.00000
v1_frozen,Balanced,0.28206,0.00000
v1_frozen,Balanced,0.28241,0.00000
v1_frozen,Balanced,0.28276,0.00000
v1_frozen,Balanced,0.28311,0.00000
v1_frozen,Balanced,0.28346,0.00000
v1_frozen,Balanced,0.28381,0.00000
v1_frozen,Balanced,0.28416,0.00000
v1_frozen,Balanced,0.28451,0.00000
v1_frozen,Balanced,0.28486,0.00000
v1_frozen,Balanced,0.28521,0.00000
v1_frozen,Balanced,0.28556,0.00000
v1_frozen,Balanced,0.28591,0.00000
v1_frozen,Balanced,0.28626,0.00000
v1_frozen,Balanced,0.28662,0.00000
v1_frozen,Balanced,0.28697,0.00000
v1_frozen,Balanced,0.28732,0.00000
v1_frozen,Balanced,0.28767,0.00000
v1_frozen,Balanced,0.28802,0.00000
v1_frozen,Balanced,0.28837,0.00000
v1_frozen,Balanced,0.28872,0.00000
v1_frozen,Balanced,0.28907,0.00000
v1_frozen,Balanced,0.28942,0.00000
v1_frozen,Balanced,0.28977,0.00000
v1_frozen,Balanced,0.29012,0.00000
v1_frozen,Balanced,0.29047,0.00000
v1_frozen,Balanced,0.29082,0.00000
v1_frozen,Balanced,0.29117,0.00000
v1_frozen,Balanced,0.29152,0.00000
v1_frozen,Balanced,0.29187,0.00000
v1_frozen,Balanced,0.29222,0.00000
v1_frozen,Balanced,0.29257,0.00000
v1_frozen,Balanced,0.29292,0.00000
v1_frozen,Balanced,0.29327,0.00000
v1_frozen,Balanced,0.29362,0.00000
v1_frozen,Balanced,0.29397,0.00000
v1_frozen,Balanced,0.29432,0.00000
v1_frozen,Balanced,0.29467,0.00000
v1_frozen,Balanced,0.29502,0.00000
v1_frozen,Balanced,0.29537,0.00000
v1_frozen,Balanced,0.29573,0.00000
v1_frozen,Balanced,0.29608,0.00000
v1_frozen,Balanced,0.29643,0.00000
v1_frozen,Balanced,0.29678,0.00000
v1_frozen,Balanced,0.29713,0.00000
v1_frozen,Balanced,0.29748,0.00000
v1_frozen,Balanced,0.29783,0.00000
v1_frozen,Balanced,0.29818,0.00000
v1_frozen,Balanced,0.29853,0.00000
v1_frozen,Balanced,0.29888,0.00000
v1_frozen,Balanced,0.29923,0.00000
v1_frozen,Balanced,0.29958,0.00000
v1_frozen,Balanced,0.29993,0.00000
v1_frozen,Balanced,0.30028,0.00000
v1_frozen,Balanced,0.30063,0.00000
v1_frozen,Balanced,0.30098,0.00000
v1_frozen,Balanced,0.30133,0.00000
v1_frozen,Balanced,0.30168,0.00000
v1_frozen,Balanced,0.30203,0.00000
v1_frozen,Balanced,0.30238,0.00000
v1_frozen,Balanced,0.30273,0.00000
v1_frozen,Balanced,0.30308,0.00000
v1_frozen,Balanced,0.30343,0.00000
v1_frozen,Balanced,0.30378,0.00000
v1_frozen,Balanced,0.30413,0.00000
v1_frozen,Balanced,0.30448,0.00000
v1_frozen,Balanced,0.30484,0.00000
v1_frozen,Balanced,0.30519,0.00000
v1_frozen,Balanced,0.30554,0.00000
v1_frozen,Balanced,0.30589,0.00000
v1_frozen,Balanced,0.30624,0.00000
v1_frozen,Balanced,0.30659,0.00000
v1_frozen,Balanced,0.30694,0.00000
v1_frozen,Balanced,0.30729,0.00000
v1_frozen,Balanced,0.30764,0.00000
v1_frozen,Balanced,0.30799,0.00000
v1_frozen,Balanced,0.30834,0.00000
v1_frozen,Balanced,0.30869,0.00000
v1_frozen,Balanced,0.30904,0.00000
v1_frozen,Balanced,0.30939,0.00000
v1_frozen,Balanced,0.30974,0.00000
v1_frozen,Balanced,0.31009,0.00000
v1_frozen,Balanced,0.31044,0.00000
v1_frozen,Balanced,0.31079,0.00000
v1_frozen,Balanced,0.31114,0.00000
v1_frozen,Balanced,0.31149,0.00000
v1_frozen,Balanced,0.31184,0.00000
v1_frozen,Balanced,0.31219,0.00000
v1_frozen,Balanced,0.31254,0.00000
v1_frozen,Balanced,0.31289,0.00000
v1_frozen,Balanced,0.31324,0.00000
v1_frozen,Balanced,0.31359,0.00000
v1_frozen,Balanced,0.31395,0.00000
v1_frozen,Balanced,0.31430,0.00000
v1_frozen,Balanced,0.31465,0.00000
v1_frozen,Balanced,0.31500,0.00000
v1_frozen,Balanced,0.31535,0.00000
v1_frozen,Balanced,0.31570,0.00000
v1_frozen,Balanced,0.31605,0.00000
v1_frozen,Balanced,0.31640,0.00000
v1_frozen,Balanced,0.31675,0.00000
v1_frozen,Balanced,0.31710,0.00000
v1_frozen,Balanced,0.31745,0.00000
v1_frozen,Balanced,0.31780,0.00000
v1_frozen,Balanced,0.31815,0.00000
v1_frozen,Balanced,0.31850,0.00000
v1_frozen,Balanced,0.31885,0.00000
v1_frozen,Balanced,0.31920,0.00000
v1_frozen,Balanced,0.31955,0.00000
v1_frozen,Balanced,0.31990,0.00000
v1_frozen,Balanced,0.32025,0.00000
v1_frozen,Balanced,0.32060,0.00000
v1_frozen,Balanced,0.32095,0.00000
v1_frozen,Balanced,0.32130,0.00000
v1_frozen,Balanced,0.32165,0.00000
v1_frozen,Balanced,0.32200,0.00000
v1_frozen,Balanced,0.32235,0.00000
v1_frozen,Balanced,0.32270,0.00000
v1_frozen,Balanced,0.32306,0.00000
v1_frozen,Balanced,0.32341,0.00000
v1_frozen,Balanced,0.32376,0.00000
v1_frozen,Balanced,0.32411,0.00000
v1_frozen,Balanced,0.32446,0.00000
v1_frozen,Balanced,0.32481,0.00000
v1_frozen,Balanced,0.32516,0.00000
v1_frozen,Balanced,0.32551,0.00000
v1_frozen,Balanced,0.32586,0.00000
v1_frozen,Balanced,0.32621,0.00000
v1_frozen,Balanced,0.32656,0.00000
v1_frozen,Balanced,0.32691,0.00000
v1_frozen,Balanced,0.32726,0.00000
v1_frozen,Balanced,0.32761,0.00000
v1_frozen,Balanced,0.32796,0.00000
v1_frozen,Balanced,0.32831,0.00000
v1_frozen,Balanced,0.32866,0.00000
v1_frozen,Balanced,0.32901,0.00000
v1_frozen,Balanced,0.32936,0.00000
v1_frozen,Balanced,0.32971,0.00000
v1_frozen,Balanced,0.33006,0.00000
v1_frozen,Balanced,0.33041,0.00000
v1_frozen,Balanced,0.33076,0.00000
v1_frozen,Balanced,0.33111,0.00000
v1_frozen,Balanced,0.33146,0.00000
v1_frozen,Balanced,0.33181,0.00000
v1_frozen,Balanced,0.33217,0.00000
v1_frozen,Balanced,0.33252,0.00000
v1_frozen,Balanced,0.33287,0.00000
v1_frozen,Balanced,0.33322,0.00000
v1_frozen,Balanced,0.33357,0.00000
v1_frozen,Balanced,0.33392,0.00000
v1_frozen,Balanced,0.33427,0.00000
v1_frozen,Balanced,0.33462,0.00000
v1_frozen,Balanced,0.33497,0.00000
v1_frozen,Balanced,0.33532,0.00000
v1_frozen,Balanced,0.33567,0.00000
v1_frozen,Balanced,0.33602,0.00000
v1_frozen,Balanced,0.33637,0.00000
v1_frozen,Balanced,0.33672,0.00000
v1_frozen,Balanced,0.33707,0.00000
v1_frozen,Balanced,0.33742,0.00000
v1_frozen,Balanced,0.33777,0.00000
v1_frozen,Balanced,0.33812,0.00000
v1_frozen,Balanced,0.33847,0.00000
v1_frozen,Balanced,0.33882,0.00000
v1_frozen,Balanced,0.33917,0.00000
v1_frozen,Balanced,0.33952,0.00000
v1_frozen,Balanced,0.33987,0.00000
v1_frozen,Balanced,0.34022,0.00000
v1_frozen,Balanced,0.34057,0.00000
v1_frozen,Balanced,0.34093,0.00000
v1_frozen,Balanced,0.34128,0.00000
v1_frozen,Balanced,0.34163,0.00000
v1_frozen,Balanced,0.34198,0.00000
v1_frozen,Balanced,0.34233,0.00000
v1_frozen,Balanced,0.34268,0.00000
v1_frozen,Balanced,0.34303,0.00000
v1_frozen,Balanced,0.34338,0.00000
v1_frozen,Balanced,0.34373,0.00000
v1_frozen,Balanced,0.34408,0.00000
v1_frozen,Balanced,0.34443,0.00000
v1_frozen,Balanced,0.34478,0.00000
v1_frozen,Balanced,0.34513,0.00000
v1_frozen,Balanced,0.34548,0.00000
v1_frozen,Balanced,0.34583,0.00000
v1_frozen,Balanced,0.34618,0.00000
v1_frozen,Balanced,0.34653,0.00000
v1_frozen,Balanced,0.34688,0.00000
v1_frozen,Balanced,0.34723,0.00000
v1_frozen,Balanced,0.34758,0.00000
v1_frozen,Balanced,0.34793,0.00000
v1_frozen,Balanced,0.34828,0.00000
v1_frozen,Balanced,0.34863,0.00000
v1_frozen,Balanced,0.34898,0.00000
v1_frozen,Balanced,0.34933,0.00000
v1_frozen,Balanced,0.34968,0.00000
v1_frozen,Balanced,0.35004,0.00000
v1_frozen,Balanced,0.35039,0.00000
v1_frozen,Balanced,0.35074,0.00000
v1_frozen,Balanced,0.35109,0.00000
v1_frozen,Balanced,0.35144,0.00000
v1_frozen,Balanced,0.35179,0.00000
v1_frozen,Balanced,0.35214,0.00000
v1_frozen,Balanced,0.35249,0.00000
v1_frozen,Balanced,0.35284,0.00000
v1_frozen,Balanced,0.35319,0.00000
v1_frozen,Balanced,0.35354,0.00000
v1_frozen,Balanced,0.35389,0.00000
v1_frozen,Balanced,0.35424,0.00000
v1_frozen,Balanced,0.35459,0.00000
v1_frozen,Balanced,0.35494,0.00000
v1_frozen,Balanced,0.35529,0.00000
v1_frozen,Balanced,0.35564,0.00000
v1_frozen,Balanced,0.35599,0.00000
v1_frozen,Balanced,0.35634,0.00000
v1_frozen,Balanced,0.35669,0.00000
v1_frozen,Balanced,0.35704,0.00000
v1_frozen,Balanced,0.35739,0.00000
v1_frozen,Balanced,0.35774,0.00000
v1_frozen,Balanced,0.35809,0.00000
v1_frozen,Balanced,0.35844,0.00000
v1_frozen,Balanced,0.35879,0.00000
v1_frozen,Balanced,0.35915,0.00000
v1_frozen,Balanced,0.35950,0.00000
v1_frozen,Balanced,0.35985,0.00000
v1_frozen,Balanced,0.36020,0.00000
v1_frozen,Balanced,0.36055,0.00000
v1_frozen,Balanced,0.36090,0.00000
v1_frozen,Balanced,0.36125,0.00000
v1_frozen,Balanced,0.36160,0.00000
v1_frozen,Balanced,0.36195,0.00000
v1_frozen,Balanced,0.36230,0.00000
v1_frozen,Balanced,0.36265,0.00000
v1_frozen,Balanced,0.36300,0.00000
v1_frozen,Balanced,0.36335,0.00000
v1_frozen,Balanced,0.36370,0.00000
v1_frozen,Balanced,0.36405,0.00000
v1_frozen,Balanced,0.36440,0.00000
v1_frozen,Balanced,0.36475,0.00000
v1_frozen,Balanced,0.36510,0.00000
v1_frozen,Balanced,0.36545,0.00000
v1_frozen,Balanced,0.36580,0.00000
v1_frozen,Balanced,0.36615,0.00000
v1_frozen,Balanced,0.36650,0.00000
v1_frozen,Balanced,0.36685,0.00000
v1_frozen,Balanced,0.36720,0.00000
v1_frozen,Balanced,0.36755,0.00000
v1_frozen,Balanced,0.36790,0.00000
v1_frozen,Balanced,0.36826,0.00000
v1_frozen,Balanced,0.36861,0.00000
v1_frozen,Balanced,0.36896,0.00000
v1_frozen,Balanced,0.36931,0.00000
v1_frozen,Balanced,0.36966,0.00000
v1_frozen,Balanced,0.37001,0.00000
v1_frozen,Balanced,0.37036,0.00000
v1_frozen,Balanced,0.37071,0.00000
v1_frozen,Balanced,0.37106,0.00000
v1_frozen,Balanced,0.37141,0.00000
v1_frozen,Balanced,0.37176,0.00000
v1_frozen,Balanced,0.37211,0.00000
v1_frozen,Balanced,0.37246,0.00000
v1_frozen,Balanced,0.37281,0.00000
v1_frozen,Balanced,0.37316,0.00000
v1_frozen,Balanced,0.37351,0.00000
v1_frozen,Balanced,0.37386,0.00000
v1_frozen,Balanced,0.37421,0.00000
v1_frozen,Balanced,0.37456,0.00000
v1_frozen,Balanced,0.37491,0.00000
v1_frozen,Balanced,0.37526,0.00000
v1_frozen,Balanced,0.37561,0.00000
v1_frozen,Balanced,0.37596,0.00000
v1_frozen,Balanced,0.37631,0.00000
v1_frozen,Balanced,0.37666,0.00000
v1_frozen,Balanced,0.37701,0.00000
v1_frozen,Balanced,0.37737,0.00000
v1_frozen,Balanced,0.37772,0.00000
v1_frozen,Balanced,0.37807,0.00000
v1_frozen,Balanced,0.37842,0.00000
v1_frozen,Balanced,0.37877,0.00000
v1_frozen,Balanced,0.37912,0.00000
v1_frozen,Balanced,0.37947,0.00000
v1_frozen,Balanced,0.37982,0.00000
v1_frozen,Balanced,0.38017,0.00000
v1_frozen,Balanced,0.38052,0.00000
v1_frozen,Balanced,0.38087,0.00000
v1_frozen,Balanced,0.38122,0.00000
v1_frozen,Balanced,0.38157,0.00000
v1_frozen,Balanced,0.38192,0.00000
v1_frozen,Balanced,0.38227,0.00000
v1_frozen,Balanced,0.38262,0.00000
v1_frozen,Balanced,0.38297,0.00000
v1_frozen,Balanced,0.38332,0.00000
v1_frozen,Balanced,0.38367,0.00000
v1_frozen,Balanced,0.38402,0.00000
v1_frozen,Balanced,0.38437,0.00000
v1_frozen,Balanced,0.38472,0.00000
v1_frozen,Balanced,0.38507,0.00000
v1_frozen,Balanced,0.38542,0.00000
v1_frozen,Balanced,0.38577,0.00000
v1_frozen,Balanced,0.38612,0.00000
v1_frozen,Balanced,0.38648,0.00000
v1_frozen,Balanced,0.38683,0.00000
v1_frozen,Balanced,0.38718,0.00000
v1_frozen,Balanced,0.38753,0.00000
v1_frozen,Balanced,0.38788,0.00000
v1_frozen,Balanced,0.38823,0.00000
v1_frozen,Balanced,0.38858,0.00000
v1_frozen,Balanced,0.38893,0.00000
v1_frozen,Balanced,0.38928,0.00000
v1_frozen,Balanced,0.38963,0.00000
v1_frozen,Balanced,0.38998,0.00000
v1_frozen,Balanced,0.39033,0.00000
v1_frozen,Balanced,0.39068,0.00000
v1_frozen,Balanced,0.39103,0.00000
v1_frozen,Balanced,0.39138,0.00000
v1_frozen,Balanced,0.39173,0.00000
v1_frozen,Balanced,0.39208,0.00000
v1_frozen,Balanced,0.39243,0.00000
v1_frozen,Balanced,0.39278,0.00000
v1_frozen,Balanced,0.39313,0.00000
v1_frozen,Balanced,0.39348,0.00000
v1_frozen,Balanced,0.39383,0.00000
v1_frozen,Balanced,0.39418,0.00000
v1_frozen,Balanced,0.39453,0.00000
v1_frozen,Balanced,0.39488,0.00000
v1_frozen,Balanced,0.39523,0.00000
v1_frozen,Balanced,0.39559,0.00000
v1_frozen,Balanced,0.39594,0.00000
v1_frozen,Balanced,0.39629,0.00000
v1_frozen,Balanced,0.39664,0.00000
v1_frozen,Balanced,0.39699,0.00000
v1_frozen,Balanced,0.39734,0.00000
v1_frozen,Balanced,0.39769,0.00000
v1_frozen,Balanced,0.39804,0.00000
v1_frozen,Balanced,0.39839,0.00000
v1_frozen,Balanced,0.39874,0.00000
v1_frozen,Balanced,0.39909,0.00000
v1_frozen,Balanced,0.39944,0.00000
v1_frozen,Balanced,0.39979,0.00000
v1_frozen,Balanced,0.40014,0.00000
v1_frozen,Balanced,0.40049,0.00000
v1_frozen,Balanced,0.40084,0.00000
v1_frozen,Balanced,0.40119,0.00000
v1_frozen,Balanced,0.40154,0.00000
v1_frozen,Balanced,0.40189,0.00000
v1_frozen,Balanced,0.40224,0.00000
v1_frozen,Balanced,0.40259,0.00000
v1_frozen,Balanced,0.40294,0.00000
v1_frozen,Balanced,0.40329,0.00000
v1_frozen,Balanced,0.40364,0.00000
v1_frozen,Balanced,0.40399,0.00000
v1_frozen,Balanced,0.40434,0.00000
v1_frozen,Balanced,0.40470,0.00000
v1_frozen,Balanced,0.40505,0.00000
v1_frozen,Balanced,0.40540,0.00000
v1_frozen,Balanced,0.40575,0.00000
v1_frozen,Balanced,0.40610,0.00000
v1_frozen,Balanced,0.40645,0.00000
v1_frozen,Balanced,0.40680,0.00000
v1_frozen,Balanced,0.40715,0.00000
v1_frozen,Balanced,0.40750,0.00000
v1_frozen,Balanced,0.40785,0.00000
v1_frozen,Balanced,0.40820,0.00000
v1_frozen,Balanced,0.40855,0.00000
v1_frozen,Balanced,0.40890,0.00000
v1_frozen,Balanced,0.40925,0.00000
v1_frozen,Balanced,0.40960,0.00000
v1_frozen,Balanced,0.40995,0.00000
v1_frozen,Balanced,0.41030,0.00000
v1_frozen,Balanced,0.41065,0.00000
v1_frozen,Balanced,0.41100,0.00000
v1_frozen,Balanced,0.41135,0.00000
v1_frozen,Balanced,0.41170,0.00000
v1_frozen,Balanced,0.41205,0.00000
v1_frozen,Balanced,0.41240,0.00000
v1_frozen,Balanced,0.41275,0.00000
v1_frozen,Balanced,0.41310,0.00000
v1_frozen,Balanced,0.41345,0.00000
v1_frozen,Balanced,0.41381,0.00000
v1_frozen,Balanced,0.41416,0.00000
v1_frozen,Balanced,0.41451,0.00000
v1_frozen,Balanced,0.41486,0.00000
v1_frozen,Balanced,0.41521,0.00000
v1_frozen,Balanced,0.41556,0.00000
v1_frozen,Balanced,0.41591,0.00000
v1_frozen,Balanced,0.41626,0.00000
v1_frozen,Balanced,0.41661,0.00000
v1_frozen,Balanced,0.41696,0.00000
v1_frozen,Balanced,0.41731,0.00000
v1_frozen,Balanced,0.41766,0.00000
v1_frozen,Balanced,0.41801,0.00000
v1_frozen,Balanced,0.41836,0.00000
v1_frozen,Balanced,0.41871,0.00000
v1_frozen,Balanced,0.41906,0.00000
v1_frozen,Balanced,0.41941,0.00000
v1_frozen,Balanced,0.41976,0.00000
v1_frozen,Balanced,0.42011,0.00000
v1_frozen,Balanced,0.42046,0.00000
v1_frozen,Balanced,0.42081,0.00000
v1_frozen,Balanced,0.42116,0.00000
v1_frozen,Balanced,0.42151,0.00000
v1_frozen,Balanced,0.42186,0.00000
v1_frozen,Balanced,0.42221,0.00000
v1_frozen,Balanced,0.42256,0.00000
v1_frozen,Balanced,0.42292,0.00000
v1_frozen,Balanced,0.42327,0.00000
v1_frozen,Balanced,0.42362,0.00000
v1_frozen,Balanced,0.42397,0.00000
v1_frozen,Balanced,0.42432,0.00000
v1_frozen,Balanced,0.42467,0.00000
v1_frozen,Balanced,0.42502,0.00000
v1_frozen,Balanced,0.42537,0.00000
v1_frozen,Balanced,0.42572,0.00000
v1_frozen,Balanced,0.42607,0.00000
v1_frozen,Balanced,0.42642,0.00000
v1_frozen,Balanced,0.42677,0.00000
v1_frozen,Balanced,0.42712,0.00000
v1_frozen,Balanced,0.42747,0.00000
v1_frozen,Balanced,0.42782,0.00000
v1_frozen,Balanced,0.42817,0.00000
v1_frozen,Balanced,0.42852,0.00000
v1_frozen,Balanced,0.42887,0.00000
v1_frozen,Balanced,0.42922,0.00000
v1_frozen,Balanced,0.42957,0.00000
v1_frozen,Balanced,0.42992,0.00000
v1_frozen,Balanced,0.43027,0.00000
v1_frozen,Balanced,0.43062,0.00000
v1_frozen,Balanced,0.43097,0.00000
v1_frozen,Balanced,0.43132,0.00000
v1_frozen,Balanced,0.43167,0.00000
v1_frozen,Balanced,0.43203,0.00000
v1_frozen,Balanced,0.43238,0.00000
v1_frozen,Balanced,0.43273,0.00000
v1_frozen,Balanced,0.43308,0.00000
v1_frozen,Balanced,0.43343,0.00000
v1_frozen,Balanced,0.43378,0.00000
v1_frozen,Balanced,0.43413,0.00000
v1_frozen,Balanced,0.43448,0.00000
v1_frozen,Balanced,0.43483,0.00000
v1_frozen,Balanced,0.43518,0.00000
v1_frozen,Balanced,0.43553,0.00000
v1_frozen,Balanced,0.43588,0.00000
v1_frozen,Balanced,0.43623,0.00000
v1_frozen,Balanced,0.43658,0.00000
v1_frozen,Balanced,0.43693,0.00000
v1_frozen,Balanced,0.43728,0.00000
v1_frozen,Balanced,0.43763,0.00000
v1_frozen,Balanced,0.43798,0.00000
v1_frozen,Balanced,0.43833,0.00000
v1_frozen,Balanced,0.43868,0.00000
v1_frozen,Balanced,0.43903,0.00000
v1_frozen,Balanced,0.43938,0.00000
v1_frozen,Balanced,0.43973,0.00000
v1_frozen,Balanced,0.44008,0.00000
v1_frozen,Balanced,0.44043,0.00000
v1_frozen,Balanced,0.44078,0.00000
v1_frozen,Balanced,0.44114,0.00000
v1_frozen,Balanced,0.44149,0.00000
v1_frozen,Balanced,0.44184,0.00000
v1_frozen,Balanced,0.44219,0.00000
v1_frozen,Balanced,0.44254,0.00000
v1_frozen,Balanced,0.44289,0.00000
v1_frozen,Balanced,0.44324,0.00000
v1_frozen,Balanced,0.44359,0.00000
v1_frozen,Balanced,0.44394,0.00000
v1_frozen,Balanced,0.44429,0.00000
v1_frozen,Balanced,0.44464,0.00000
v1_frozen,Balanced,0.44499,0.00000
v1_frozen,Balanced,0.44534,0.00000
v1_frozen,Balanced,0.44569,0.00000
v1_frozen,Balanced,0.44604,0.00000
v1_frozen,Balanced,0.44639,0.00000
v1_frozen,Balanced,0.44674,0.00000
v1_frozen,Balanced,0.44709,0.00000
v1_frozen,Balanced,0.44744,0.00000
v1_frozen,Balanced,0.44779,0.00000
v1_frozen,Balanced,0.44814,0.00000
v1_frozen,Balanced,0.44849,0.00000
v1_frozen,Balanced,0.44884,0.00000
v1_frozen,Balanced,0.44919,0.00000
v1_frozen,Balanced,0.44954,0.00000
v1_frozen,Balanced,0.44989,0.00000
v1_frozen,Balanced,0.45025,0.00000
v1_frozen,Balanced,0.45060,0.00000
v1_frozen,Balanced,0.45095,0.00000
v1_frozen,Balanced,0.45130,0.00000
v1_frozen,Balanced,0.45165,0.00000
v1_frozen,Balanced,0.45200,0.00000
v1_frozen,Balanced,0.45235,0.00000
v1_frozen,Balanced,0.45270,0.00000
v1_frozen,Balanced,0.45305,0.00000
v1_frozen,Balanced,0.45340,0.00000
v1_frozen,Balanced,0.45375,0.00000
v1_frozen,Balanced,0.45410,0.00000
v1_frozen,Balanced,0.45445,0.00000
v1_frozen,Balanced,0.45480,0.00000
v1_frozen,Balanced,0.45515,0.00000
v1_frozen,Balanced,0.45550,0.00000
v1_frozen,Balanced,0.45585,0.00000
v1_frozen,Balanced,0.45620,0.00000
v1_frozen,Balanced,0.45655,0.00000
v1_frozen,Balanced,0.45690,0.00000
v1_frozen,Balanced,0.45725,0.00000
v1_frozen,Balanced,0.45760,0.00000
v1_frozen,Balanced,0.45795,0.00000
v1_frozen,Balanced,0.45830,0.00000
v1_frozen,Balanced,0.45865,0.00000
v1_frozen,Balanced,0.45900,0.00000
v1_frozen,Balanced,0.45936,0.00000
v1_frozen,Balanced,0.45971,0.00000
v1_frozen,Balanced,0.46006,0.00000
v1_frozen,Balanced,0.46041,0.00000
v1_frozen,Balanced,0.46076,0.00000
v1_frozen,Balanced,0.46111,0.00000
v1_frozen,Balanced,0.46146,0.00000
v1_frozen,Balanced,0.46181,0.00000
v1_frozen,Balanced,0.46216,0.00000
v1_frozen,Balanced,0.46251,0.00000
v1_frozen,Balanced,0.46286,0.00000
v1_frozen,Balanced,0.46321,0.00000
v1_frozen,Balanced,0.46356,0.00000
v1_frozen,Balanced,0.46391,0.00000
v1_frozen,Balanced,0.46426,0.00000
v1_frozen,Balanced,0.46461,0.00000
v1_frozen,Balanced,0.46496,0.00000
v1_frozen,Balanced,0.46531,0.00000
v1_frozen,Balanced,0.46566,0.00000
v1_frozen,Balanced,0.46601,0.00000
v1_frozen,Balanced,0.46636,0.00000
v1_frozen,Balanced,0.46671,0.00000
v1_frozen,Balanced,0.46706,0.00000
v1_frozen,Balanced,0.46741,0.00000
v1_frozen,Balanced,0.46776,0.00000
v1_frozen,Balanced,0.46811,0.00000
v1_frozen,Balanced,0.46847,0.00000
v1_frozen,Balanced,0.46882,0.00000
v1_frozen,Balanced,0.46917,0.00000
v1_frozen,Balanced,0.46952,0.00000
v1_frozen,Balanced,0.46987,0.00000
v1_frozen,Balanced,0.47022,0.00000
v1_frozen,Balanced,0.47057,0.00000
v1_frozen,Balanced,0.47092,0.00000
v1_frozen,Balanced,0.47127,0.00000
v1_frozen,Balanced,0.47162,0.00000
v1_frozen,Balanced,0.47197,0.00000
v1_frozen,Balanced,0.47232,0.00000
v1_frozen,Balanced,0.47267,0.00000
v1_frozen,Balanced,0.47302,0.00000
v1_frozen,Balanced,0.47337,0.00000
v1_frozen,Balanced,0.47372,0.00000
v1_frozen,Balanced,0.47407,0.00000
v1_frozen,Balanced,0.47442,0.00000
v1_frozen,Balanced,0.47477,0.00000
v1_frozen,Balanced,0.47512,0.00000
v1_frozen,Balanced,0.47547,0.00000
v1_frozen,Balanced,0.47582,0.00000
v1_frozen,Balanced,0.47617,0.00000
v1_frozen,Balanced,0.47652,0.00000
v1_frozen,Balanced,0.47687,0.00000
v1_frozen,Balanced,0.47722,0.00000
v1_frozen,Balanced,0.47758,0.00000
v1_frozen,Balanced,0.47793,0.00000
v1_frozen,Balanced,0.47828,0.00000
v1_frozen,Balanced,0.47863,0.00000
v1_frozen,Balanced,0.47898,0.00000
v1_frozen,Balanced,0.47933,0.00000
v1_frozen,Balanced,0.47968,0.00000
v1_frozen,Balanced,0.48003,0.00000
v1_frozen,Balanced,0.48038,0.00000
v1_frozen,Balanced,0.48073,0.00000
v1_frozen,Balanced,0.48108,0.00000
v1_frozen,Balanced,0.48143,0.00000
v1_frozen,Balanced,0.48178,0.00000
v1_frozen,Balanced,0.48213,0.00000
v1_frozen,Balanced,0.48248,0.00000
v1_frozen,Balanced,0.48283,0.00000
v1_frozen,Balanced,0.48318,0.00000
v1_frozen,Balanced,0.48353,0.00000
v1_frozen,Balanced,0.48388,0.00000
v1_frozen,Balanced,0.48423,0.00000
v1_frozen,Balanced,0.48458,0.00000
v1_frozen,Balanced,0.48493,0.00000
v1_frozen,Balanced,0.48528,0.00000
v1_frozen,Balanced,0.48563,0.00000
v1_frozen,Balanced,0.48598,0.00000
v1_frozen,Balanced,0.48633,0.00000
v1_frozen,Balanced,0.48669,0.00000
v1_frozen,Balanced,0.48704,0.00000
v1_frozen,Balanced,0.48739,0.00000
v1_frozen,Balanced,0.48774,0.00000
v1_frozen,Balanced,0.48809,0.00000
v1_frozen,Balanced,0.48844,0.00000
v1_frozen,Balanced,0.48879,0.00000
v1_frozen,Balanced,0.48914,0.00000
v1_frozen,Balanced,0.48949,0.00000
v1_frozen,Balanced,0.48984,0.00000
v1_frozen,Balanced,0.49019,0.00000
v1_frozen,Balanced,0.49054,0.00000
v1_frozen,Balanced,0.49089,0.00000
v1_frozen,Balanced,0.49124,0.00000
v1_frozen,Balanced,0.49159,0.00000
v1_frozen,Balanced,0.49194,0.00000
v1_frozen,Balanced,0.49229,0.00000
v1_frozen,Balanced,0.49264,0.00000
v1_frozen,Balanced,0.49299,0.00000
v1_frozen,Balanced,0.49334,0.00000
v1_frozen,Balanced,0.49369,0.00000
v1_frozen,Balanced,0.49404,0.00000
v1_frozen,Balanced,0.49439,0.00000
v1_frozen,Balanced,0.49474,0.00000
v1_frozen,Balanced,0.49509,0.00000
v1_frozen,Balanced,0.49544,0.00000
v1_frozen,Balanced,0.49580,0.00000
v1_frozen,Balanced,0.49615,0.00000
v1_frozen,Balanced,0.49650,0.00000
v1_frozen,Balanced,0.49685,0.00000
v1_frozen,Balanced,0.49720,0.00000
v1_frozen,Balanced,0.49755,0.00000
v1_frozen,Balanced,0.49790,0.00000
v1_frozen,Balanced,0.49825,0.00000
v1_frozen,Balanced,0.49860,0.00000
v1_frozen,Balanced,0.49895,0.00000
v1_frozen,Balanced,0.49930,0.00000
v1_frozen,Balanced,0.49965,0.00000
v1_frozen,Balanced,0.50000,0.00000
v1_frozen,Balanced,0.50035,0.00000
v1_frozen,Balanced,0.50070,0.00000
v1_frozen,Balanced,0.50105,0.00000
v1_frozen,Balanced,0.50140,0.00000
v1_frozen,Balanced,0.50175,0.00000
v1_frozen,Balanced,0.50210,0.00000
v1_frozen,Balanced,0.50245,0.00000
v1_frozen,Balanced,0.50280,0.00000
v1_frozen,Balanced,0.50315,0.00000
v1_frozen,Balanced,0.50350,0.00000
v1_frozen,Balanced,0.50385,0.00000
v1_frozen,Balanced,0.50420,0.00000
v1_frozen,Balanced,0.50456,0.00000
v1_frozen,Balanced,0.50491,0.00000
v1_frozen,Balanced,0.50526,0.00000
v1_frozen,Balanced,0.50561,0.00000
v1_frozen,Balanced,0.50596,0.00000
v1_frozen,Balanced,0.50631,0.00000
v1_frozen,Balanced,0.50666,0.00000
v1_frozen,Balanced,0.50701,0.00000
v1_frozen,Balanced,0.50736,0.00000
v1_frozen,Balanced,0.50771,0.00000
v1_frozen,Balanced,0.50806,0.00000
v1_frozen,Balanced,0.50841,0.00000
v1_frozen,Balanced,0.50876,0.00000
v1_frozen,Balanced,0.50911,0.00000
v1_frozen,Balanced,0.50946,0.00000
v1_frozen,Balanced,0.50981,0.00000
v1_frozen,Balanced,0.51016,0.00000
v1_frozen,Balanced,0.51051,0.00000
v1_frozen,Balanced,0.51086,0.00000
v1_frozen,Balanced,0.51121,0.00000
v1_frozen,Balanced,0.51156,0.00000
v1_frozen,Balanced,0.51191,0.00000
v1_frozen,Balanced,0.51226,0.00000
v1_frozen,Balanced,0.51261,0.00000
v1_frozen,Balanced,0.51296,0.00000
v1_frozen,Balanced,0.51331,0.00000
v1_frozen,Balanced,0.51367,0.00000
v1_frozen,Balanced,0.51402,0.00000
v1_frozen,Balanced,0.51437,0.00000
v1_frozen,Balanced,0.51472,0.00000
v1_frozen,Balanced,0.51507,0.00000
v1_frozen,Balanced,0.51542,0.00000
v1_frozen,Balanced,0.51577,0.00000
v1_frozen,Balanced,0.51612,0.00000
v1_frozen,Balanced,0.51647,0.00000
v1_frozen,Balanced,0.51682,0.00000
v1_frozen,Balanced,0.51717,0.00000
v1_frozen,Balanced,0.51752,0.00000
v1_frozen,Balanced,0.51787,0.00000
v1_frozen,Balanced,0.51822,0.00000
v1_frozen,Balanced,0.51857,0.00000
v1_frozen,Balanced,0.51892,0.00000
v1_frozen,Balanced,0.51927,0.00000
v1_frozen,Balanced,0.51962,0.00000
v1_frozen,Balanced,0.51997,0.00000
v1_frozen,Balanced,0.52032,0.00000
v1_frozen,Balanced,0.52067,0.00000
v1_frozen,Balanced,0.52102,0.00000
v1_frozen,Balanced,0.52137,0.00000
v1_frozen,Balanced,0.52172,0.00000
v1_frozen,Balanced,0.52207,0.00000
v1_frozen,Balanced,0.52242,0.00000
v1_frozen,Balanced,0.52278,0.00000
v1_frozen,Balanced,0.52313,0.00000
v1_frozen,Balanced,0.52348,0.00000
v1_frozen,Balanced,0.52383,0.00000
v1_frozen,Balanced,0.52418,0.00000
v1_frozen,Balanced,0.52453,0.00000
v1_frozen,Balanced,0.52488,0.00000
v1_frozen,Balanced,0.52523,0.00000
v1_frozen,Balanced,0.52558,0.00000
v1_frozen,Balanced,0.52593,0.00000
v1_frozen,Balanced,0.52628,0.00000
v1_frozen,Balanced,0.52663,0.00000
v1_frozen,Balanced,0.52698,0.00000
v1_frozen,Balanced,0.52733,0.00000
v1_frozen,Balanced,0.52768,0.00000
v1_frozen,Balanced,0.52803,0.00000
v1_frozen,Balanced,0.52838,0.00000
v1_frozen,Balanced,0.52873,0.00000
v1_frozen,Balanced,0.52908,0.00000
v1_frozen,Balanced,0.52943,0.00000
v1_frozen,Balanced,0.52978,0.00000
v1_frozen,Balanced,0.53013,0.00000
v1_frozen,Balanced,0.53048,0.00000
v1_frozen,Balanced,0.53083,0.00000
v1_frozen,Balanced,0.53118,0.00000
v1_frozen,Balanced,0.53153,0.00000
v1_frozen,Balanced,0.53189,0.00000
v1_frozen,Balanced,0.53224,0.00000
v1_frozen,Balanced,0.53259,0.00000
v1_frozen,Balanced,0.53294,0.00000
v1_frozen,Balanced,0.53329,0.00000
v1_frozen,Balanced,0.53364,0.00000
v1_frozen,Balanced,0.53399,0.00000
v1_frozen,Balanced,0.53434,0.00000
v1_frozen,Balanced,0.53469,0.00000
v1_frozen,Balanced,0.53504,0.00000
v1_frozen,Balanced,0.53539,0.00000
v1_frozen,Balanced,0.53574,0.00000
v1_frozen,Balanced,0.53609,0.00000
v1_frozen,Balanced,0.53644,0.00000
v1_frozen,Balanced,0.53679,0.00000
v1_frozen,Balanced,0.53714,0.00000
v1_frozen,Balanced,0.53749,0.00000
v1_frozen,Balanced,0.53784,0.00000
v1_frozen,Balanced,0.53819,0.00000
v1_frozen,Balanced,0.53854,0.00000
v1_frozen,Balanced,0.53889,0.00000
v1_frozen,Balanced,0.53924,0.00000
v1_frozen,Balanced,0.53959,0.00000
v1_frozen,Balanced,0.53994,0.00000
v1_frozen,Balanced,0.54029,0.00000
v1_frozen,Balanced,0.54064,0.00000
v1_frozen,Balanced,0.54100,0.00000
v1_frozen,Balanced,0.54135,0.00000
v1_frozen,Balanced,0.54170,0.00000
v1_frozen,Balanced,0.54205,0.00000
v1_frozen,Balanced,0.54240,0.00000
v1_frozen,Balanced,0.54275,0.00000
v1_frozen,Balanced,0.54310,0.00000
v1_frozen,Balanced,0.54345,0.00000
v1_frozen,Balanced,0.54380,0.00000
v1_frozen,Balanced,0.54415,0.00000
v1_frozen,Balanced,0.54450,0.00000
v1_frozen,Balanced,0.54485,0.00000
v1_frozen,Balanced,0.54520,0.00000
v1_frozen,Balanced,0.54555,0.00000
v1_frozen,Balanced,0.54590,0.00000
v1_frozen,Balanced,0.54625,0.00000
v1_frozen,Balanced,0.54660,0.00000
v1_frozen,Balanced,0.54695,0.00000
v1_frozen,Balanced,0.54730,0.00000
v1_frozen,Balanced,0.54765,0.00000
v1_frozen,Balanced,0.54800,0.00000
v1_frozen,Balanced,0.54835,0.00000
v1_frozen,Balanced,0.54870,0.00000
v1_frozen,Balanced,0.54905,0.00000
v1_frozen,Balanced,0.54940,0.00000
v1_frozen,Balanced,0.54975,0.00000
v1_frozen,Balanced,0.55011,0.00000
v1_frozen,Balanced,0.55046,0.00000
v1_frozen,Balanced,0.55081,0.00000
v1_frozen,Balanced,0.55116,0.00000
v1_frozen,Balanced,0.55151,0.00000
v1_frozen,Balanced,0.55186,0.00000
v1_frozen,Balanced,0.55221,0.00000
v1_frozen,Balanced,0.55256,0.00000
v1_frozen,Balanced,0.55291,0.00000
v1_frozen,Balanced,0.55326,0.00000
v1_frozen,Balanced,0.55361,0.00000
v1_frozen,Balanced,0.55396,0.00000
v1_frozen,Balanced,0.55431,0.00000
v1_frozen,Balanced,0.55466,0.00000
v1_frozen,Balanced,0.55501,0.00000
v1_frozen,Balanced,0.55536,0.00000
v1_frozen,Balanced,0.55571,0.00000
v1_frozen,Balanced,0.55606,0.00000
v1_frozen,Balanced,0.55641,0.00000
v1_frozen,Balanced,0.55676,0.00000
v1_frozen,Balanced,0.55711,0.00000
v1_frozen,Balanced,0.55746,0.00000
v1_frozen,Balanced,0.55781,0.00000
v1_frozen,Balanced,0.55816,0.00000
v1_frozen,Balanced,0.55851,0.00000
v1_frozen,Balanced,0.55886,0.00000
v1_frozen,Balanced,0.55922,0.00000
v1_frozen,Balanced,0.55957,0.00000
v1_frozen,Balanced,0.55992,0.00000
v1_frozen,Balanced,0.56027,0.00000
v1_frozen,Balanced,0.56062,0.00000
v1_frozen,Balanced,0.56097,0.00000
v1_frozen,Balanced,0.56132,0.00000
v1_frozen,Balanced,0.56167,0.00000
v1_frozen,Balanced,0.56202,0.00000
v1_frozen,Balanced,0.56237,0.00000
v1_frozen,Balanced,0.56272,0.00000
v1_frozen,Balanced,0.56307,0.00000
v1_frozen,Balanced,0.56342,0.00000
v1_frozen,Balanced,0.56377,0.00000
v1_frozen,Balanced,0.56412,0.00000
v1_frozen,Balanced,0.56447,0.00000
v1_frozen,Balanced,0.56482,0.00000
v1_frozen,Balanced,0.56517,0.00000
v1_frozen,Balanced,0.56552,0.00000
v1_frozen,Balanced,0.56587,0.00000
v1_frozen,Balanced,0.56622,0.00000
v1_frozen,Balanced,0.56657,0.00000
v1_frozen,Balanced,0.56692,0.00000
v1_frozen,Balanced,0.56727,0.00000
v1_frozen,Balanced,0.56762,0.00000
v1_frozen,Balanced,0.56797,0.00000
v1_frozen,Balanced,0.56833,0.00000
v1_frozen,Balanced,0.56868,0.00000
v1_frozen,Balanced,0.56903,0.00000
v1_frozen,Balanced,0.56938,0.00000
v1_frozen,Balanced,0.56973,0.00000
v1_frozen,Balanced,0.57008,0.00000
v1_frozen,Balanced,0.57043,0.00000
v1_frozen,Balanced,0.57078,0.00000
v1_frozen,Balanced,0.57113,0.00000
v1_frozen,Balanced,0.57148,0.00000
v1_frozen,Balanced,0.57183,0.00000
v1_frozen,Balanced,0.57218,0.00000
v1_frozen,Balanced,0.57253,0.00000
v1_frozen,Balanced,0.57288,0.00000
v1_frozen,Balanced,0.57323,0.00000
v1_frozen,Balanced,0.57358,0.00000
v1_frozen,Balanced,0.57393,0.00000
v1_frozen,Balanced,0.57428,0.00000
v1_frozen,Balanced,0.57463,0.00000
v1_frozen,Balanced,0.57498,0.00000
v1_frozen,Balanced,0.57533,0.00000
v1_frozen,Balanced,0.57568,0.00000
v1_frozen,Balanced,0.57603,0.00000
v1_frozen,Balanced,0.57638,0.00000
v1_frozen,Balanced,0.57673,0.00000
v1_frozen,Balanced,0.57708,0.00000
v1_frozen,Balanced,0.57744,0.00000
v1_frozen,Balanced,0.57779,0.00000
v1_frozen,Balanced,0.57814,0.00000
v1_frozen,Balanced,0.57849,0.00000
v1_frozen,Balanced,0.57884,0.00000
v1_frozen,Balanced,0.57919,0.00000
v1_frozen,Balanced,0.57954,0.00000
v1_frozen,Balanced,0.57989,0.00000
v1_frozen,Balanced,0.58024,0.00000
v1_frozen,Balanced,0.58059,0.00000
v1_frozen,Balanced,0.58094,0.00000
v1_frozen,Balanced,0.58129,0.00000
v1_frozen,Balanced,0.58164,0.00000
v1_frozen,Balanced,0.58199,0.00000
v1_frozen,Balanced,0.58234,0.00000
v1_frozen,Balanced,0.58269,0.00000
v1_frozen,Balanced,0.58304,0.00000
v1_frozen,Balanced,0.58339,0.00000
v1_frozen,Balanced,0.58374,0.00000
v1_frozen,Balanced,0.58409,0.00000
v1_frozen,Balanced,0.58444,0.00000
v1_frozen,Balanced,0.58479,0.00000
v1_frozen,Balanced,0.58514,0.00000
v1_frozen,Balanced,0.58549,0.00000
v1_frozen,Balanced,0.58584,0.00000
v1_frozen,Balanced,0.58619,0.00000
v1_frozen,Balanced,0.58655,0.00000
v1_frozen,Balanced,0.58690,0.00000
v1_frozen,Balanced,0.58725,0.00000
v1_frozen,Balanced,0.58760,0.00000
v1_frozen,Balanced,0.58795,0.00000
v1_frozen,Balanced,0.58830,0.00000
v1_frozen,Balanced,0.58865,0.00000
v1_frozen,Balanced,0.58900,0.00000
v1_frozen,Balanced,0.58935,0.00000
v1_frozen,Balanced,0.58970,0.00000
v1_frozen,Balanced,0.59005,0.00000
v1_frozen,Balanced,0.59040,0.00000
v1_frozen,Balanced,0.59075,0.00000
v1_frozen,Balanced,0.59110,0.00000
v1_frozen,Balanced,0.59145,0.00000
v1_frozen,Balanced,0.59180,0.00000
v1_frozen,Balanced,0.59215,0.00000
v1_frozen,Balanced,0.59250,0.00000
v1_frozen,Balanced,0.59285,0.00000
v1_frozen,Balanced,0.59320,0.00000
v1_frozen,Balanced,0.59355,0.00000
v1_frozen,Balanced,0.59390,0.00000
v1_frozen,Balanced,0.59425,0.00000
v1_frozen,Balanced,0.59460,0.00000
v1_frozen,Balanced,0.59495,0.00000
v1_frozen,Balanced,0.59530,0.00000
v1_frozen,Balanced,0.59566,0.00000
v1_frozen,Balanced,0.59601,0.00000
v1_frozen,Balanced,0.59636,0.00000
v1_frozen,Balanced,0.59671,0.00000
v1_frozen,Balanced,0.59706,0.00000
v1_frozen,Balanced,0.59741,0.00000
v1_frozen,Balanced,0.59776,0.00000
v1_frozen,Balanced,0.59811,0.00000
v1_frozen,Balanced,0.59846,0.00000
v1_frozen,Balanced,0.59881,0.00000
v1_frozen,Balanced,0.59916,0.00000
v1_frozen,Balanced,0.59951,0.00000
v1_frozen,Balanced,0.59986,0.00000
v1_frozen,Balanced,0.60021,0.00000
v1_frozen,Balanced,0.60056,0.00000
v1_frozen,Balanced,0.60091,0.00000
v1_frozen,Balanced,0.60126,0.00000
v1_frozen,Balanced,0.60161,0.00000
v1_frozen,Balanced,0.60196,0.00000
v1_frozen,Balanced,0.60231,0.00000
v1_frozen,Balanced,0.60266,0.00000
v1_frozen,Balanced,0.60301,0.00000
v1_frozen,Balanced,0.60336,0.00000
v1_frozen,Balanced,0.60371,0.00000
v1_frozen,Balanced,0.60406,0.00000
v1_frozen,Balanced,0.60441,0.00000
v1_frozen,Balanced,0.60477,0.00000
v1_frozen,Balanced,0.60512,0.00000
v1_frozen,Balanced,0.60547,0.00000
v1_frozen,Balanced,0.60582,0.00000
v1_frozen,Balanced,0.60617,0.00000
v1_frozen,Balanced,0.60652,0.00000
v1_frozen,Balanced,0.60687,0.00000
v1_frozen,Balanced,0.60722,0.00000
v1_frozen,Balanced,0.60757,0.00000
v1_frozen,Balanced,0.60792,0.00000
v1_frozen,Balanced,0.60827,0.00000
v1_frozen,Balanced,0.60862,0.00000
v1_frozen,Balanced,0.60897,0.00000
v1_frozen,Balanced,0.60932,0.00000
v1_frozen,Balanced,0.60967,0.00000
v1_frozen,Balanced,0.61002,0.00000
v1_frozen,Balanced,0.61037,0.00000
v1_frozen,Balanced,0.61072,0.00000
v1_frozen,Balanced,0.61107,0.00000
v1_frozen,Balanced,0.61142,0.00000
v1_frozen,Balanced,0.61177,0.00000
v1_frozen,Balanced,0.61212,0.00000
v1_frozen,Balanced,0.61247,0.00000
v1_frozen,Balanced,0.61282,0.00000
v1_frozen,Balanced,0.61317,0.00000
v1_frozen,Balanced,0.61352,0.00000
v1_frozen,Balanced,0.61388,0.00000
v1_frozen,Balanced,0.61423,0.00000
v1_frozen,Balanced,0.61458,0.00000
v1_frozen,Balanced,0.61493,0.00000
v1_frozen,Balanced,0.61528,0.00000
v1_frozen,Balanced,0.61563,0.00000
v1_frozen,Balanced,0.61598,0.00000
v1_frozen,Balanced,0.61633,0.00000
v1_frozen,Balanced,0.61668,0.00000
v1_frozen,Balanced,0.61703,0.00000
v1_frozen,Balanced,0.61738,0.00000
v1_frozen,Balanced,0.61773,0.00000
v1_frozen,Balanced,0.61808,0.00000
v1_frozen,Balanced,0.61843,0.00000
v1_frozen,Balanced,0.61878,0.00000
v1_frozen,Balanced,0.61913,0.00000
v1_frozen,Balanced,0.61948,0.00000
v1_frozen,Balanced,0.61983,0.00000
v1_frozen,Balanced,0.62018,0.00000
v1_frozen,Balanced,0.62053,0.00000
v1_frozen,Balanced,0.62088,0.00000
v1_frozen,Balanced,0.62123,0.00000
v1_frozen,Balanced,0.62158,0.00000
v1_frozen,Balanced,0.62193,0.00000
v1_frozen,Balanced,0.62228,0.00000
v1_frozen,Balanced,0.62263,0.00000
v1_frozen,Balanced,0.62299,0.00000
v1_frozen,Balanced,0.62334,0.00000
v1_frozen,Balanced,0.62369,0.00000
v1_frozen,Balanced,0.62404,0.00000
v1_frozen,Balanced,0.62439,0.00000
v1_frozen,Balanced,0.62474,0.00000
v1_frozen,Balanced,0.62509,0.00000
v1_frozen,Balanced,0.62544,0.00000
v1_frozen,Balanced,0.62579,0.00000
v1_frozen,Balanced,0.62614,0.00000
v1_frozen,Balanced,0.62649,0.00000
v1_frozen,Balanced,0.62684,0.00000
v1_frozen,Balanced,0.62719,0.00000
v1_frozen,Balanced,0.62754,0.00000
v1_frozen,Balanced,0.62789,0.00000
v1_frozen,Balanced,0.62824,0.00000
v1_frozen,Balanced,0.62859,0.00000
v1_frozen,Balanced,0.62894,0.00000
v1_frozen,Balanced,0.62929,0.00000
v1_frozen,Balanced,0.62964,0.00000
v1_frozen,Balanced,0.62999,0.00000
v1_frozen,Balanced,0.63034,0.00000
v1_frozen,Balanced,0.63069,0.00000
v1_frozen,Balanced,0.63104,0.00000
v1_frozen,Balanced,0.63139,0.00000
v1_frozen,Balanced,0.63174,0.00000
v1_frozen,Balanced,0.63210,0.00000
v1_frozen,Balanced,0.63245,0.00000
v1_frozen,Balanced,0.63280,0.00000
v1_frozen,Balanced,0.63315,0.00000
v1_frozen,Balanced,0.63350,0.00000
v1_frozen,Balanced,0.63385,0.00000
v1_frozen,Balanced,0.63420,0.00000
v1_frozen,Balanced,0.63455,0.00000
v1_frozen,Balanced,0.63490,0.00000
v1_frozen,Balanced,0.63525,0.00000
v1_frozen,Balanced,0.63560,0.00000
v1_frozen,Balanced,0.63595,0.00000
v1_frozen,Balanced,0.63630,0.00000
v1_frozen,Balanced,0.63665,0.00000
v1_frozen,Balanced,0.63700,0.00000
v1_frozen,Balanced,0.63735,0.00000
v1_frozen,Balanced,0.63770,0.00000
v1_frozen,Balanced,0.63805,0.00000
v1_frozen,Balanced,0.63840,0.00000
v1_frozen,Balanced,0.63875,0.00000
v1_frozen,Balanced,0.63910,0.00000
v1_frozen,Balanced,0.63945,0.00000
v1_frozen,Balanced,0.63980,0.00000
v1_frozen,Balanced,0.64015,0.00000
v1_frozen,Balanced,0.64050,0.00000
v1_frozen,Balanced,0.64085,0.00000
v1_frozen,Balanced,0.64121,0.00000
v1_frozen,Balanced,0.64156,0.00000
v1_frozen,Balanced,0.64191,0.00000
v1_frozen,Balanced,0.64226,0.00000
v1_frozen,Balanced,0.64261,0.00000
v1_frozen,Balanced,0.64296,0.00000
v1_frozen,Balanced,0.64331,0.00000
v1_frozen,Balanced,0.64366,0.00000
v1_frozen,Balanced,0.64401,0.00000
v1_frozen,Balanced,0.64436,0.00000
v1_frozen,Balanced,0.64471,0.00000
v1_frozen,Balanced,0.64506,0.00000
v1_frozen,Balanced,0.64541,0.00000
v1_frozen,Balanced,0.64576,0.00000
v1_frozen,Balanced,0.64611,0.00000
v1_frozen,Balanced,0.64646,0.00000
v1_frozen,Balanced,0.64681,0.00000
v1_frozen,Balanced,0.64716,0.00000
v1_frozen,Balanced,0.64751,0.00000
v1_frozen,Balanced,0.64786,0.00000
v1_frozen,Balanced,0.64821,0.00000
v1_frozen,Balanced,0.64856,0.00000
v1_frozen,Balanced,0.64891,0.00000
v1_frozen,Balanced,0.64926,0.00000
v1_frozen,Balanced,0.64961,0.00000
v1_frozen,Balanced,0.64996,0.00000
v1_frozen,Balanced,0.65032,0.00000
v1_frozen,Balanced,0.65067,0.00000
v1_frozen,Balanced,0.65102,0.00000
v1_frozen,Balanced,0.65137,0.00000
v1_frozen,Balanced,0.65172,0.00000
v1_frozen,Balanced,0.65207,0.00000
v1_frozen,Balanced,0.65242,0.00000
v1_frozen,Balanced,0.65277,0.00000
v1_frozen,Balanced,0.65312,0.00000
v1_frozen,Balanced,0.65347,0.00000
v1_frozen,Balanced,0.65382,0.00000
v1_frozen,Balanced,0.65417,0.00000
v1_frozen,Balanced,0.65452,0.00000
v1_frozen,Balanced,0.65487,0.00000
v1_frozen,Balanced,0.65522,0.00000
v1_frozen,Balanced,0.65557,0.00000
v1_frozen,Balanced,0.65592,0.00000
v1_frozen,Balanced,0.65627,0.00000
v1_frozen,Balanced,0.65662,0.00000
v1_frozen,Balanced,0.65697,0.00000
v1_frozen,Balanced,0.65732,0.00000
v1_frozen,Balanced,0.65767,0.00000
v1_frozen,Balanced,0.65802,0.00000
v1_frozen,Balanced,0.65837,0.00000
v1_frozen,Balanced,0.65872,0.00000
v1_frozen,Balanced,0.65907,0.00000
v1_frozen,Balanced,0.65943,0.00000
v1_frozen,Balanced,0.65978,0.00000
v1_frozen,Balanced,0.66013,0.00000
v1_frozen,Balanced,0.66048,0.00000
v1_frozen,Balanced,0.66083,0.00000
v1_frozen,Balanced,0.66118,0.00000
v1_frozen,Balanced,0.66153,0.00000
v1_frozen,Balanced,0.66188,0.00000
v1_frozen,Balanced,0.66223,0.00000
v1_frozen,Balanced,0.66258,0.00000
v1_frozen,Balanced,0.66293,0.00000
v1_frozen,Balanced,0.66328,0.00000
v1_frozen,Balanced,0.66363,0.00000
v1_frozen,Balanced,0.66398,0.00000
v1_frozen,Balanced,0.66433,0.00000
v1_frozen,Balanced,0.66468,0.00000
v1_frozen,Balanced,0.66503,0.00000
v1_frozen,Balanced,0.66538,0.00000
v1_frozen,Balanced,0.66573,0.00000
v1_frozen,Balanced,0.66608,0.00000
v1_frozen,Balanced,0.66643,0.00000
v1_frozen,Balanced,0.66678,0.00000
v1_frozen,Balanced,0.66713,0.00000
v1_frozen,Balanced,0.66748,0.00000
v1_frozen,Balanced,0.66783,0.00000
v1_frozen,Balanced,0.66819,0.00000
v1_frozen,Balanced,0.66854,0.00000
v1_frozen,Balanced,0.66889,0.00000
v1_frozen,Balanced,0.66924,0.00000
v1_frozen,Balanced,0.66959,0.00000
v1_frozen,Balanced,0.66994,0.00000
v1_frozen,Balanced,0.67029,0.00000
v1_frozen,Balanced,0.67064,0.00000
v1_frozen,Balanced,0.67099,0.00000
v1_frozen,Balanced,0.67134,0.00000
v1_frozen,Balanced,0.67169,0.00000
v1_frozen,Balanced,0.67204,0.00000
v1_frozen,Balanced,0.67239,0.00000
v1_frozen,Balanced,0.67274,0.00000
v1_frozen,Balanced,0.67309,0.00000
v1_frozen,Balanced,0.67344,0.00000
v1_frozen,Balanced,0.67379,0.00000
v1_frozen,Balanced,0.67414,0.00000
v1_frozen,Balanced,0.67449,0.00000
v1_frozen,Balanced,0.67484,0.00000
v1_frozen,Balanced,0.67519,0.00000
v1_frozen,Balanced,0.67554,0.00000
v1_frozen,Balanced,0.67589,0.00000
v1_frozen,Balanced,0.67624,0.00000
v1_frozen,Balanced,0.67659,0.00000
v1_frozen,Balanced,0.67694,0.00000
v1_frozen,Balanced,0.67730,0.00000
v1_frozen,Balanced,0.67765,0.00000
v1_frozen,Balanced,0.67800,0.00000
v1_frozen,Balanced,0.67835,0.00000
v1_frozen,Balanced,0.67870,0.00000
v1_frozen,Balanced,0.67905,0.00000
v1_frozen,Balanced,0.67940,0.00000
v1_frozen,Balanced,0.67975,0.00000
v1_frozen,Balanced,0.68010,0.00000
v1_frozen,Balanced,0.68045,0.00000
v1_frozen,Balanced,0.68080,0.00000
v1_frozen,Balanced,0.68115,0.00000
v1_frozen,Balanced,0.68150,0.00000
v1_frozen,Balanced,0.68185,0.00000
v1_frozen,Balanced,0.68220,0.00000
v1_frozen,Balanced,0.68255,0.00000
v1_frozen,Balanced,0.68290,0.00000
v1_frozen,Balanced,0.68325,0.00000
v1_frozen,Balanced,0.68360,0.00000
v1_frozen,Balanced,0.68395,0.00000
v1_frozen,Balanced,0.68430,0.00000
v1_frozen,Balanced,0.68465,0.00000
v1_frozen,Balanced,0.68500,0.00000
v1_frozen,Balanced,0.68535,0.00000
v1_frozen,Balanced,0.68570,0.00000
v1_frozen,Balanced,0.68605,0.00000
v1_frozen,Balanced,0.68641,0.00000
v1_frozen,Balanced,0.68676,0.00000
v1_frozen,Balanced,0.68711,0.00000
v1_frozen,Balanced,0.68746,0.00000
v1_frozen,Balanced,0.68781,0.00000
v1_frozen,Balanced,0.68816,0.00000
v1_frozen,Balanced,0.68851,0.00000
v1_frozen,Balanced,0.68886,0.00000
v1_frozen,Balanced,0.68921,0.00000
v1_frozen,Balanced,0.68956,0.00000
v1_frozen,Balanced,0.68991,0.00000
v1_frozen,Balanced,0.69026,0.00000
v1_frozen,Balanced,0.69061,0.00000
v1_frozen,Balanced,0.69096,0.00000
v1_frozen,Balanced,0.69131,0.00000
v1_frozen,Balanced,0.69166,0.00000
v1_frozen,Balanced,0.69201,0.00000
v1_frozen,Balanced,0.69236,0.00000
v1_frozen,Balanced,0.69271,0.00000
v1_frozen,Balanced,0.69306,0.00000
v1_frozen,Balanced,0.69341,0.00000
v1_frozen,Balanced,0.69376,0.00000
v1_frozen,Balanced,0.69411,0.00000
v1_frozen,Balanced,0.69446,0.00000
v1_frozen,Balanced,0.69481,0.00000
v1_frozen,Balanced,0.69516,0.00000
v1_frozen,Balanced,0.69552,0.00000
v1_frozen,Balanced,0.69587,0.00000
v1_frozen,Balanced,0.69622,0.00000
v1_frozen,Balanced,0.69657,0.00000
v1_frozen,Balanced,0.69692,0.00000
v1_frozen,Balanced,0.69727,0.00000
v1_frozen,Balanced,0.69762,0.00000
v1_frozen,Balanced,0.69797,0.00000
v1_frozen,Balanced,0.69832,0.00000
v1_frozen,Balanced,0.69867,0.00000
v1_frozen,Balanced,0.69902,0.00000
v1_frozen,Balanced,0.69937,0.00000
v1_frozen,Balanced,0.69972,0.00000
v1_frozen,Balanced,0.70007,0.00000
v1_frozen,Balanced,0.70042,0.00000
v1_frozen,Balanced,0.70077,0.00000
v1_frozen,Balanced,0.70112,0.00000
v1_frozen,Balanced,0.70147,0.00000
v1_frozen,Balanced,0.70182,0.00000
v1_frozen,Balanced,0.70217,0.00000
v1_frozen,Balanced,0.70252,0.00000
v1_frozen,Balanced,0.70287,0.00000
v1_frozen,Balanced,0.70322,0.00000
v1_frozen,Balanced,0.70357,0.00000
v1_frozen,Balanced,0.70392,0.00000
v1_frozen,Balanced,0.70427,0.00000
v1_frozen,Balanced,0.70463,0.00000
v1_frozen,Balanced,0.70498,0.00000
v1_frozen,Balanced,0.70533,0.00000
v1_frozen,Balanced,0.70568,0.00000
v1_frozen,Balanced,0.70603,0.00000
v1_frozen,Balanced,0.70638,0.00000
v1_frozen,Balanced,0.70673,0.00000
v1_frozen,Balanced,0.70708,0.00000
v1_frozen,Balanced,0.70743,0.00000
v1_frozen,Balanced,0.70778,0.00000
v1_frozen,Balanced,0.70813,0.00000
v1_frozen,Balanced,0.70848,0.00000
v1_frozen,Balanced,0.70883,0.00000
v1_frozen,Balanced,0.70918,0.00000
v1_frozen,Balanced,0.70953,0.00000
v1_frozen,Balanced,0.70988,0.00000
v1_frozen,Balanced,0.71023,0.00000
v1_frozen,Balanced,0.71058,0.00000
v1_frozen,Balanced,0.71093,0.00000
v1_frozen,Balanced,0.71128,0.00000
v1_frozen,Balanced,0.71163,0.00000
v1_frozen,Balanced,0.71198,0.00000
v1_frozen,Balanced,0.71233,0.00000
v1_frozen,Balanced,0.71268,0.00000
v1_frozen,Balanced,0.71303,0.00000
v1_frozen,Balanced,0.71338,0.00000
v1_frozen,Balanced,0.71374,0.00000
v1_frozen,Balanced,0.71409,0.00000
v1_frozen,Balanced,0.71444,0.00000
v1_frozen,Balanced,0.71479,0.00000
v1_frozen,Balanced,0.71514,0.00000
v1_frozen,Balanced,0.71549,0.00000
v1_frozen,Balanced,0.71584,0.00000
v1_frozen,Balanced,0.71619,0.00000
v1_frozen,Balanced,0.71654,0.00000
v1_frozen,Balanced,0.71689,0.00000
v1_frozen,Balanced,0.71724,0.00000
v1_frozen,Balanced,0.71759,0.00000
v1_frozen,Balanced,0.71794,0.00000
v1_frozen,Balanced,0.71829,0.00000
v1_frozen,Balanced,0.71864,0.00000
v1_frozen,Balanced,0.71899,0.00000
v1_frozen,Balanced,0.71934,0.00000
v1_frozen,Balanced,0.71969,0.00000
v1_frozen,Balanced,0.72004,0.00000
v1_frozen,Balanced,0.72039,0.00000
v1_frozen,Balanced,0.72074,0.00000
v1_frozen,Balanced,0.72109,0.00000
v1_frozen,Balanced,0.72144,0.00000
v1_frozen,Balanced,0.72179,0.00000
v1_frozen,Balanced,0.72214,0.00000
v1_frozen,Balanced,0.72249,0.00000
v1_frozen,Balanced,0.72285,0.00000
v1_frozen,Balanced,0.72320,0.00000
v1_frozen,Balanced,0.72355,0.00000
v1_frozen,Balanced,0.72390,0.00000
v1_frozen,Balanced,0.72425,0.00000
v1_frozen,Balanced,0.72460,0.00000
v1_frozen,Balanced,0.72495,0.00000
v1_frozen,Balanced,0.72530,0.00000
v1_frozen,Balanced,0.72565,0.00000
v1_frozen,Balanced,0.72600,0.00000
v1_frozen,Balanced,0.72635,0.00000
v1_frozen,Balanced,0.72670,0.00000
v1_frozen,Balanced,0.72705,0.00000
v1_frozen,Balanced,0.72740,0.00000
v1_frozen,Balanced,0.72775,0.00000
v1_frozen,Balanced,0.72810,0.00000
v1_frozen,Balanced,0.72845,0.00000
v1_frozen,Balanced,0.72880,0.00000
v1_frozen,Balanced,0.72915,0.00000
v1_frozen,Balanced,0.72950,0.00000
v1_frozen,Balanced,0.72985,0.00000
v1_frozen,Balanced,0.73020,0.00000
v1_frozen,Balanced,0.73055,0.00000
v1_frozen,Balanced,0.73090,0.00000
v1_frozen,Balanced,0.73125,0.00000
v1_frozen,Balanced,0.73160,0.00000
v1_frozen,Balanced,0.73196,0.00000
v1_frozen,Balanced,0.73231,0.00000
v1_frozen,Balanced,0.73266,0.00000
v1_frozen,Balanced,0.73301,0.00000
v1_frozen,Balanced,0.73336,0.00000
v1_frozen,Balanced,0.73371,0.00000
v1_frozen,Balanced,0.73406,0.00000
v1_frozen,Balanced,0.73441,0.00000
v1_frozen,Balanced,0.73476,0.00000
v1_frozen,Balanced,0.73511,0.00000
v1_frozen,Balanced,0.73546,0.00000
v1_frozen,Balanced,0.73581,0.00000
v1_frozen,Balanced,0.73616,0.00000
v1_frozen,Balanced,0.73651,0.00000
v1_frozen,Balanced,0.73686,0.00000
v1_frozen,Balanced,0.73721,0.00000
v1_frozen,Balanced,0.73756,0.00000
v1_frozen,Balanced,0.73791,0.00000
v1_frozen,Balanced,0.73826,0.00000
v1_frozen,Balanced,0.73861,0.00000
v1_frozen,Balanced,0.73896,0.00000
v1_frozen,Balanced,0.73931,0.00000
v1_frozen,Balanced,0.73966,0.00000
v1_frozen,Balanced,0.74001,0.00000
v1_frozen,Balanced,0.74036,0.00000
v1_frozen,Balanced,0.74071,0.00000
v1_frozen,Balanced,0.74107,0.00000
v1_frozen,Balanced,0.74142,0.00000
v1_frozen,Balanced,0.74177,0.00000
v1_frozen,Balanced,0.74212,0.00000
v1_frozen,Balanced,0.74247,0.00000
v1_frozen,Balanced,0.74282,0.00000
v1_frozen,Balanced,0.74317,0.00000
v1_frozen,Balanced,0.74352,0.00000
v1_frozen,Balanced,0.74387,0.00000
v1_frozen,Balanced,0.74422,0.00000
v1_frozen,Balanced,0.74457,0.00000
v1_frozen,Balanced,0.74492,0.00000
v1_frozen,Balanced,0.74527,0.00000
v1_frozen,Balanced,0.74562,0.00000
v1_frozen,Balanced,0.74597,0.00000
v1_frozen,Balanced,0.74632,0.00000
v1_frozen,Balanced,0.74667,0.00000
v1_frozen,Balanced,0.74702,0.00000
v1_frozen,Balanced,0.74737,0.00000
v1_frozen,Balanced,0.74772,0.00000
v1_frozen,Balanced,0.74807,0.00000
v1_frozen,Balanced,0.74842,0.00000
v1_frozen,Balanced,0.74877,0.00000
v1_frozen,Balanced,0.74912,0.00000
v1_frozen,Balanced,0.74947,0.00000
v1_frozen,Balanced,0.74982,0.00000
v1_frozen,Balanced,0.75018,0.00000
v1_frozen,Balanced,0.75053,0.00000
v1_frozen,Balanced,0.75088,0.00000
v1_frozen,Balanced,0.75123,0.00000
v1_frozen,Balanced,0.75158,0.00000
v1_frozen,Balanced,0.75193,0.00000
v1_frozen,Balanced,0.75228,0.00000
v1_frozen,Balanced,0.75263,0.00000
v1_frozen,Balanced,0.75298,0.00000
v1_frozen,Balanced,0.75333,0.00000
v1_frozen,Balanced,0.75368,0.00000
v1_frozen,Balanced,0.75403,0.00000
v1_frozen,Balanced,0.75438,0.00000
v1_frozen,Balanced,0.75473,0.00000
v1_frozen,Balanced,0.75508,0.00000
v1_frozen,Balanced,0.75543,0.00000
v1_frozen,Balanced,0.75578,0.00000
v1_frozen,Balanced,0.75613,0.00000
v1_frozen,Balanced,0.75648,0.00000
v1_frozen,Balanced,0.75683,0.00000
v1_frozen,Balanced,0.75718,0.00000
v1_frozen,Balanced,0.75753,0.00000
v1_frozen,Balanced,0.75788,0.00000
v1_frozen,Balanced,0.75823,0.00000
v1_frozen,Balanced,0.75858,0.00000
v1_frozen,Balanced,0.75893,0.00000
v1_frozen,Balanced,0.75929,0.00000
v1_frozen,Balanced,0.75964,0.00000
v1_frozen,Balanced,0.75999,0.00000
v1_frozen,Balanced,0.76034,0.00000
v1_frozen,Balanced,0.76069,0.00000
v1_frozen,Balanced,0.76104,0.00000
v1_frozen,Balanced,0.76139,0.00000
v1_frozen,Balanced,0.76174,0.00000
v1_frozen,Balanced,0.76209,0.00000
v1_frozen,Balanced,0.76244,0.00000
v1_frozen,Balanced,0.76279,0.00000
v1_frozen,Balanced,0.76314,0.00000
v1_frozen,Balanced,0.76349,0.00000
v1_frozen,Balanced,0.76384,0.00000
v1_frozen,Balanced,0.76419,0.00000
v1_frozen,Balanced,0.76454,0.00000
v1_frozen,Balanced,0.76489,0.00000
v1_frozen,Balanced,0.76524,0.00000
v1_frozen,Balanced,0.76559,0.00000
v1_frozen,Balanced,0.76594,0.00000
v1_frozen,Balanced,0.76629,0.00000
v1_frozen,Balanced,0.76664,0.00000
v1_frozen,Balanced,0.76699,0.00000
v1_frozen,Balanced,0.76734,0.00000
v1_frozen,Balanced,0.76769,0.00000
v1_frozen,Balanced,0.76804,0.00000
v1_frozen,Balanced,0.76840,0.00000
v1_frozen,Balanced,0.76875,0.00000
v1_frozen,Balanced,0.76910,0.00000
v1_frozen,Balanced,0.76945,0.00000
v1_frozen,Balanced,0.76980,0.00000
v1_frozen,Balanced,0.77015,0.00000
v1_frozen,Balanced,0.77050,0.00000
v1_frozen,Balanced,0.77085,0.00000
v1_frozen,Balanced,0.77120,0.00000
v1_frozen,Balanced,0.77155,0.00000
v1_frozen,Balanced,0.77190,0.00000
v1_frozen,Balanced,0.77225,0.00000
v1_frozen,Balanced,0.77260,0.00000
v1_frozen,Balanced,0.77295,0.00000
v1_frozen,Balanced,0.77330,0.00000
v1_frozen,Balanced,0.77365,0.00000
v1_frozen,Balanced,0.77400,0.00000
v1_frozen,Balanced,0.77435,0.00000
v1_frozen,Balanced,0.77470,0.00000
v1_frozen,Balanced,0.77505,0.00000
v1_frozen,Balanced,0.77540,0.00000
v1_frozen,Balanced,0.77575,0.00000
v1_frozen,Balanced,0.77610,0.00000
v1_frozen,Balanced,0.77645,0.00000
v1_frozen,Balanced,0.77680,0.00000
v1_frozen,Balanced,0.77715,0.00000
v1_frozen,Balanced,0.77751,0.00000
v1_frozen,Balanced,0.77786,0.00000
v1_frozen,Balanced,0.77821,0.00000
v1_frozen,Balanced,0.77856,0.00000
v1_frozen,Balanced,0.77891,0.00000
v1_frozen,Balanced,0.77926,0.00000
v1_frozen,Balanced,0.77961,0.00000
v1_frozen,Balanced,0.77996,0.00000
v1_frozen,Balanced,0.78031,0.00000
v1_frozen,Balanced,0.78066,0.00000
v1_frozen,Balanced,0.78101,0.00000
v1_frozen,Balanced,0.78136,0.00000
v1_frozen,Balanced,0.78171,0.00000
v1_frozen,Balanced,0.78206,0.00000
v1_frozen,Balanced,0.78241,0.00000
v1_frozen,Balanced,0.78276,0.00000
v1_frozen,Balanced,0.78311,0.00000
v1_frozen,Balanced,0.78346,0.00000
v1_frozen,Balanced,0.78381,0.00000
v1_frozen,Balanced,0.78416,0.00000
v1_frozen,Balanced,0.78451,0.00000
v1_frozen,Balanced,0.78486,0.00000
v1_frozen,Balanced,0.78521,0.00000
v1_frozen,Balanced,0.78556,0.00000
v1_frozen,Balanced,0.78591,0.00000
v1_frozen,Balanced,0.78626,0.00000
v1_frozen,Balanced,0.78662,0.00000
v1_frozen,Balanced,0.78697,0.00000
v1_frozen,Balanced,0.78732,0.00000
v1_frozen,Balanced,0.78767,0.00000
v1_frozen,Balanced,0.78802,0.00000
v1_frozen,Balanced,0.78837,0.00000
v1_frozen,Balanced,0.78872,0.00000
v1_frozen,Balanced,0.78907,0.00000
v1_frozen,Balanced,0.78942,0.00000
v1_frozen,Balanced,0.78977,0.00000
v1_frozen,Balanced,0.79012,0.00000
v1_frozen,Balanced,0.79047,0.00000
v1_frozen,Balanced,0.79082,0.00000
v1_frozen,Balanced,0.79117,0.00000
v1_frozen,Balanced,0.79152,0.00000
v1_frozen,Balanced,0.79187,0.00000
v1_frozen,Balanced,0.79222,0.00000
v1_frozen,Balanced,0.79257,0.00000
v1_frozen,Balanced,0.79292,0.00000
v1_frozen,Balanced,0.79327,0.00000
v1_frozen,Balanced,0.79362,0.00000
v1_frozen,Balanced,0.79397,0.00000
v1_frozen,Balanced,0.79432,0.00000
v1_frozen,Balanced,0.79467,0.00000
v1_frozen,Balanced,0.79502,0.00000
v1_frozen,Balanced,0.79537,0.00000
v1_frozen,Balanced,0.79573,0.00000
v1_frozen,Balanced,0.79608,0.00000
v1_frozen,Balanced,0.79643,0.00000
v1_frozen,Balanced,0.79678,0.00000
v1_frozen,Balanced,0.79713,0.00000
v1_frozen,Balanced,0.79748,0.00000
v1_frozen,Balanced,0.79783,0.00000
v1_frozen,Balanced,0.79818,0.00000
v1_frozen,Balanced,0.79853,0.00000
v1_frozen,Balanced,0.79888,0.00000
v1_frozen,Balanced,0.79923,0.00000
v1_frozen,Balanced,0.79958,0.00000
v1_frozen,Balanced,0.79993,0.00000
v1_frozen,Balanced,0.80028,0.00000
v1_frozen,Balanced,0.80063,0.00000
v1_frozen,Balanced,0.80098,0.00000
v1_frozen,Balanced,0.80133,0.00000
v1_frozen,Balanced,0.80168,0.00000
v1_frozen,Balanced,0.80203,0.00000
v1_frozen,Balanced,0.80238,0.00000
v1_frozen,Balanced,0.80273,0.00000
v1_frozen,Balanced,0.80308,0.00000
v1_frozen,Balanced,0.80343,0.00000
v1_frozen,Balanced,0.80378,0.00000
v1_frozen,Balanced,0.80413,0.00000
v1_frozen,Balanced,0.80448,0.00000
v1_frozen,Balanced,0.80484,0.00000
v1_frozen,Balanced,0.80519,0.00000
v1_frozen,Balanced,0.80554,0.00000
v1_frozen,Balanced,0.80589,0.00000
v1_frozen,Balanced,0.80624,0.00000
v1_frozen,Balanced,0.80659,0.00000
v1_frozen,Balanced,0.80694,0.00000
v1_frozen,Balanced,0.80729,0.00000
v1_frozen,Balanced,0.80764,0.00000
v1_frozen,Balanced,0.80799,0.00000
v1_frozen,Balanced,0.80834,0.00000
v1_frozen,Balanced,0.80869,0.00000
v1_frozen,Balanced,0.80904,0.00000
v1_frozen,Balanced,0.80939,0.00000
v1_frozen,Balanced,0.80974,0.00000
v1_frozen,Balanced,0.81009,0.00000
v1_frozen,Balanced,0.81044,0.00000
v1_frozen,Balanced,0.81079,0.00000
v1_frozen,Balanced,0.81114,0.00000
v1_frozen,Balanced,0.81149,0.00000
v1_frozen,Balanced,0.81184,0.00000
v1_frozen,Balanced,0.81219,0.00000
v1_frozen,Balanced,0.81254,0.00000
v1_frozen,Balanced,0.81289,0.00000
v1_frozen,Balanced,0.81324,0.00000
v1_frozen,Balanced,0.81359,0.00000
v1_frozen,Balanced,0.81395,0.00000
v1_frozen,Balanced,0.81430,0.00000
v1_frozen,Balanced,0.81465,0.00000
v1_frozen,Balanced,0.81500,0.00000
v1_frozen,Balanced,0.81535,0.00000
v1_frozen,Balanced,0.81570,0.00000
v1_frozen,Balanced,0.81605,0.00000
v1_frozen,Balanced,0.81640,0.00000
v1_frozen,Balanced,0.81675,0.00000
v1_frozen,Balanced,0.81710,0.00000
v1_frozen,Balanced,0.81745,0.00000
v1_frozen,Balanced,0.81780,0.00000
v1_frozen,Balanced,0.81815,0.00000
v1_frozen,Balanced,0.81850,0.00000
v1_frozen,Balanced,0.81885,0.00000
v1_frozen,Balanced,0.81920,0.00000
v1_frozen,Balanced,0.81955,0.00000
v1_frozen,Balanced,0.81990,0.00000
v1_frozen,Balanced,0.82025,0.00000
v1_frozen,Balanced,0.82060,0.00000
v1_frozen,Balanced,0.82095,0.00000
v1_frozen,Balanced,0.82130,0.00000
v1_frozen,Balanced,0.82165,0.00000
v1_frozen,Balanced,0.82200,0.00000
v1_frozen,Balanced,0.82235,0.00000
v1_frozen,Balanced,0.82270,0.00000
v1_frozen,Balanced,0.82306,0.00000
v1_frozen,Balanced,0.82341,0.00000
v1_frozen,Balanced,0.82376,0.00000
v1_frozen,Balanced,0.82411,0.00000
v1_frozen,Balanced,0.82446,0.00000
v1_frozen,Balanced,0.82481,0.00000
v1_frozen,Balanced,0.82516,0.00000
v1_frozen,Balanced,0.82551,0.00000
v1_frozen,Balanced,0.82586,0.00000
v1_frozen,Balanced,0.82621,0.00000
v1_frozen,Balanced,0.82656,0.00000
v1_frozen,Balanced,0.82691,0.00000
v1_frozen,Balanced,0.82726,0.00042
v1_frozen,Balanced,0.82761,0.00042
v1_frozen,Balanced,0.82796,0.00042
v1_frozen,Balanced,0.82831,0.00042
v1_frozen,Balanced,0.82866,0.00042
v1_frozen,Balanced,0.82901,0.00042
v1_frozen,Balanced,0.82936,0.00042
v1_frozen,Balanced,0.82971,0.00042
v1_frozen,Balanced,0.83006,0.00042
v1_frozen,Balanced,0.83041,0.00042
v1_frozen,Balanced,0.83076,0.00042
v1_frozen,Balanced,0.83111,0.00042
v1_frozen,Balanced,0.83146,0.00042
v1_frozen,Balanced,0.83181,0.00042
v1_frozen,Balanced,0.83217,0.00042
v1_frozen,Balanced,0.83252,0.00042
v1_frozen,Balanced,0.83287,0.00042
v1_frozen,Balanced,0.83322,0.00042
v1_frozen,Balanced,0.83357,0.00042
v1_frozen,Balanced,0.83392,0.00042
v1_frozen,Balanced,0.83427,0.00042
v1_frozen,Balanced,0.83462,0.00042
v1_frozen,Balanced,0.83497,0.00042
v1_frozen,Balanced,0.83532,0.00042
v1_frozen,Balanced,0.83567,0.00042
v1_frozen,Balanced,0.83602,0.00042
v1_frozen,Balanced,0.83637,0.00042
v1_frozen,Balanced,0.83672,0.00042
v1_frozen,Balanced,0.83707,0.00042
v1_frozen,Balanced,0.83742,0.00042
v1_frozen,Balanced,0.83777,0.00042
v1_frozen,Balanced,0.83812,0.00042
v1_frozen,Balanced,0.83847,0.00042
v1_frozen,Balanced,0.83882,0.00042
v1_frozen,Balanced,0.83917,0.00042
v1_frozen,Balanced,0.83952,0.00042
v1_frozen,Balanced,0.83987,0.00042
v1_frozen,Balanced,0.84022,0.00042
v1_frozen,Balanced,0.84057,0.00042
v1_frozen,Balanced,0.84093,0.00042
v1_frozen,Balanced,0.84128,0.00042
v1_frozen,Balanced,0.84163,0.00042
v1_frozen,Balanced,0.84198,0.00042
v1_frozen,Balanced,0.84233,0.00042
v1_frozen,Balanced,0.84268,0.00042
v1_frozen,Balanced,0.84303,0.00042
v1_frozen,Balanced,0.84338,0.00083
v1_frozen,Balanced,0.84373,0.00125
v1_frozen,Balanced,0.84408,0.00125
v1_frozen,Balanced,0.84443,0.00124
v1_frozen,Balanced,0.84478,0.00124
v1_frozen,Balanced,0.84513,0.00124
v1_frozen,Balanced,0.84548,0.00124
v1_frozen,Balanced,0.84583,0.00124
v1_frozen,Balanced,0.84618,0.00124
v1_frozen,Balanced,0.84653,0.00124
v1_frozen,Balanced,0.84688,0.00124
v1_frozen,Balanced,0.84723,0.00124
v1_frozen,Balanced,0.84758,0.00124
v1_frozen,Balanced,0.84793,0.00124
v1_frozen,Balanced,0.84828,0.00124
v1_frozen,Balanced,0.84863,0.00124
v1_frozen,Balanced,0.84898,0.00124
v1_frozen,Balanced,0.84933,0.00124
v1_frozen,Balanced,0.84968,0.00124
v1_frozen,Balanced,0.85004,0.00165
v1_frozen,Balanced,0.85039,0.00165
v1_frozen,Balanced,0.85074,0.00165
v1_frozen,Balanced,0.85109,0.00165
v1_frozen,Balanced,0.85144,0.00165
v1_frozen,Balanced,0.85179,0.00165
v1_frozen,Balanced,0.85214,0.00164
v1_frozen,Balanced,0.85249,0.00164
v1_frozen,Balanced,0.85284,0.00164
v1_frozen,Balanced,0.85319,0.00164
v1_frozen,Balanced,0.85354,0.00164
v1_frozen,Balanced,0.85389,0.00164
v1_frozen,Balanced,0.85424,0.00164
v1_frozen,Balanced,0.85459,0.00164
v1_frozen,Balanced,0.85494,0.00164
v1_frozen,Balanced,0.85529,0.00164
v1_frozen,Balanced,0.85564,0.00164
v1_frozen,Balanced,0.85599,0.00164
v1_frozen,Balanced,0.85634,0.00205
v1_frozen,Balanced,0.85669,0.00204
v1_frozen,Balanced,0.85704,0.00204
v1_frozen,Balanced,0.85739,0.00204
v1_frozen,Balanced,0.85774,0.00204
v1_frozen,Balanced,0.85809,0.00204
v1_frozen,Balanced,0.85844,0.00204
v1_frozen,Balanced,0.85879,0.00204
v1_frozen,Balanced,0.85915,0.00204
v1_frozen,Balanced,0.85950,0.00204
v1_frozen,Balanced,0.85985,0.00204
v1_frozen,Balanced,0.86020,0.00204
v1_frozen,Balanced,0.86055,0.00204
v1_frozen,Balanced,0.86090,0.00204
v1_frozen,Balanced,0.86125,0.00203
v1_frozen,Balanced,0.86160,0.00203
v1_frozen,Balanced,0.86195,0.00203
v1_frozen,Balanced,0.86230,0.00203
v1_frozen,Balanced,0.86265,0.00203
v1_frozen,Balanced,0.86300,0.00203
v1_frozen,Balanced,0.86335,0.00203
v1_frozen,Balanced,0.86370,0.00203
v1_frozen,Balanced,0.86405,0.00203
v1_frozen,Balanced,0.86440,0.00203
v1_frozen,Balanced,0.86475,0.00203
v1_frozen,Balanced,0.86510,0.00203
v1_frozen,Balanced,0.86545,0.00202
v1_frozen,Balanced,0.86580,0.00202
v1_frozen,Balanced,0.86615,0.00202
v1_frozen,Balanced,0.86650,0.00202
v1_frozen,Balanced,0.86685,0.00202
v1_frozen,Balanced,0.86720,0.00202
v1_frozen,Balanced,0.86755,0.00202
v1_frozen,Balanced,0.86790,0.00242
v1_frozen,Balanced,0.86826,0.00242
v1_frozen,Balanced,0.86861,0.00242
v1_frozen,Balanced,0.86896,0.00242
v1_frozen,Balanced,0.86931,0.00242
v1_frozen,Balanced,0.86966,0.00242
v1_frozen,Balanced,0.87001,0.00242
v1_frozen,Balanced,0.87036,0.00242
v1_frozen,Balanced,0.87071,0.00241
v1_frozen,Balanced,0.87106,0.00241
v1_frozen,Balanced,0.87141,0.00241
v1_frozen,Balanced,0.87176,0.00241
v1_frozen,Balanced,0.87211,0.00241
v1_frozen,Balanced,0.87246,0.00241
v1_frozen,Balanced,0.87281,0.00241
v1_frozen,Balanced,0.87316,0.00241
v1_frozen,Balanced,0.87351,0.00241
v1_frozen,Balanced,0.87386,0.00241
v1_frozen,Balanced,0.87421,0.00240
v1_frozen,Balanced,0.87456,0.00240
v1_frozen,Balanced,0.87491,0.00240
v1_frozen,Balanced,0.87526,0.00240
v1_frozen,Balanced,0.87561,0.00240
v1_frozen,Balanced,0.87596,0.00240
v1_frozen,Balanced,0.87631,0.00240
v1_frozen,Balanced,0.87666,0.00240
v1_frozen,Balanced,0.87701,0.00240
v1_frozen,Balanced,0.87737,0.00240
v1_frozen,Balanced,0.87772,0.00240
v1_frozen,Balanced,0.87807,0.00239
v1_frozen,Balanced,0.87842,0.00239
v1_frozen,Balanced,0.87877,0.00239
v1_frozen,Balanced,0.87912,0.00239
v1_frozen,Balanced,0.87947,0.00239
v1_frozen,Balanced,0.87982,0.00239
v1_frozen,Balanced,0.88017,0.00239
v1_frozen,Balanced,0.88052,0.00239
v1_frozen,Balanced,0.88087,0.00278
v1_frozen,Balanced,0.88122,0.00278
v1_frozen,Balanced,0.88157,0.00278
v1_frozen,Balanced,0.88192,0.00278
v1_frozen,Balanced,0.88227,0.00278
v1_frozen,Balanced,0.88262,0.00278
v1_frozen,Balanced,0.88297,0.00278
v1_frozen,Balanced,0.88332,0.00278
v1_frozen,Balanced,0.88367,0.00278
v1_frozen,Balanced,0.88402,0.00277
v1_frozen,Balanced,0.88437,0.00317
v1_frozen,Balanced,0.88472,0.00317
v1_frozen,Balanced,0.88507,0.00317
v1_frozen,Balanced,0.88542,0.00317
v1_frozen,Balanced,0.88577,0.00316
v1_frozen,Balanced,0.88612,0.00316
v1_frozen,Balanced,0.88648,0.00316
v1_frozen,Balanced,0.88683,0.00316
v1_frozen,Balanced,0.88718,0.00316
v1_frozen,Balanced,0.88753,0.00316
v1_frozen,Balanced,0.88788,0.00316
v1_frozen,Balanced,0.88823,0.00316
v1_frozen,Balanced,0.88858,0.00315
v1_frozen,Balanced,0.88893,0.00315
v1_frozen,Balanced,0.88928,0.00315
v1_frozen,Balanced,0.88963,0.00315
v1_frozen,Balanced,0.88998,0.00315
v1_frozen,Balanced,0.89033,0.00315
v1_frozen,Balanced,0.89068,0.00315
v1_frozen,Balanced,0.89103,0.00315
v1_frozen,Balanced,0.89138,0.00314
v1_frozen,Balanced,0.89173,0.00314
v1_frozen,Balanced,0.89208,0.00314
v1_frozen,Balanced,0.89243,0.00314
v1_frozen,Balanced,0.89278,0.00314
v1_frozen,Balanced,0.89313,0.00314
v1_frozen,Balanced,0.89348,0.00314
v1_frozen,Balanced,0.89383,0.00314
v1_frozen,Balanced,0.89418,0.00313
v1_frozen,Balanced,0.89453,0.00353
v1_frozen,Balanced,0.89488,0.00352
v1_frozen,Balanced,0.89523,0.00352
v1_frozen,Balanced,0.89559,0.00352
v1_frozen,Balanced,0.89594,0.00352
v1_frozen,Balanced,0.89629,0.00352
v1_frozen,Balanced,0.89664,0.00352
v1_frozen,Balanced,0.89699,0.00352
v1_frozen,Balanced,0.89734,0.00351
v1_frozen,Balanced,0.89769,0.00351
v1_frozen,Balanced,0.89804,0.00351
v1_frozen,Balanced,0.89839,0.00351
v1_frozen,Balanced,0.89874,0.00351
v1_frozen,Balanced,0.89909,0.00351
v1_frozen,Balanced,0.89944,0.00351
v1_frozen,Balanced,0.89979,0.00389
v1_frozen,Balanced,0.90014,0.00389
v1_frozen,Balanced,0.90049,0.00389
v1_frozen,Balanced,0.90084,0.00389
v1_frozen,Balanced,0.90119,0.00389
v1_frozen,Balanced,0.90154,0.00389
v1_frozen,Balanced,0.90189,0.00389
v1_frozen,Balanced,0.90224,0.00388
v1_frozen,Balanced,0.90259,0.00388
v1_frozen,Balanced,0.90294,0.00388
v1_frozen,Balanced,0.90329,0.00388
v1_frozen,Balanced,0.90364,0.00388
v1_frozen,Balanced,0.90399,0.00388
v1_frozen,Balanced,0.90434,0.00426
v1_frozen,Balanced,0.90470,0.00426
v1_frozen,Balanced,0.90505,0.00426
v1_frozen,Balanced,0.90540,0.00426
v1_frozen,Balanced,0.90575,0.00426
v1_frozen,Balanced,0.90610,0.00425
v1_frozen,Balanced,0.90645,0.00425
v1_frozen,Balanced,0.90680,0.00425
v1_frozen,Balanced,0.90715,0.00425
v1_frozen,Balanced,0.90750,0.00425
v1_frozen,Balanced,0.90785,0.00425
v1_frozen,Balanced,0.90820,0.00424
v1_frozen,Balanced,0.90855,0.00424
v1_frozen,Balanced,0.90890,0.00424
v1_frozen,Balanced,0.90925,0.00424
v1_frozen,Balanced,0.90960,0.00424
v1_frozen,Balanced,0.90995,0.00424
v1_frozen,Balanced,0.91030,0.00423
v1_frozen,Balanced,0.91065,0.00423
v1_frozen,Balanced,0.91100,0.00423
v1_frozen,Balanced,0.91135,0.00423
v1_frozen,Balanced,0.91170,0.00423
v1_frozen,Balanced,0.91205,0.00423
v1_frozen,Balanced,0.91240,0.00422
v1_frozen,Balanced,0.91275,0.00422
v1_frozen,Balanced,0.91310,0.00422
v1_frozen,Balanced,0.91345,0.00422
v1_frozen,Balanced,0.91381,0.00422
v1_frozen,Balanced,0.91416,0.00422
v1_frozen,Balanced,0.91451,0.00421
v1_frozen,Balanced,0.91486,0.00421
v1_frozen,Balanced,0.91521,0.00421
v1_frozen,Balanced,0.91556,0.00421
v1_frozen,Balanced,0.91591,0.00421
v1_frozen,Balanced,0.91626,0.00421
v1_frozen,Balanced,0.91661,0.00420
v1_frozen,Balanced,0.91696,0.00420
v1_frozen,Balanced,0.91731,0.00420
v1_frozen,Balanced,0.91766,0.00420
v1_frozen,Balanced,0.91801,0.00420
v1_frozen,Balanced,0.91836,0.00420
v1_frozen,Balanced,0.91871,0.00420
v1_frozen,Balanced,0.91906,0.00419
v1_frozen,Balanced,0.91941,0.00419
v1_frozen,Balanced,0.91976,0.00419
v1_frozen,Balanced,0.92011,0.00419
v1_frozen,Balanced,0.92046,0.00419
v1_frozen,Balanced,0.92081,0.00419
v1_frozen,Balanced,0.92116,0.00418
v1_frozen,Balanced,0.92151,0.00418
v1_frozen,Balanced,0.92186,0.00418
v1_frozen,Balanced,0.92221,0.00418
v1_frozen,Balanced,0.92256,0.00418
v1_frozen,Balanced,0.92292,0.00418
v1_frozen,Balanced,0.92327,0.00455
v1_frozen,Balanced,0.92362,0.00455
v1_frozen,Balanced,0.92397,0.00455
v1_frozen,Balanced,0.92432,0.00455
v1_frozen,Balanced,0.92467,0.00455
v1_frozen,Balanced,0.92502,0.00455
v1_frozen,Balanced,0.92537,0.00454
v1_frozen,Balanced,0.92572,0.00454
v1_frozen,Balanced,0.92607,0.00454
v1_frozen,Balanced,0.92642,0.00454
v1_frozen,Balanced,0.92677,0.00454
v1_frozen,Balanced,0.92712,0.00454
v1_frozen,Balanced,0.92747,0.00453
v1_frozen,Balanced,0.92782,0.00453
v1_frozen,Balanced,0.92817,0.00453
v1_frozen,Balanced,0.92852,0.00491
v1_frozen,Balanced,0.92887,0.00528
v1_frozen,Balanced,0.92922,0.00528
v1_frozen,Balanced,0.92957,0.00565
v1_frozen,Balanced,0.92992,0.00565
v1_frozen,Balanced,0.93027,0.00565
v1_frozen,Balanced,0.93062,0.00565
v1_frozen,Balanced,0.93097,0.00565
v1_frozen,Balanced,0.93132,0.00564
v1_frozen,Balanced,0.93167,0.00564
v1_frozen,Balanced,0.93203,0.00564
v1_frozen,Balanced,0.93238,0.00601
v1_frozen,Balanced,0.93273,0.00601
v1_frozen,Balanced,0.93308,0.00601
v1_frozen,Balanced,0.93343,0.00601
v1_frozen,Balanced,0.93378,0.00600
v1_frozen,Balanced,0.93413,0.00600
v1_frozen,Balanced,0.93448,0.00600
v1_frozen,Balanced,0.93483,0.00600
v1_frozen,Balanced,0.93518,0.00599
v1_frozen,Balanced,0.93553,0.00599
v1_frozen,Balanced,0.93588,0.00636
v1_frozen,Balanced,0.93623,0.00636
v1_frozen,Balanced,0.93658,0.00636
v1_frozen,Balanced,0.93693,0.00636
v1_frozen,Balanced,0.93728,0.00673
v1_frozen,Balanced,0.93763,0.00673
v1_frozen,Balanced,0.93798,0.00672
v1_frozen,Balanced,0.93833,0.00672
v1_frozen,Balanced,0.93868,0.00672
v1_frozen,Balanced,0.93903,0.00709
v1_frozen,Balanced,0.93938,0.00709
v1_frozen,Balanced,0.93973,0.00708
v1_frozen,Balanced,0.94008,0.00708
v1_frozen,Balanced,0.94043,0.00708
v1_frozen,Balanced,0.94078,0.00708
v1_frozen,Balanced,0.94114,0.00745
v1_frozen,Balanced,0.94149,0.00782
v1_frozen,Balanced,0.94184,0.00781
v1_frozen,Balanced,0.94219,0.00781
v1_frozen,Balanced,0.94254,0.00781
v1_frozen,Balanced,0.94289,0.00780
v1_frozen,Balanced,0.94324,0.00780
v1_frozen,Balanced,0.94359,0.00780
v1_frozen,Balanced,0.94394,0.00780
v1_frozen,Balanced,0.94429,0.00779
v1_frozen,Balanced,0.94464,0.00816
v1_frozen,Balanced,0.94499,0.00853
v1_frozen,Balanced,0.94534,0.00852
v1_frozen,Balanced,0.94569,0.00852
v1_frozen,Balanced,0.94604,0.00852
v1_frozen,Balanced,0.94639,0.00852
v1_frozen,Balanced,0.94674,0.00851
v1_frozen,Balanced,0.94709,0.00851
v1_frozen,Balanced,0.94744,0.00851
v1_frozen,Balanced,0.94779,0.00850
v1_frozen,Balanced,0.94814,0.00887
v1_frozen,Balanced,0.94849,0.00887
v1_frozen,Balanced,0.94884,0.00886
v1_frozen,Balanced,0.94919,0.00886
v1_frozen,Balanced,0.94954,0.00886
v1_frozen,Balanced,0.94989,0.00885
v1_frozen,Balanced,0.95025,0.00922
v1_frozen,Balanced,0.95060,0.00958
v1_frozen,Balanced,0.95095,0.00958
v1_frozen,Balanced,0.95130,0.00958
v1_frozen,Balanced,0.95165,0.00957
v1_frozen,Balanced,0.95200,0.00957
v1_frozen,Balanced,0.95235,0.00957
v1_frozen,Balanced,0.95270,0.00956
v1_frozen,Balanced,0.95305,0.00956
v1_frozen,Balanced,0.95340,0.00956
v1_frozen,Balanced,0.95375,0.00955
v1_frozen,Balanced,0.95410,0.00955
v1_frozen,Balanced,0.95445,0.00954
v1_frozen,Balanced,0.95480,0.00954
v1_frozen,Balanced,0.95515,0.00954
v1_frozen,Balanced,0.95550,0.00953
v1_frozen,Balanced,0.95585,0.00953
v1_frozen,Balanced,0.95620,0.00953
v1_frozen,Balanced,0.95655,0.00952
v1_frozen,Balanced,0.95690,0.00952
v1_frozen,Balanced,0.95725,0.00952
v1_frozen,Balanced,0.95760,0.00951
v1_frozen,Balanced,0.95795,0.00951
v1_frozen,Balanced,0.95830,0.00987
v1_frozen,Balanced,0.95865,0.01023
v1_frozen,Balanced,0.95900,0.01023
v1_frozen,Balanced,0.95936,0.01023
v1_frozen,Balanced,0.95971,0.01059
v1_frozen,Balanced,0.96006,0.01095
v1_frozen,Balanced,0.96041,0.01094
v1_frozen,Balanced,0.96076,0.01094
v1_frozen,Balanced,0.96111,0.01094
v1_frozen,Balanced,0.96146,0.01093
v1_frozen,Balanced,0.96181,0.01093
v1_frozen,Balanced,0.96216,0.01129
v1_frozen,Balanced,0.96251,0.01165
v1_frozen,Balanced,0.96286,0.01164
v1_frozen,Balanced,0.96321,0.01164
v1_frozen,Balanced,0.96356,0.01164
v1_frozen,Balanced,0.96391,0.01163
v1_frozen,Balanced,0.96426,0.01163
v1_frozen,Balanced,0.96461,0.01162
v1_frozen,Balanced,0.96496,0.01162
v1_frozen,Balanced,0.96531,0.01162
v1_frozen,Balanced,0.96566,0.01161
v1_frozen,Balanced,0.96601,0.01161
v1_frozen,Balanced,0.96636,0.01160
v1_frozen,Balanced,0.96671,0.01196
v1_frozen,Balanced,0.96706,0.01196
v1_frozen,Balanced,0.96741,0.01231
v1_frozen,Balanced,0.96776,0.01231
v1_frozen,Balanced,0.96811,0.01231
v1_frozen,Balanced,0.96847,0.01230
v1_frozen,Balanced,0.96882,0.01230
v1_frozen,Balanced,0.96917,0.01229
v1_frozen,Balanced,0.96952,0.01229
v1_frozen,Balanced,0.96987,0.01228
v1_frozen,Balanced,0.97022,0.01264
v1_frozen,Balanced,0.97057,0.01264
v1_frozen,Balanced,0.97092,0.01299
v1_frozen,Balanced,0.97127,0.01335
v1_frozen,Balanced,0.97162,0.01370
v1_frozen,Balanced,0.97197,0.01370
v1_frozen,Balanced,0.97232,0.01405
v1_frozen,Balanced,0.97267,0.01405
v1_frozen,Balanced,0.97302,0.01404
v1_frozen,Balanced,0.97337,0.01404
v1_frozen,Balanced,0.97372,0.01403
v1_frozen,Balanced,0.97407,0.01403
v1_frozen,Balanced,0.97442,0.01402
v1_frozen,Balanced,0.97477,0.01402
v1_frozen,Balanced,0.97512,0.01401
v1_frozen,Balanced,0.97547,0.01401
v1_frozen,Balanced,0.97582,0.01400
v1_frozen,Balanced,0.97617,0.01400
v1_frozen,Balanced,0.97652,0.01399
v1_frozen,Balanced,0.97687,0.01435
v1_frozen,Balanced,0.97722,0.01470
v1_frozen,Balanced,0.97758,0.01505
v1_frozen,Balanced,0.97793,0.01541
v1_frozen,Balanced,0.97828,0.01540
v1_frozen,Balanced,0.97863,0.01540
v1_frozen,Balanced,0.97898,0.01539
v1_frozen,Balanced,0.97933,0.01538
v1_frozen,Balanced,0.97968,0.01574
v1_frozen,Balanced,0.98003,0.01609
v1_frozen,Balanced,0.98038,0.01608
v1_frozen,Balanced,0.98073,0.01643
v1_frozen,Balanced,0.98108,0.01643
v1_frozen,Balanced,0.98143,0.01678
v1_frozen,Balanced,0.98178,0.01677
v1_frozen,Balanced,0.98213,0.01712
v1_frozen,Balanced,0.98248,0.01712
v1_frozen,Balanced,0.98283,0.01711
v1_frozen,Balanced,0.98318,0.01711
v1_frozen,Balanced,0.98353,0.01710
v1_frozen,Balanced,0.98388,0.01745
v1_frozen,Balanced,0.98423,0.01744
v1_frozen,Balanced,0.98458,0.01779
v1_frozen,Balanced,0.98493,0.01779
v1_frozen,Balanced,0.98528,0.01814
v1_frozen,Balanced,0.98563,0.01849
v1_frozen,Balanced,0.98598,0.01848
v1_frozen,Balanced,0.98633,0.01883
v1_frozen,Balanced,0.98669,0.01882
v1_frozen,Balanced,0.98704,0.01881
v1_frozen,Balanced,0.98739,0.01881
v1_frozen,Balanced,0.98774,0.01880
v1_frozen,Balanced,0.98809,0.01879
v1_frozen,Balanced,0.98844,0.01879
v1_frozen,Balanced,0.98879,0.01878
v1_frozen,Balanced,0.98914,0.01913
v1_frozen,Balanced,0.98949,0.01912
v1_frozen,Balanced,0.98984,0.01912
v1_frozen,Balanced,0.99019,0.01946
v1_frozen,Balanced,0.99054,0.01981
v1_frozen,Balanced,0.99089,0.01980
v1_frozen,Balanced,0.99124,0.01979
v1_frozen,Balanced,0.99159,0.01979
v1_frozen,Balanced,0.99194,0.02013
v1_frozen,Balanced,0.99229,0.02013
v1_frozen,Balanced,0.99264,0.02012
v1_frozen,Balanced,0.99299,0.02011
v1_frozen,Balanced,0.99334,0.02011
v1_frozen,Balanced,0.99369,0.02045
v1_frozen,Balanced,0.99404,0.02044
v1_frozen,Balanced,0.99439,0.02044
v1_frozen,Balanced,0.99474,0.02043
v1_frozen,Balanced,0.99509,0.02077
v1_frozen,Balanced,0.99544,0.02077
v1_frozen,Balanced,0.99580,0.02076
v1_frozen,Balanced,0.99615,0.02110
v1_frozen,Balanced,0.99650,0.02145
v1_frozen,Balanced,0.99685,0.02144
v1_frozen,Balanced,0.99720,0.02143
v1_frozen,Balanced,0.99755,0.02178
v1_frozen,Balanced,0.99790,0.02212
v1_frozen,Balanced,0.99825,0.02246
v1_frozen,Balanced,0.99860,0.02281
v1_frozen,Balanced,0.99895,0.02280
v1_frozen,Balanced,0.99930,0.02314
v1_frozen,Balanced,0.99965,0.02348
v1_frozen,Balanced,1.00000,0.02383
v1_frozen,Max,0.00035,0.00000
v1_frozen,Max,0.00070,0.00000
v1_frozen,Max,0.00105,0.00000
v1_frozen,Max,0.00140,0.00000
v1_frozen,Max,0.00175,0.00000
v1_frozen,Max,0.00210,0.00000
v1_frozen,Max,0.00245,0.00000
v1_frozen,Max,0.00280,0.00000
v1_frozen,Max,0.00315,0.00000
v1_frozen,Max,0.00350,0.00000
v1_frozen,Max,0.00385,0.00000
v1_frozen,Max,0.00420,0.00000
v1_frozen,Max,0.00456,0.00000
v1_frozen,Max,0.00491,0.00000
v1_frozen,Max,0.00526,0.00000
v1_frozen,Max,0.00561,0.00000
v1_frozen,Max,0.00596,0.00000
v1_frozen,Max,0.00631,0.00000
v1_frozen,Max,0.00666,0.00000
v1_frozen,Max,0.00701,0.00000
v1_frozen,Max,0.00736,0.00000
v1_frozen,Max,0.00771,0.00000
v1_frozen,Max,0.00806,0.00000
v1_frozen,Max,0.00841,0.00000
v1_frozen,Max,0.00876,0.00000
v1_frozen,Max,0.00911,0.00000
v1_frozen,Max,0.00946,0.00000
v1_frozen,Max,0.00981,0.00000
v1_frozen,Max,0.01016,0.00000
v1_frozen,Max,0.01051,0.00000
v1_frozen,Max,0.01086,0.00000
v1_frozen,Max,0.01121,0.00000
v1_frozen,Max,0.01156,0.00000
v1_frozen,Max,0.01191,0.00000
v1_frozen,Max,0.01226,0.00000
v1_frozen,Max,0.01261,0.00000
v1_frozen,Max,0.01296,0.00000
v1_frozen,Max,0.01331,0.00000
v1_frozen,Max,0.01367,0.00000
v1_frozen,Max,0.01402,0.00000
v1_frozen,Max,0.01437,0.00000
v1_frozen,Max,0.01472,0.00000
v1_frozen,Max,0.01507,0.00000
v1_frozen,Max,0.01542,0.00000
v1_frozen,Max,0.01577,0.00000
v1_frozen,Max,0.01612,0.00000
v1_frozen,Max,0.01647,0.00000
v1_frozen,Max,0.01682,0.00000
v1_frozen,Max,0.01717,0.00000
v1_frozen,Max,0.01752,0.00000
v1_frozen,Max,0.01787,0.00000
v1_frozen,Max,0.01822,0.00000
v1_frozen,Max,0.01857,0.00000
v1_frozen,Max,0.01892,0.00000
v1_frozen,Max,0.01927,0.00000
v1_frozen,Max,0.01962,0.00000
v1_frozen,Max,0.01997,0.00000
v1_frozen,Max,0.02032,0.00000
v1_frozen,Max,0.02067,0.00000
v1_frozen,Max,0.02102,0.00000
v1_frozen,Max,0.02137,0.00000
v1_frozen,Max,0.02172,0.00000
v1_frozen,Max,0.02207,0.00000
v1_frozen,Max,0.02242,0.00000
v1_frozen,Max,0.02278,0.00000
v1_frozen,Max,0.02313,0.00000
v1_frozen,Max,0.02348,0.00000
v1_frozen,Max,0.02383,0.00000
v1_frozen,Max,0.02418,0.00000
v1_frozen,Max,0.02453,0.00000
v1_frozen,Max,0.02488,0.00000
v1_frozen,Max,0.02523,0.00000
v1_frozen,Max,0.02558,0.00000
v1_frozen,Max,0.02593,0.00000
v1_frozen,Max,0.02628,0.00000
v1_frozen,Max,0.02663,0.00000
v1_frozen,Max,0.02698,0.00000
v1_frozen,Max,0.02733,0.00000
v1_frozen,Max,0.02768,0.00000
v1_frozen,Max,0.02803,0.00000
v1_frozen,Max,0.02838,0.00000
v1_frozen,Max,0.02873,0.00000
v1_frozen,Max,0.02908,0.00000
v1_frozen,Max,0.02943,0.00000
v1_frozen,Max,0.02978,0.00000
v1_frozen,Max,0.03013,0.00000
v1_frozen,Max,0.03048,0.00000
v1_frozen,Max,0.03083,0.00000
v1_frozen,Max,0.03118,0.00000
v1_frozen,Max,0.03153,0.00000
v1_frozen,Max,0.03189,0.00000
v1_frozen,Max,0.03224,0.00000
v1_frozen,Max,0.03259,0.00000
v1_frozen,Max,0.03294,0.00000
v1_frozen,Max,0.03329,0.00000
v1_frozen,Max,0.03364,0.00000
v1_frozen,Max,0.03399,0.00000
v1_frozen,Max,0.03434,0.00000
v1_frozen,Max,0.03469,0.00000
v1_frozen,Max,0.03504,0.00000
v1_frozen,Max,0.03539,0.00000
v1_frozen,Max,0.03574,0.00000
v1_frozen,Max,0.03609,0.00000
v1_frozen,Max,0.03644,0.00000
v1_frozen,Max,0.03679,0.00000
v1_frozen,Max,0.03714,0.00000
v1_frozen,Max,0.03749,0.00000
v1_frozen,Max,0.03784,0.00000
v1_frozen,Max,0.03819,0.00000
v1_frozen,Max,0.03854,0.00000
v1_frozen,Max,0.03889,0.00000
v1_frozen,Max,0.03924,0.00000
v1_frozen,Max,0.03959,0.00000
v1_frozen,Max,0.03994,0.00000
v1_frozen,Max,0.04029,0.00000
v1_frozen,Max,0.04064,0.00000
v1_frozen,Max,0.04100,0.00000
v1_frozen,Max,0.04135,0.00000
v1_frozen,Max,0.04170,0.00000
v1_frozen,Max,0.04205,0.00000
v1_frozen,Max,0.04240,0.00000
v1_frozen,Max,0.04275,0.00000
v1_frozen,Max,0.04310,0.00000
v1_frozen,Max,0.04345,0.00000
v1_frozen,Max,0.04380,0.00000
v1_frozen,Max,0.04415,0.00000
v1_frozen,Max,0.04450,0.00000
v1_frozen,Max,0.04485,0.00000
v1_frozen,Max,0.04520,0.00000
v1_frozen,Max,0.04555,0.00000
v1_frozen,Max,0.04590,0.00000
v1_frozen,Max,0.04625,0.00000
v1_frozen,Max,0.04660,0.00000
v1_frozen,Max,0.04695,0.00000
v1_frozen,Max,0.04730,0.00000
v1_frozen,Max,0.04765,0.00000
v1_frozen,Max,0.04800,0.00000
v1_frozen,Max,0.04835,0.00000
v1_frozen,Max,0.04870,0.00000
v1_frozen,Max,0.04905,0.00000
v1_frozen,Max,0.04940,0.00000
v1_frozen,Max,0.04975,0.00000
v1_frozen,Max,0.05011,0.00000
v1_frozen,Max,0.05046,0.00000
v1_frozen,Max,0.05081,0.00000
v1_frozen,Max,0.05116,0.00000
v1_frozen,Max,0.05151,0.00000
v1_frozen,Max,0.05186,0.00000
v1_frozen,Max,0.05221,0.00000
v1_frozen,Max,0.05256,0.00000
v1_frozen,Max,0.05291,0.00000
v1_frozen,Max,0.05326,0.00000
v1_frozen,Max,0.05361,0.00000
v1_frozen,Max,0.05396,0.00000
v1_frozen,Max,0.05431,0.00000
v1_frozen,Max,0.05466,0.00000
v1_frozen,Max,0.05501,0.00000
v1_frozen,Max,0.05536,0.00000
v1_frozen,Max,0.05571,0.00000
v1_frozen,Max,0.05606,0.00000
v1_frozen,Max,0.05641,0.00000
v1_frozen,Max,0.05676,0.00000
v1_frozen,Max,0.05711,0.00000
v1_frozen,Max,0.05746,0.00000
v1_frozen,Max,0.05781,0.00000
v1_frozen,Max,0.05816,0.00000
v1_frozen,Max,0.05851,0.00000
v1_frozen,Max,0.05886,0.00000
v1_frozen,Max,0.05922,0.00000
v1_frozen,Max,0.05957,0.00000
v1_frozen,Max,0.05992,0.00000
v1_frozen,Max,0.06027,0.00000
v1_frozen,Max,0.06062,0.00000
v1_frozen,Max,0.06097,0.00000
v1_frozen,Max,0.06132,0.00000
v1_frozen,Max,0.06167,0.00000
v1_frozen,Max,0.06202,0.00000
v1_frozen,Max,0.06237,0.00000
v1_frozen,Max,0.06272,0.00000
v1_frozen,Max,0.06307,0.00000
v1_frozen,Max,0.06342,0.00000
v1_frozen,Max,0.06377,0.00000
v1_frozen,Max,0.06412,0.00000
v1_frozen,Max,0.06447,0.00000
v1_frozen,Max,0.06482,0.00000
v1_frozen,Max,0.06517,0.00000
v1_frozen,Max,0.06552,0.00000
v1_frozen,Max,0.06587,0.00000
v1_frozen,Max,0.06622,0.00000
v1_frozen,Max,0.06657,0.00000
v1_frozen,Max,0.06692,0.00000
v1_frozen,Max,0.06727,0.00000
v1_frozen,Max,0.06762,0.00000
v1_frozen,Max,0.06797,0.00000
v1_frozen,Max,0.06833,0.00000
v1_frozen,Max,0.06868,0.00000
v1_frozen,Max,0.06903,0.00000
v1_frozen,Max,0.06938,0.00000
v1_frozen,Max,0.06973,0.00000
v1_frozen,Max,0.07008,0.00000
v1_frozen,Max,0.07043,0.00000
v1_frozen,Max,0.07078,0.00000
v1_frozen,Max,0.07113,0.00000
v1_frozen,Max,0.07148,0.00000
v1_frozen,Max,0.07183,0.00000
v1_frozen,Max,0.07218,0.00000
v1_frozen,Max,0.07253,0.00000
v1_frozen,Max,0.07288,0.00000
v1_frozen,Max,0.07323,0.00000
v1_frozen,Max,0.07358,0.00000
v1_frozen,Max,0.07393,0.00000
v1_frozen,Max,0.07428,0.00000
v1_frozen,Max,0.07463,0.00000
v1_frozen,Max,0.07498,0.00000
v1_frozen,Max,0.07533,0.00000
v1_frozen,Max,0.07568,0.00000
v1_frozen,Max,0.07603,0.00000
v1_frozen,Max,0.07638,0.00000
v1_frozen,Max,0.07673,0.00000
v1_frozen,Max,0.07708,0.00000
v1_frozen,Max,0.07744,0.00000
v1_frozen,Max,0.07779,0.00000
v1_frozen,Max,0.07814,0.00000
v1_frozen,Max,0.07849,0.00000
v1_frozen,Max,0.07884,0.00000
v1_frozen,Max,0.07919,0.00000
v1_frozen,Max,0.07954,0.00000
v1_frozen,Max,0.07989,0.00000
v1_frozen,Max,0.08024,0.00000
v1_frozen,Max,0.08059,0.00000
v1_frozen,Max,0.08094,0.00000
v1_frozen,Max,0.08129,0.00000
v1_frozen,Max,0.08164,0.00000
v1_frozen,Max,0.08199,0.00000
v1_frozen,Max,0.08234,0.00000
v1_frozen,Max,0.08269,0.00000
v1_frozen,Max,0.08304,0.00000
v1_frozen,Max,0.08339,0.00000
v1_frozen,Max,0.08374,0.00000
v1_frozen,Max,0.08409,0.00000
v1_frozen,Max,0.08444,0.00000
v1_frozen,Max,0.08479,0.00000
v1_frozen,Max,0.08514,0.00000
v1_frozen,Max,0.08549,0.00000
v1_frozen,Max,0.08584,0.00000
v1_frozen,Max,0.08619,0.00000
v1_frozen,Max,0.08655,0.00000
v1_frozen,Max,0.08690,0.00000
v1_frozen,Max,0.08725,0.00000
v1_frozen,Max,0.08760,0.00000
v1_frozen,Max,0.08795,0.00000
v1_frozen,Max,0.08830,0.00000
v1_frozen,Max,0.08865,0.00000
v1_frozen,Max,0.08900,0.00000
v1_frozen,Max,0.08935,0.00000
v1_frozen,Max,0.08970,0.00000
v1_frozen,Max,0.09005,0.00000
v1_frozen,Max,0.09040,0.00000
v1_frozen,Max,0.09075,0.00000
v1_frozen,Max,0.09110,0.00000
v1_frozen,Max,0.09145,0.00000
v1_frozen,Max,0.09180,0.00000
v1_frozen,Max,0.09215,0.00000
v1_frozen,Max,0.09250,0.00000
v1_frozen,Max,0.09285,0.00000
v1_frozen,Max,0.09320,0.00000
v1_frozen,Max,0.09355,0.00000
v1_frozen,Max,0.09390,0.00000
v1_frozen,Max,0.09425,0.00000
v1_frozen,Max,0.09460,0.00000
v1_frozen,Max,0.09495,0.00000
v1_frozen,Max,0.09530,0.00000
v1_frozen,Max,0.09566,0.00000
v1_frozen,Max,0.09601,0.00000
v1_frozen,Max,0.09636,0.00000
v1_frozen,Max,0.09671,0.00000
v1_frozen,Max,0.09706,0.00000
v1_frozen,Max,0.09741,0.00000
v1_frozen,Max,0.09776,0.00000
v1_frozen,Max,0.09811,0.00000
v1_frozen,Max,0.09846,0.00000
v1_frozen,Max,0.09881,0.00000
v1_frozen,Max,0.09916,0.00000
v1_frozen,Max,0.09951,0.00000
v1_frozen,Max,0.09986,0.00000
v1_frozen,Max,0.10021,0.00000
v1_frozen,Max,0.10056,0.00000
v1_frozen,Max,0.10091,0.00000
v1_frozen,Max,0.10126,0.00000
v1_frozen,Max,0.10161,0.00000
v1_frozen,Max,0.10196,0.00000
v1_frozen,Max,0.10231,0.00000
v1_frozen,Max,0.10266,0.00000
v1_frozen,Max,0.10301,0.00000
v1_frozen,Max,0.10336,0.00000
v1_frozen,Max,0.10371,0.00000
v1_frozen,Max,0.10406,0.00000
v1_frozen,Max,0.10441,0.00000
v1_frozen,Max,0.10477,0.00000
v1_frozen,Max,0.10512,0.00000
v1_frozen,Max,0.10547,0.00000
v1_frozen,Max,0.10582,0.00000
v1_frozen,Max,0.10617,0.00000
v1_frozen,Max,0.10652,0.00000
v1_frozen,Max,0.10687,0.00000
v1_frozen,Max,0.10722,0.00000
v1_frozen,Max,0.10757,0.00000
v1_frozen,Max,0.10792,0.00000
v1_frozen,Max,0.10827,0.00000
v1_frozen,Max,0.10862,0.00000
v1_frozen,Max,0.10897,0.00000
v1_frozen,Max,0.10932,0.00000
v1_frozen,Max,0.10967,0.00000
v1_frozen,Max,0.11002,0.00000
v1_frozen,Max,0.11037,0.00000
v1_frozen,Max,0.11072,0.00000
v1_frozen,Max,0.11107,0.00000
v1_frozen,Max,0.11142,0.00000
v1_frozen,Max,0.11177,0.00000
v1_frozen,Max,0.11212,0.00000
v1_frozen,Max,0.11247,0.00000
v1_frozen,Max,0.11282,0.00000
v1_frozen,Max,0.11317,0.00000
v1_frozen,Max,0.11352,0.00000
v1_frozen,Max,0.11388,0.00000
v1_frozen,Max,0.11423,0.00000
v1_frozen,Max,0.11458,0.00000
v1_frozen,Max,0.11493,0.00000
v1_frozen,Max,0.11528,0.00000
v1_frozen,Max,0.11563,0.00000
v1_frozen,Max,0.11598,0.00000
v1_frozen,Max,0.11633,0.00000
v1_frozen,Max,0.11668,0.00000
v1_frozen,Max,0.11703,0.00000
v1_frozen,Max,0.11738,0.00000
v1_frozen,Max,0.11773,0.00000
v1_frozen,Max,0.11808,0.00000
v1_frozen,Max,0.11843,0.00000
v1_frozen,Max,0.11878,0.00000
v1_frozen,Max,0.11913,0.00000
v1_frozen,Max,0.11948,0.00000
v1_frozen,Max,0.11983,0.00000
v1_frozen,Max,0.12018,0.00000
v1_frozen,Max,0.12053,0.00000
v1_frozen,Max,0.12088,0.00000
v1_frozen,Max,0.12123,0.00000
v1_frozen,Max,0.12158,0.00000
v1_frozen,Max,0.12193,0.00000
v1_frozen,Max,0.12228,0.00000
v1_frozen,Max,0.12263,0.00000
v1_frozen,Max,0.12299,0.00000
v1_frozen,Max,0.12334,0.00000
v1_frozen,Max,0.12369,0.00000
v1_frozen,Max,0.12404,0.00000
v1_frozen,Max,0.12439,0.00000
v1_frozen,Max,0.12474,0.00000
v1_frozen,Max,0.12509,0.00000
v1_frozen,Max,0.12544,0.00000
v1_frozen,Max,0.12579,0.00000
v1_frozen,Max,0.12614,0.00000
v1_frozen,Max,0.12649,0.00000
v1_frozen,Max,0.12684,0.00000
v1_frozen,Max,0.12719,0.00000
v1_frozen,Max,0.12754,0.00000
v1_frozen,Max,0.12789,0.00000
v1_frozen,Max,0.12824,0.00000
v1_frozen,Max,0.12859,0.00000
v1_frozen,Max,0.12894,0.00000
v1_frozen,Max,0.12929,0.00000
v1_frozen,Max,0.12964,0.00000
v1_frozen,Max,0.12999,0.00000
v1_frozen,Max,0.13034,0.00000
v1_frozen,Max,0.13069,0.00000
v1_frozen,Max,0.13104,0.00000
v1_frozen,Max,0.13139,0.00000
v1_frozen,Max,0.13174,0.00000
v1_frozen,Max,0.13210,0.00000
v1_frozen,Max,0.13245,0.00000
v1_frozen,Max,0.13280,0.00000
v1_frozen,Max,0.13315,0.00000
v1_frozen,Max,0.13350,0.00000
v1_frozen,Max,0.13385,0.00000
v1_frozen,Max,0.13420,0.00000
v1_frozen,Max,0.13455,0.00000
v1_frozen,Max,0.13490,0.00000
v1_frozen,Max,0.13525,0.00000
v1_frozen,Max,0.13560,0.00000
v1_frozen,Max,0.13595,0.00000
v1_frozen,Max,0.13630,0.00000
v1_frozen,Max,0.13665,0.00000
v1_frozen,Max,0.13700,0.00000
v1_frozen,Max,0.13735,0.00000
v1_frozen,Max,0.13770,0.00000
v1_frozen,Max,0.13805,0.00000
v1_frozen,Max,0.13840,0.00000
v1_frozen,Max,0.13875,0.00000
v1_frozen,Max,0.13910,0.00000
v1_frozen,Max,0.13945,0.00000
v1_frozen,Max,0.13980,0.00000
v1_frozen,Max,0.14015,0.00000
v1_frozen,Max,0.14050,0.00000
v1_frozen,Max,0.14085,0.00000
v1_frozen,Max,0.14121,0.00000
v1_frozen,Max,0.14156,0.00000
v1_frozen,Max,0.14191,0.00000
v1_frozen,Max,0.14226,0.00000
v1_frozen,Max,0.14261,0.00000
v1_frozen,Max,0.14296,0.00000
v1_frozen,Max,0.14331,0.00000
v1_frozen,Max,0.14366,0.00000
v1_frozen,Max,0.14401,0.00000
v1_frozen,Max,0.14436,0.00000
v1_frozen,Max,0.14471,0.00000
v1_frozen,Max,0.14506,0.00000
v1_frozen,Max,0.14541,0.00000
v1_frozen,Max,0.14576,0.00000
v1_frozen,Max,0.14611,0.00000
v1_frozen,Max,0.14646,0.00000
v1_frozen,Max,0.14681,0.00000
v1_frozen,Max,0.14716,0.00000
v1_frozen,Max,0.14751,0.00000
v1_frozen,Max,0.14786,0.00000
v1_frozen,Max,0.14821,0.00000
v1_frozen,Max,0.14856,0.00000
v1_frozen,Max,0.14891,0.00000
v1_frozen,Max,0.14926,0.00000
v1_frozen,Max,0.14961,0.00000
v1_frozen,Max,0.14996,0.00000
v1_frozen,Max,0.15032,0.00000
v1_frozen,Max,0.15067,0.00000
v1_frozen,Max,0.15102,0.00000
v1_frozen,Max,0.15137,0.00000
v1_frozen,Max,0.15172,0.00000
v1_frozen,Max,0.15207,0.00000
v1_frozen,Max,0.15242,0.00000
v1_frozen,Max,0.15277,0.00000
v1_frozen,Max,0.15312,0.00000
v1_frozen,Max,0.15347,0.00000
v1_frozen,Max,0.15382,0.00000
v1_frozen,Max,0.15417,0.00000
v1_frozen,Max,0.15452,0.00000
v1_frozen,Max,0.15487,0.00000
v1_frozen,Max,0.15522,0.00000
v1_frozen,Max,0.15557,0.00000
v1_frozen,Max,0.15592,0.00000
v1_frozen,Max,0.15627,0.00000
v1_frozen,Max,0.15662,0.00000
v1_frozen,Max,0.15697,0.00000
v1_frozen,Max,0.15732,0.00000
v1_frozen,Max,0.15767,0.00000
v1_frozen,Max,0.15802,0.00000
v1_frozen,Max,0.15837,0.00000
v1_frozen,Max,0.15872,0.00000
v1_frozen,Max,0.15907,0.00000
v1_frozen,Max,0.15943,0.00000
v1_frozen,Max,0.15978,0.00000
v1_frozen,Max,0.16013,0.00000
v1_frozen,Max,0.16048,0.00000
v1_frozen,Max,0.16083,0.00000
v1_frozen,Max,0.16118,0.00000
v1_frozen,Max,0.16153,0.00000
v1_frozen,Max,0.16188,0.00000
v1_frozen,Max,0.16223,0.00000
v1_frozen,Max,0.16258,0.00000
v1_frozen,Max,0.16293,0.00000
v1_frozen,Max,0.16328,0.00000
v1_frozen,Max,0.16363,0.00000
v1_frozen,Max,0.16398,0.00000
v1_frozen,Max,0.16433,0.00000
v1_frozen,Max,0.16468,0.00000
v1_frozen,Max,0.16503,0.00000
v1_frozen,Max,0.16538,0.00000
v1_frozen,Max,0.16573,0.00000
v1_frozen,Max,0.16608,0.00000
v1_frozen,Max,0.16643,0.00000
v1_frozen,Max,0.16678,0.00000
v1_frozen,Max,0.16713,0.00000
v1_frozen,Max,0.16748,0.00000
v1_frozen,Max,0.16783,0.00000
v1_frozen,Max,0.16819,0.00000
v1_frozen,Max,0.16854,0.00000
v1_frozen,Max,0.16889,0.00000
v1_frozen,Max,0.16924,0.00000
v1_frozen,Max,0.16959,0.00000
v1_frozen,Max,0.16994,0.00000
v1_frozen,Max,0.17029,0.00000
v1_frozen,Max,0.17064,0.00000
v1_frozen,Max,0.17099,0.00000
v1_frozen,Max,0.17134,0.00000
v1_frozen,Max,0.17169,0.00000
v1_frozen,Max,0.17204,0.00000
v1_frozen,Max,0.17239,0.00000
v1_frozen,Max,0.17274,0.00000
v1_frozen,Max,0.17309,0.00000
v1_frozen,Max,0.17344,0.00000
v1_frozen,Max,0.17379,0.00000
v1_frozen,Max,0.17414,0.00000
v1_frozen,Max,0.17449,0.00000
v1_frozen,Max,0.17484,0.00000
v1_frozen,Max,0.17519,0.00000
v1_frozen,Max,0.17554,0.00000
v1_frozen,Max,0.17589,0.00000
v1_frozen,Max,0.17624,0.00000
v1_frozen,Max,0.17659,0.00000
v1_frozen,Max,0.17694,0.00000
v1_frozen,Max,0.17730,0.00000
v1_frozen,Max,0.17765,0.00000
v1_frozen,Max,0.17800,0.00000
v1_frozen,Max,0.17835,0.00000
v1_frozen,Max,0.17870,0.00000
v1_frozen,Max,0.17905,0.00000
v1_frozen,Max,0.17940,0.00000
v1_frozen,Max,0.17975,0.00000
v1_frozen,Max,0.18010,0.00000
v1_frozen,Max,0.18045,0.00000
v1_frozen,Max,0.18080,0.00000
v1_frozen,Max,0.18115,0.00000
v1_frozen,Max,0.18150,0.00000
v1_frozen,Max,0.18185,0.00000
v1_frozen,Max,0.18220,0.00000
v1_frozen,Max,0.18255,0.00000
v1_frozen,Max,0.18290,0.00000
v1_frozen,Max,0.18325,0.00000
v1_frozen,Max,0.18360,0.00000
v1_frozen,Max,0.18395,0.00000
v1_frozen,Max,0.18430,0.00000
v1_frozen,Max,0.18465,0.00000
v1_frozen,Max,0.18500,0.00000
v1_frozen,Max,0.18535,0.00000
v1_frozen,Max,0.18570,0.00000
v1_frozen,Max,0.18605,0.00000
v1_frozen,Max,0.18641,0.00000
v1_frozen,Max,0.18676,0.00000
v1_frozen,Max,0.18711,0.00000
v1_frozen,Max,0.18746,0.00000
v1_frozen,Max,0.18781,0.00000
v1_frozen,Max,0.18816,0.00000
v1_frozen,Max,0.18851,0.00000
v1_frozen,Max,0.18886,0.00000
v1_frozen,Max,0.18921,0.00000
v1_frozen,Max,0.18956,0.00000
v1_frozen,Max,0.18991,0.00000
v1_frozen,Max,0.19026,0.00000
v1_frozen,Max,0.19061,0.00000
v1_frozen,Max,0.19096,0.00000
v1_frozen,Max,0.19131,0.00000
v1_frozen,Max,0.19166,0.00000
v1_frozen,Max,0.19201,0.00000
v1_frozen,Max,0.19236,0.00000
v1_frozen,Max,0.19271,0.00000
v1_frozen,Max,0.19306,0.00000
v1_frozen,Max,0.19341,0.00000
v1_frozen,Max,0.19376,0.00000
v1_frozen,Max,0.19411,0.00000
v1_frozen,Max,0.19446,0.00000
v1_frozen,Max,0.19481,0.00000
v1_frozen,Max,0.19516,0.00000
v1_frozen,Max,0.19552,0.00000
v1_frozen,Max,0.19587,0.00000
v1_frozen,Max,0.19622,0.00000
v1_frozen,Max,0.19657,0.00000
v1_frozen,Max,0.19692,0.00000
v1_frozen,Max,0.19727,0.00000
v1_frozen,Max,0.19762,0.00000
v1_frozen,Max,0.19797,0.00000
v1_frozen,Max,0.19832,0.00000
v1_frozen,Max,0.19867,0.00000
v1_frozen,Max,0.19902,0.00000
v1_frozen,Max,0.19937,0.00000
v1_frozen,Max,0.19972,0.00000
v1_frozen,Max,0.20007,0.00000
v1_frozen,Max,0.20042,0.00000
v1_frozen,Max,0.20077,0.00000
v1_frozen,Max,0.20112,0.00000
v1_frozen,Max,0.20147,0.00000
v1_frozen,Max,0.20182,0.00000
v1_frozen,Max,0.20217,0.00000
v1_frozen,Max,0.20252,0.00000
v1_frozen,Max,0.20287,0.00000
v1_frozen,Max,0.20322,0.00000
v1_frozen,Max,0.20357,0.00000
v1_frozen,Max,0.20392,0.00000
v1_frozen,Max,0.20427,0.00000
v1_frozen,Max,0.20463,0.00000
v1_frozen,Max,0.20498,0.00000
v1_frozen,Max,0.20533,0.00000
v1_frozen,Max,0.20568,0.00000
v1_frozen,Max,0.20603,0.00000
v1_frozen,Max,0.20638,0.00000
v1_frozen,Max,0.20673,0.00000
v1_frozen,Max,0.20708,0.00000
v1_frozen,Max,0.20743,0.00000
v1_frozen,Max,0.20778,0.00000
v1_frozen,Max,0.20813,0.00000
v1_frozen,Max,0.20848,0.00000
v1_frozen,Max,0.20883,0.00000
v1_frozen,Max,0.20918,0.00000
v1_frozen,Max,0.20953,0.00000
v1_frozen,Max,0.20988,0.00000
v1_frozen,Max,0.21023,0.00000
v1_frozen,Max,0.21058,0.00000
v1_frozen,Max,0.21093,0.00000
v1_frozen,Max,0.21128,0.00000
v1_frozen,Max,0.21163,0.00000
v1_frozen,Max,0.21198,0.00000
v1_frozen,Max,0.21233,0.00000
v1_frozen,Max,0.21268,0.00000
v1_frozen,Max,0.21303,0.00000
v1_frozen,Max,0.21338,0.00000
v1_frozen,Max,0.21374,0.00000
v1_frozen,Max,0.21409,0.00000
v1_frozen,Max,0.21444,0.00000
v1_frozen,Max,0.21479,0.00000
v1_frozen,Max,0.21514,0.00000
v1_frozen,Max,0.21549,0.00000
v1_frozen,Max,0.21584,0.00000
v1_frozen,Max,0.21619,0.00000
v1_frozen,Max,0.21654,0.00000
v1_frozen,Max,0.21689,0.00000
v1_frozen,Max,0.21724,0.00000
v1_frozen,Max,0.21759,0.00000
v1_frozen,Max,0.21794,0.00000
v1_frozen,Max,0.21829,0.00000
v1_frozen,Max,0.21864,0.00000
v1_frozen,Max,0.21899,0.00000
v1_frozen,Max,0.21934,0.00000
v1_frozen,Max,0.21969,0.00000
v1_frozen,Max,0.22004,0.00000
v1_frozen,Max,0.22039,0.00000
v1_frozen,Max,0.22074,0.00000
v1_frozen,Max,0.22109,0.00000
v1_frozen,Max,0.22144,0.00000
v1_frozen,Max,0.22179,0.00000
v1_frozen,Max,0.22214,0.00000
v1_frozen,Max,0.22249,0.00000
v1_frozen,Max,0.22285,0.00000
v1_frozen,Max,0.22320,0.00000
v1_frozen,Max,0.22355,0.00000
v1_frozen,Max,0.22390,0.00000
v1_frozen,Max,0.22425,0.00000
v1_frozen,Max,0.22460,0.00000
v1_frozen,Max,0.22495,0.00000
v1_frozen,Max,0.22530,0.00000
v1_frozen,Max,0.22565,0.00000
v1_frozen,Max,0.22600,0.00000
v1_frozen,Max,0.22635,0.00000
v1_frozen,Max,0.22670,0.00000
v1_frozen,Max,0.22705,0.00000
v1_frozen,Max,0.22740,0.00000
v1_frozen,Max,0.22775,0.00000
v1_frozen,Max,0.22810,0.00000
v1_frozen,Max,0.22845,0.00000
v1_frozen,Max,0.22880,0.00000
v1_frozen,Max,0.22915,0.00000
v1_frozen,Max,0.22950,0.00000
v1_frozen,Max,0.22985,0.00000
v1_frozen,Max,0.23020,0.00000
v1_frozen,Max,0.23055,0.00000
v1_frozen,Max,0.23090,0.00000
v1_frozen,Max,0.23125,0.00000
v1_frozen,Max,0.23160,0.00000
v1_frozen,Max,0.23196,0.00000
v1_frozen,Max,0.23231,0.00000
v1_frozen,Max,0.23266,0.00000
v1_frozen,Max,0.23301,0.00000
v1_frozen,Max,0.23336,0.00000
v1_frozen,Max,0.23371,0.00000
v1_frozen,Max,0.23406,0.00000
v1_frozen,Max,0.23441,0.00000
v1_frozen,Max,0.23476,0.00000
v1_frozen,Max,0.23511,0.00000
v1_frozen,Max,0.23546,0.00000
v1_frozen,Max,0.23581,0.00000
v1_frozen,Max,0.23616,0.00000
v1_frozen,Max,0.23651,0.00000
v1_frozen,Max,0.23686,0.00000
v1_frozen,Max,0.23721,0.00000
v1_frozen,Max,0.23756,0.00000
v1_frozen,Max,0.23791,0.00000
v1_frozen,Max,0.23826,0.00000
v1_frozen,Max,0.23861,0.00000
v1_frozen,Max,0.23896,0.00000
v1_frozen,Max,0.23931,0.00000
v1_frozen,Max,0.23966,0.00000
v1_frozen,Max,0.24001,0.00000
v1_frozen,Max,0.24036,0.00000
v1_frozen,Max,0.24071,0.00000
v1_frozen,Max,0.24107,0.00000
v1_frozen,Max,0.24142,0.00000
v1_frozen,Max,0.24177,0.00000
v1_frozen,Max,0.24212,0.00000
v1_frozen,Max,0.24247,0.00000
v1_frozen,Max,0.24282,0.00000
v1_frozen,Max,0.24317,0.00000
v1_frozen,Max,0.24352,0.00000
v1_frozen,Max,0.24387,0.00000
v1_frozen,Max,0.24422,0.00000
v1_frozen,Max,0.24457,0.00000
v1_frozen,Max,0.24492,0.00000
v1_frozen,Max,0.24527,0.00000
v1_frozen,Max,0.24562,0.00000
v1_frozen,Max,0.24597,0.00000
v1_frozen,Max,0.24632,0.00000
v1_frozen,Max,0.24667,0.00000
v1_frozen,Max,0.24702,0.00000
v1_frozen,Max,0.24737,0.00000
v1_frozen,Max,0.24772,0.00000
v1_frozen,Max,0.24807,0.00000
v1_frozen,Max,0.24842,0.00000
v1_frozen,Max,0.24877,0.00000
v1_frozen,Max,0.24912,0.00000
v1_frozen,Max,0.24947,0.00000
v1_frozen,Max,0.24982,0.00000
v1_frozen,Max,0.25018,0.00000
v1_frozen,Max,0.25053,0.00000
v1_frozen,Max,0.25088,0.00000
v1_frozen,Max,0.25123,0.00000
v1_frozen,Max,0.25158,0.00000
v1_frozen,Max,0.25193,0.00000
v1_frozen,Max,0.25228,0.00000
v1_frozen,Max,0.25263,0.00000
v1_frozen,Max,0.25298,0.00000
v1_frozen,Max,0.25333,0.00000
v1_frozen,Max,0.25368,0.00000
v1_frozen,Max,0.25403,0.00000
v1_frozen,Max,0.25438,0.00000
v1_frozen,Max,0.25473,0.00000
v1_frozen,Max,0.25508,0.00000
v1_frozen,Max,0.25543,0.00000
v1_frozen,Max,0.25578,0.00000
v1_frozen,Max,0.25613,0.00000
v1_frozen,Max,0.25648,0.00000
v1_frozen,Max,0.25683,0.00000
v1_frozen,Max,0.25718,0.00000
v1_frozen,Max,0.25753,0.00000
v1_frozen,Max,0.25788,0.00000
v1_frozen,Max,0.25823,0.00000
v1_frozen,Max,0.25858,0.00000
v1_frozen,Max,0.25893,0.00000
v1_frozen,Max,0.25929,0.00000
v1_frozen,Max,0.25964,0.00000
v1_frozen,Max,0.25999,0.00000
v1_frozen,Max,0.26034,0.00000
v1_frozen,Max,0.26069,0.00000
v1_frozen,Max,0.26104,0.00000
v1_frozen,Max,0.26139,0.00000
v1_frozen,Max,0.26174,0.00000
v1_frozen,Max,0.26209,0.00000
v1_frozen,Max,0.26244,0.00000
v1_frozen,Max,0.26279,0.00000
v1_frozen,Max,0.26314,0.00000
v1_frozen,Max,0.26349,0.00000
v1_frozen,Max,0.26384,0.00000
v1_frozen,Max,0.26419,0.00000
v1_frozen,Max,0.26454,0.00000
v1_frozen,Max,0.26489,0.00000
v1_frozen,Max,0.26524,0.00000
v1_frozen,Max,0.26559,0.00000
v1_frozen,Max,0.26594,0.00000
v1_frozen,Max,0.26629,0.00000
v1_frozen,Max,0.26664,0.00000
v1_frozen,Max,0.26699,0.00000
v1_frozen,Max,0.26734,0.00000
v1_frozen,Max,0.26769,0.00000
v1_frozen,Max,0.26804,0.00000
v1_frozen,Max,0.26840,0.00000
v1_frozen,Max,0.26875,0.00000
v1_frozen,Max,0.26910,0.00000
v1_frozen,Max,0.26945,0.00000
v1_frozen,Max,0.26980,0.00000
v1_frozen,Max,0.27015,0.00000
v1_frozen,Max,0.27050,0.00000
v1_frozen,Max,0.27085,0.00000
v1_frozen,Max,0.27120,0.00000
v1_frozen,Max,0.27155,0.00000
v1_frozen,Max,0.27190,0.00000
v1_frozen,Max,0.27225,0.00000
v1_frozen,Max,0.27260,0.00000
v1_frozen,Max,0.27295,0.00000
v1_frozen,Max,0.27330,0.00000
v1_frozen,Max,0.27365,0.00000
v1_frozen,Max,0.27400,0.00000
v1_frozen,Max,0.27435,0.00000
v1_frozen,Max,0.27470,0.00000
v1_frozen,Max,0.27505,0.00000
v1_frozen,Max,0.27540,0.00000
v1_frozen,Max,0.27575,0.00000
v1_frozen,Max,0.27610,0.00000
v1_frozen,Max,0.27645,0.00000
v1_frozen,Max,0.27680,0.00000
v1_frozen,Max,0.27715,0.00000
v1_frozen,Max,0.27751,0.00000
v1_frozen,Max,0.27786,0.00000
v1_frozen,Max,0.27821,0.00000
v1_frozen,Max,0.27856,0.00000
v1_frozen,Max,0.27891,0.00000
v1_frozen,Max,0.27926,0.00000
v1_frozen,Max,0.27961,0.00000
v1_frozen,Max,0.27996,0.00000
v1_frozen,Max,0.28031,0.00000
v1_frozen,Max,0.28066,0.00000
v1_frozen,Max,0.28101,0.00000
v1_frozen,Max,0.28136,0.00000
v1_frozen,Max,0.28171,0.00000
v1_frozen,Max,0.28206,0.00000
v1_frozen,Max,0.28241,0.00000
v1_frozen,Max,0.28276,0.00000
v1_frozen,Max,0.28311,0.00000
v1_frozen,Max,0.28346,0.00000
v1_frozen,Max,0.28381,0.00000
v1_frozen,Max,0.28416,0.00000
v1_frozen,Max,0.28451,0.00000
v1_frozen,Max,0.28486,0.00000
v1_frozen,Max,0.28521,0.00000
v1_frozen,Max,0.28556,0.00000
v1_frozen,Max,0.28591,0.00000
v1_frozen,Max,0.28626,0.00000
v1_frozen,Max,0.28662,0.00000
v1_frozen,Max,0.28697,0.00000
v1_frozen,Max,0.28732,0.00000
v1_frozen,Max,0.28767,0.00000
v1_frozen,Max,0.28802,0.00000
v1_frozen,Max,0.28837,0.00000
v1_frozen,Max,0.28872,0.00000
v1_frozen,Max,0.28907,0.00000
v1_frozen,Max,0.28942,0.00000
v1_frozen,Max,0.28977,0.00000
v1_frozen,Max,0.29012,0.00000
v1_frozen,Max,0.29047,0.00000
v1_frozen,Max,0.29082,0.00000
v1_frozen,Max,0.29117,0.00000
v1_frozen,Max,0.29152,0.00000
v1_frozen,Max,0.29187,0.00000
v1_frozen,Max,0.29222,0.00000
v1_frozen,Max,0.29257,0.00000
v1_frozen,Max,0.29292,0.00000
v1_frozen,Max,0.29327,0.00000
v1_frozen,Max,0.29362,0.00000
v1_frozen,Max,0.29397,0.00000
v1_frozen,Max,0.29432,0.00000
v1_frozen,Max,0.29467,0.00000
v1_frozen,Max,0.29502,0.00000
v1_frozen,Max,0.29537,0.00000
v1_frozen,Max,0.29573,0.00000
v1_frozen,Max,0.29608,0.00000
v1_frozen,Max,0.29643,0.00000
v1_frozen,Max,0.29678,0.00000
v1_frozen,Max,0.29713,0.00000
v1_frozen,Max,0.29748,0.00000
v1_frozen,Max,0.29783,0.00000
v1_frozen,Max,0.29818,0.00000
v1_frozen,Max,0.29853,0.00000
v1_frozen,Max,0.29888,0.00000
v1_frozen,Max,0.29923,0.00000
v1_frozen,Max,0.29958,0.00000
v1_frozen,Max,0.29993,0.00000
v1_frozen,Max,0.30028,0.00000
v1_frozen,Max,0.30063,0.00000
v1_frozen,Max,0.30098,0.00000
v1_frozen,Max,0.30133,0.00000
v1_frozen,Max,0.30168,0.00000
v1_frozen,Max,0.30203,0.00000
v1_frozen,Max,0.30238,0.00000
v1_frozen,Max,0.30273,0.00000
v1_frozen,Max,0.30308,0.00000
v1_frozen,Max,0.30343,0.00000
v1_frozen,Max,0.30378,0.00000
v1_frozen,Max,0.30413,0.00000
v1_frozen,Max,0.30448,0.00000
v1_frozen,Max,0.30484,0.00000
v1_frozen,Max,0.30519,0.00000
v1_frozen,Max,0.30554,0.00000
v1_frozen,Max,0.30589,0.00000
v1_frozen,Max,0.30624,0.00000
v1_frozen,Max,0.30659,0.00000
v1_frozen,Max,0.30694,0.00000
v1_frozen,Max,0.30729,0.00000
v1_frozen,Max,0.30764,0.00000
v1_frozen,Max,0.30799,0.00000
v1_frozen,Max,0.30834,0.00000
v1_frozen,Max,0.30869,0.00000
v1_frozen,Max,0.30904,0.00000
v1_frozen,Max,0.30939,0.00000
v1_frozen,Max,0.30974,0.00000
v1_frozen,Max,0.31009,0.00000
v1_frozen,Max,0.31044,0.00000
v1_frozen,Max,0.31079,0.00000
v1_frozen,Max,0.31114,0.00000
v1_frozen,Max,0.31149,0.00000
v1_frozen,Max,0.31184,0.00000
v1_frozen,Max,0.31219,0.00000
v1_frozen,Max,0.31254,0.00000
v1_frozen,Max,0.31289,0.00000
v1_frozen,Max,0.31324,0.00000
v1_frozen,Max,0.31359,0.00000
v1_frozen,Max,0.31395,0.00000
v1_frozen,Max,0.31430,0.00000
v1_frozen,Max,0.31465,0.00000
v1_frozen,Max,0.31500,0.00000
v1_frozen,Max,0.31535,0.00000
v1_frozen,Max,0.31570,0.00000
v1_frozen,Max,0.31605,0.00000
v1_frozen,Max,0.31640,0.00000
v1_frozen,Max,0.31675,0.00000
v1_frozen,Max,0.31710,0.00000
v1_frozen,Max,0.31745,0.00000
v1_frozen,Max,0.31780,0.00000
v1_frozen,Max,0.31815,0.00000
v1_frozen,Max,0.31850,0.00000
v1_frozen,Max,0.31885,0.00000
v1_frozen,Max,0.31920,0.00000
v1_frozen,Max,0.31955,0.00000
v1_frozen,Max,0.31990,0.00000
v1_frozen,Max,0.32025,0.00000
v1_frozen,Max,0.32060,0.00000
v1_frozen,Max,0.32095,0.00000
v1_frozen,Max,0.32130,0.00000
v1_frozen,Max,0.32165,0.00000
v1_frozen,Max,0.32200,0.00000
v1_frozen,Max,0.32235,0.00000
v1_frozen,Max,0.32270,0.00000
v1_frozen,Max,0.32306,0.00000
v1_frozen,Max,0.32341,0.00000
v1_frozen,Max,0.32376,0.00000
v1_frozen,Max,0.32411,0.00000
v1_frozen,Max,0.32446,0.00000
v1_frozen,Max,0.32481,0.00000
v1_frozen,Max,0.32516,0.00000
v1_frozen,Max,0.32551,0.00000
v1_frozen,Max,0.32586,0.00000
v1_frozen,Max,0.32621,0.00000
v1_frozen,Max,0.32656,0.00000
v1_frozen,Max,0.32691,0.00000
v1_frozen,Max,0.32726,0.00000
v1_frozen,Max,0.32761,0.00000
v1_frozen,Max,0.32796,0.00000
v1_frozen,Max,0.32831,0.00000
v1_frozen,Max,0.32866,0.00000
v1_frozen,Max,0.32901,0.00000
v1_frozen,Max,0.32936,0.00000
v1_frozen,Max,0.32971,0.00000
v1_frozen,Max,0.33006,0.00000
v1_frozen,Max,0.33041,0.00000
v1_frozen,Max,0.33076,0.00000
v1_frozen,Max,0.33111,0.00000
v1_frozen,Max,0.33146,0.00000
v1_frozen,Max,0.33181,0.00000
v1_frozen,Max,0.33217,0.00000
v1_frozen,Max,0.33252,0.00000
v1_frozen,Max,0.33287,0.00000
v1_frozen,Max,0.33322,0.00000
v1_frozen,Max,0.33357,0.00000
v1_frozen,Max,0.33392,0.00000
v1_frozen,Max,0.33427,0.00000
v1_frozen,Max,0.33462,0.00000
v1_frozen,Max,0.33497,0.00000
v1_frozen,Max,0.33532,0.00000
v1_frozen,Max,0.33567,0.00000
v1_frozen,Max,0.33602,0.00000
v1_frozen,Max,0.33637,0.00000
v1_frozen,Max,0.33672,0.00000
v1_frozen,Max,0.33707,0.00000
v1_frozen,Max,0.33742,0.00000
v1_frozen,Max,0.33777,0.00000
v1_frozen,Max,0.33812,0.00000
v1_frozen,Max,0.33847,0.00000
v1_frozen,Max,0.33882,0.00000
v1_frozen,Max,0.33917,0.00000
v1_frozen,Max,0.33952,0.00000
v1_frozen,Max,0.33987,0.00000
v1_frozen,Max,0.34022,0.00000
v1_frozen,Max,0.34057,0.00000
v1_frozen,Max,0.34093,0.00000
v1_frozen,Max,0.34128,0.00000
v1_frozen,Max,0.34163,0.00000
v1_frozen,Max,0.34198,0.00000
v1_frozen,Max,0.34233,0.00000
v1_frozen,Max,0.34268,0.00000
v1_frozen,Max,0.34303,0.00000
v1_frozen,Max,0.34338,0.00000
v1_frozen,Max,0.34373,0.00000
v1_frozen,Max,0.34408,0.00000
v1_frozen,Max,0.34443,0.00000
v1_frozen,Max,0.34478,0.00000
v1_frozen,Max,0.34513,0.00000
v1_frozen,Max,0.34548,0.00000
v1_frozen,Max,0.34583,0.00000
v1_frozen,Max,0.34618,0.00000
v1_frozen,Max,0.34653,0.00000
v1_frozen,Max,0.34688,0.00000
v1_frozen,Max,0.34723,0.00000
v1_frozen,Max,0.34758,0.00000
v1_frozen,Max,0.34793,0.00000
v1_frozen,Max,0.34828,0.00000
v1_frozen,Max,0.34863,0.00000
v1_frozen,Max,0.34898,0.00000
v1_frozen,Max,0.34933,0.00000
v1_frozen,Max,0.34968,0.00000
v1_frozen,Max,0.35004,0.00000
v1_frozen,Max,0.35039,0.00000
v1_frozen,Max,0.35074,0.00000
v1_frozen,Max,0.35109,0.00000
v1_frozen,Max,0.35144,0.00000
v1_frozen,Max,0.35179,0.00000
v1_frozen,Max,0.35214,0.00000
v1_frozen,Max,0.35249,0.00000
v1_frozen,Max,0.35284,0.00000
v1_frozen,Max,0.35319,0.00000
v1_frozen,Max,0.35354,0.00000
v1_frozen,Max,0.35389,0.00000
v1_frozen,Max,0.35424,0.00000
v1_frozen,Max,0.35459,0.00000
v1_frozen,Max,0.35494,0.00000
v1_frozen,Max,0.35529,0.00000
v1_frozen,Max,0.35564,0.00000
v1_frozen,Max,0.35599,0.00000
v1_frozen,Max,0.35634,0.00000
v1_frozen,Max,0.35669,0.00000
v1_frozen,Max,0.35704,0.00000
v1_frozen,Max,0.35739,0.00000
v1_frozen,Max,0.35774,0.00000
v1_frozen,Max,0.35809,0.00000
v1_frozen,Max,0.35844,0.00000
v1_frozen,Max,0.35879,0.00000
v1_frozen,Max,0.35915,0.00000
v1_frozen,Max,0.35950,0.00000
v1_frozen,Max,0.35985,0.00000
v1_frozen,Max,0.36020,0.00000
v1_frozen,Max,0.36055,0.00000
v1_frozen,Max,0.36090,0.00000
v1_frozen,Max,0.36125,0.00000
v1_frozen,Max,0.36160,0.00000
v1_frozen,Max,0.36195,0.00000
v1_frozen,Max,0.36230,0.00000
v1_frozen,Max,0.36265,0.00000
v1_frozen,Max,0.36300,0.00000
v1_frozen,Max,0.36335,0.00000
v1_frozen,Max,0.36370,0.00000
v1_frozen,Max,0.36405,0.00000
v1_frozen,Max,0.36440,0.00000
v1_frozen,Max,0.36475,0.00000
v1_frozen,Max,0.36510,0.00000
v1_frozen,Max,0.36545,0.00000
v1_frozen,Max,0.36580,0.00000
v1_frozen,Max,0.36615,0.00000
v1_frozen,Max,0.36650,0.00000
v1_frozen,Max,0.36685,0.00000
v1_frozen,Max,0.36720,0.00000
v1_frozen,Max,0.36755,0.00000
v1_frozen,Max,0.36790,0.00000
v1_frozen,Max,0.36826,0.00000
v1_frozen,Max,0.36861,0.00000
v1_frozen,Max,0.36896,0.00000
v1_frozen,Max,0.36931,0.00000
v1_frozen,Max,0.36966,0.00000
v1_frozen,Max,0.37001,0.00000
v1_frozen,Max,0.37036,0.00000
v1_frozen,Max,0.37071,0.00000
v1_frozen,Max,0.37106,0.00000
v1_frozen,Max,0.37141,0.00000
v1_frozen,Max,0.37176,0.00000
v1_frozen,Max,0.37211,0.00000
v1_frozen,Max,0.37246,0.00000
v1_frozen,Max,0.37281,0.00000
v1_frozen,Max,0.37316,0.00000
v1_frozen,Max,0.37351,0.00000
v1_frozen,Max,0.37386,0.00000
v1_frozen,Max,0.37421,0.00000
v1_frozen,Max,0.37456,0.00000
v1_frozen,Max,0.37491,0.00000
v1_frozen,Max,0.37526,0.00000
v1_frozen,Max,0.37561,0.00000
v1_frozen,Max,0.37596,0.00000
v1_frozen,Max,0.37631,0.00000
v1_frozen,Max,0.37666,0.00000
v1_frozen,Max,0.37701,0.00000
v1_frozen,Max,0.37737,0.00000
v1_frozen,Max,0.37772,0.00000
v1_frozen,Max,0.37807,0.00000
v1_frozen,Max,0.37842,0.00000
v1_frozen,Max,0.37877,0.00000
v1_frozen,Max,0.37912,0.00000
v1_frozen,Max,0.37947,0.00000
v1_frozen,Max,0.37982,0.00000
v1_frozen,Max,0.38017,0.00000
v1_frozen,Max,0.38052,0.00000
v1_frozen,Max,0.38087,0.00000
v1_frozen,Max,0.38122,0.00000
v1_frozen,Max,0.38157,0.00000
v1_frozen,Max,0.38192,0.00000
v1_frozen,Max,0.38227,0.00000
v1_frozen,Max,0.38262,0.00000
v1_frozen,Max,0.38297,0.00000
v1_frozen,Max,0.38332,0.00000
v1_frozen,Max,0.38367,0.00000
v1_frozen,Max,0.38402,0.00000
v1_frozen,Max,0.38437,0.00000
v1_frozen,Max,0.38472,0.00000
v1_frozen,Max,0.38507,0.00000
v1_frozen,Max,0.38542,0.00000
v1_frozen,Max,0.38577,0.00000
v1_frozen,Max,0.38612,0.00000
v1_frozen,Max,0.38648,0.00000
v1_frozen,Max,0.38683,0.00000
v1_frozen,Max,0.38718,0.00000
v1_frozen,Max,0.38753,0.00000
v1_frozen,Max,0.38788,0.00000
v1_frozen,Max,0.38823,0.00000
v1_frozen,Max,0.38858,0.00000
v1_frozen,Max,0.38893,0.00000
v1_frozen,Max,0.38928,0.00000
v1_frozen,Max,0.38963,0.00000
v1_frozen,Max,0.38998,0.00000
v1_frozen,Max,0.39033,0.00000
v1_frozen,Max,0.39068,0.00000
v1_frozen,Max,0.39103,0.00000
v1_frozen,Max,0.39138,0.00000
v1_frozen,Max,0.39173,0.00000
v1_frozen,Max,0.39208,0.00000
v1_frozen,Max,0.39243,0.00000
v1_frozen,Max,0.39278,0.00000
v1_frozen,Max,0.39313,0.00000
v1_frozen,Max,0.39348,0.00000
v1_frozen,Max,0.39383,0.00000
v1_frozen,Max,0.39418,0.00000
v1_frozen,Max,0.39453,0.00000
v1_frozen,Max,0.39488,0.00000
v1_frozen,Max,0.39523,0.00000
v1_frozen,Max,0.39559,0.00000
v1_frozen,Max,0.39594,0.00000
v1_frozen,Max,0.39629,0.00000
v1_frozen,Max,0.39664,0.00000
v1_frozen,Max,0.39699,0.00000
v1_frozen,Max,0.39734,0.00000
v1_frozen,Max,0.39769,0.00000
v1_frozen,Max,0.39804,0.00000
v1_frozen,Max,0.39839,0.00000
v1_frozen,Max,0.39874,0.00000
v1_frozen,Max,0.39909,0.00000
v1_frozen,Max,0.39944,0.00000
v1_frozen,Max,0.39979,0.00000
v1_frozen,Max,0.40014,0.00000
v1_frozen,Max,0.40049,0.00000
v1_frozen,Max,0.40084,0.00000
v1_frozen,Max,0.40119,0.00000
v1_frozen,Max,0.40154,0.00000
v1_frozen,Max,0.40189,0.00000
v1_frozen,Max,0.40224,0.00000
v1_frozen,Max,0.40259,0.00000
v1_frozen,Max,0.40294,0.00000
v1_frozen,Max,0.40329,0.00000
v1_frozen,Max,0.40364,0.00000
v1_frozen,Max,0.40399,0.00000
v1_frozen,Max,0.40434,0.00000
v1_frozen,Max,0.40470,0.00000
v1_frozen,Max,0.40505,0.00000
v1_frozen,Max,0.40540,0.00000
v1_frozen,Max,0.40575,0.00000
v1_frozen,Max,0.40610,0.00000
v1_frozen,Max,0.40645,0.00000
v1_frozen,Max,0.40680,0.00000
v1_frozen,Max,0.40715,0.00000
v1_frozen,Max,0.40750,0.00000
v1_frozen,Max,0.40785,0.00000
v1_frozen,Max,0.40820,0.00000
v1_frozen,Max,0.40855,0.00000
v1_frozen,Max,0.40890,0.00000
v1_frozen,Max,0.40925,0.00000
v1_frozen,Max,0.40960,0.00000
v1_frozen,Max,0.40995,0.00000
v1_frozen,Max,0.41030,0.00000
v1_frozen,Max,0.41065,0.00000
v1_frozen,Max,0.41100,0.00000
v1_frozen,Max,0.41135,0.00000
v1_frozen,Max,0.41170,0.00000
v1_frozen,Max,0.41205,0.00000
v1_frozen,Max,0.41240,0.00000
v1_frozen,Max,0.41275,0.00000
v1_frozen,Max,0.41310,0.00000
v1_frozen,Max,0.41345,0.00000
v1_frozen,Max,0.41381,0.00000
v1_frozen,Max,0.41416,0.00000
v1_frozen,Max,0.41451,0.00000
v1_frozen,Max,0.41486,0.00000
v1_frozen,Max,0.41521,0.00000
v1_frozen,Max,0.41556,0.00000
v1_frozen,Max,0.41591,0.00000
v1_frozen,Max,0.41626,0.00000
v1_frozen,Max,0.41661,0.00000
v1_frozen,Max,0.41696,0.00000
v1_frozen,Max,0.41731,0.00000
v1_frozen,Max,0.41766,0.00000
v1_frozen,Max,0.41801,0.00000
v1_frozen,Max,0.41836,0.00000
v1_frozen,Max,0.41871,0.00000
v1_frozen,Max,0.41906,0.00000
v1_frozen,Max,0.41941,0.00000
v1_frozen,Max,0.41976,0.00000
v1_frozen,Max,0.42011,0.00000
v1_frozen,Max,0.42046,0.00000
v1_frozen,Max,0.42081,0.00000
v1_frozen,Max,0.42116,0.00000
v1_frozen,Max,0.42151,0.00000
v1_frozen,Max,0.42186,0.00000
v1_frozen,Max,0.42221,0.00000
v1_frozen,Max,0.42256,0.00000
v1_frozen,Max,0.42292,0.00000
v1_frozen,Max,0.42327,0.00000
v1_frozen,Max,0.42362,0.00000
v1_frozen,Max,0.42397,0.00000
v1_frozen,Max,0.42432,0.00000
v1_frozen,Max,0.42467,0.00000
v1_frozen,Max,0.42502,0.00000
v1_frozen,Max,0.42537,0.00000
v1_frozen,Max,0.42572,0.00000
v1_frozen,Max,0.42607,0.00000
v1_frozen,Max,0.42642,0.00000
v1_frozen,Max,0.42677,0.00000
v1_frozen,Max,0.42712,0.00000
v1_frozen,Max,0.42747,0.00000
v1_frozen,Max,0.42782,0.00000
v1_frozen,Max,0.42817,0.00000
v1_frozen,Max,0.42852,0.00000
v1_frozen,Max,0.42887,0.00000
v1_frozen,Max,0.42922,0.00000
v1_frozen,Max,0.42957,0.00000
v1_frozen,Max,0.42992,0.00000
v1_frozen,Max,0.43027,0.00000
v1_frozen,Max,0.43062,0.00000
v1_frozen,Max,0.43097,0.00000
v1_frozen,Max,0.43132,0.00000
v1_frozen,Max,0.43167,0.00000
v1_frozen,Max,0.43203,0.00000
v1_frozen,Max,0.43238,0.00000
v1_frozen,Max,0.43273,0.00000
v1_frozen,Max,0.43308,0.00000
v1_frozen,Max,0.43343,0.00000
v1_frozen,Max,0.43378,0.00000
v1_frozen,Max,0.43413,0.00000
v1_frozen,Max,0.43448,0.00000
v1_frozen,Max,0.43483,0.00000
v1_frozen,Max,0.43518,0.00000
v1_frozen,Max,0.43553,0.00000
v1_frozen,Max,0.43588,0.00000
v1_frozen,Max,0.43623,0.00000
v1_frozen,Max,0.43658,0.00000
v1_frozen,Max,0.43693,0.00000
v1_frozen,Max,0.43728,0.00000
v1_frozen,Max,0.43763,0.00000
v1_frozen,Max,0.43798,0.00000
v1_frozen,Max,0.43833,0.00000
v1_frozen,Max,0.43868,0.00000
v1_frozen,Max,0.43903,0.00000
v1_frozen,Max,0.43938,0.00000
v1_frozen,Max,0.43973,0.00000
v1_frozen,Max,0.44008,0.00000
v1_frozen,Max,0.44043,0.00000
v1_frozen,Max,0.44078,0.00000
v1_frozen,Max,0.44114,0.00000
v1_frozen,Max,0.44149,0.00000
v1_frozen,Max,0.44184,0.00000
v1_frozen,Max,0.44219,0.00000
v1_frozen,Max,0.44254,0.00000
v1_frozen,Max,0.44289,0.00000
v1_frozen,Max,0.44324,0.00000
v1_frozen,Max,0.44359,0.00000
v1_frozen,Max,0.44394,0.00000
v1_frozen,Max,0.44429,0.00000
v1_frozen,Max,0.44464,0.00000
v1_frozen,Max,0.44499,0.00000
v1_frozen,Max,0.44534,0.00000
v1_frozen,Max,0.44569,0.00000
v1_frozen,Max,0.44604,0.00000
v1_frozen,Max,0.44639,0.00000
v1_frozen,Max,0.44674,0.00000
v1_frozen,Max,0.44709,0.00000
v1_frozen,Max,0.44744,0.00000
v1_frozen,Max,0.44779,0.00000
v1_frozen,Max,0.44814,0.00000
v1_frozen,Max,0.44849,0.00000
v1_frozen,Max,0.44884,0.00000
v1_frozen,Max,0.44919,0.00000
v1_frozen,Max,0.44954,0.00000
v1_frozen,Max,0.44989,0.00000
v1_frozen,Max,0.45025,0.00000
v1_frozen,Max,0.45060,0.00000
v1_frozen,Max,0.45095,0.00000
v1_frozen,Max,0.45130,0.00000
v1_frozen,Max,0.45165,0.00000
v1_frozen,Max,0.45200,0.00000
v1_frozen,Max,0.45235,0.00000
v1_frozen,Max,0.45270,0.00000
v1_frozen,Max,0.45305,0.00000
v1_frozen,Max,0.45340,0.00000
v1_frozen,Max,0.45375,0.00000
v1_frozen,Max,0.45410,0.00000
v1_frozen,Max,0.45445,0.00000
v1_frozen,Max,0.45480,0.00000
v1_frozen,Max,0.45515,0.00000
v1_frozen,Max,0.45550,0.00000
v1_frozen,Max,0.45585,0.00000
v1_frozen,Max,0.45620,0.00000
v1_frozen,Max,0.45655,0.00000
v1_frozen,Max,0.45690,0.00000
v1_frozen,Max,0.45725,0.00000
v1_frozen,Max,0.45760,0.00000
v1_frozen,Max,0.45795,0.00000
v1_frozen,Max,0.45830,0.00000
v1_frozen,Max,0.45865,0.00000
v1_frozen,Max,0.45900,0.00000
v1_frozen,Max,0.45936,0.00000
v1_frozen,Max,0.45971,0.00000
v1_frozen,Max,0.46006,0.00000
v1_frozen,Max,0.46041,0.00000
v1_frozen,Max,0.46076,0.00000
v1_frozen,Max,0.46111,0.00000
v1_frozen,Max,0.46146,0.00000
v1_frozen,Max,0.46181,0.00000
v1_frozen,Max,0.46216,0.00000
v1_frozen,Max,0.46251,0.00000
v1_frozen,Max,0.46286,0.00000
v1_frozen,Max,0.46321,0.00000
v1_frozen,Max,0.46356,0.00000
v1_frozen,Max,0.46391,0.00000
v1_frozen,Max,0.46426,0.00000
v1_frozen,Max,0.46461,0.00000
v1_frozen,Max,0.46496,0.00000
v1_frozen,Max,0.46531,0.00000
v1_frozen,Max,0.46566,0.00000
v1_frozen,Max,0.46601,0.00000
v1_frozen,Max,0.46636,0.00000
v1_frozen,Max,0.46671,0.00000
v1_frozen,Max,0.46706,0.00000
v1_frozen,Max,0.46741,0.00000
v1_frozen,Max,0.46776,0.00000
v1_frozen,Max,0.46811,0.00000
v1_frozen,Max,0.46847,0.00000
v1_frozen,Max,0.46882,0.00000
v1_frozen,Max,0.46917,0.00000
v1_frozen,Max,0.46952,0.00000
v1_frozen,Max,0.46987,0.00000
v1_frozen,Max,0.47022,0.00000
v1_frozen,Max,0.47057,0.00000
v1_frozen,Max,0.47092,0.00000
v1_frozen,Max,0.47127,0.00000
v1_frozen,Max,0.47162,0.00000
v1_frozen,Max,0.47197,0.00000
v1_frozen,Max,0.47232,0.00000
v1_frozen,Max,0.47267,0.00000
v1_frozen,Max,0.47302,0.00000
v1_frozen,Max,0.47337,0.00000
v1_frozen,Max,0.47372,0.00000
v1_frozen,Max,0.47407,0.00000
v1_frozen,Max,0.47442,0.00000
v1_frozen,Max,0.47477,0.00000
v1_frozen,Max,0.47512,0.00000
v1_frozen,Max,0.47547,0.00000
v1_frozen,Max,0.47582,0.00000
v1_frozen,Max,0.47617,0.00000
v1_frozen,Max,0.47652,0.00000
v1_frozen,Max,0.47687,0.00000
v1_frozen,Max,0.47722,0.00000
v1_frozen,Max,0.47758,0.00000
v1_frozen,Max,0.47793,0.00000
v1_frozen,Max,0.47828,0.00000
v1_frozen,Max,0.47863,0.00000
v1_frozen,Max,0.47898,0.00000
v1_frozen,Max,0.47933,0.00000
v1_frozen,Max,0.47968,0.00000
v1_frozen,Max,0.48003,0.00000
v1_frozen,Max,0.48038,0.00000
v1_frozen,Max,0.48073,0.00000
v1_frozen,Max,0.48108,0.00000
v1_frozen,Max,0.48143,0.00000
v1_frozen,Max,0.48178,0.00000
v1_frozen,Max,0.48213,0.00000
v1_frozen,Max,0.48248,0.00000
v1_frozen,Max,0.48283,0.00000
v1_frozen,Max,0.48318,0.00000
v1_frozen,Max,0.48353,0.00000
v1_frozen,Max,0.48388,0.00000
v1_frozen,Max,0.48423,0.00000
v1_frozen,Max,0.48458,0.00000
v1_frozen,Max,0.48493,0.00000
v1_frozen,Max,0.48528,0.00000
v1_frozen,Max,0.48563,0.00000
v1_frozen,Max,0.48598,0.00000
v1_frozen,Max,0.48633,0.00000
v1_frozen,Max,0.48669,0.00000
v1_frozen,Max,0.48704,0.00000
v1_frozen,Max,0.48739,0.00000
v1_frozen,Max,0.48774,0.00000
v1_frozen,Max,0.48809,0.00000
v1_frozen,Max,0.48844,0.00000
v1_frozen,Max,0.48879,0.00000
v1_frozen,Max,0.48914,0.00000
v1_frozen,Max,0.48949,0.00000
v1_frozen,Max,0.48984,0.00000
v1_frozen,Max,0.49019,0.00000
v1_frozen,Max,0.49054,0.00000
v1_frozen,Max,0.49089,0.00000
v1_frozen,Max,0.49124,0.00000
v1_frozen,Max,0.49159,0.00000
v1_frozen,Max,0.49194,0.00000
v1_frozen,Max,0.49229,0.00000
v1_frozen,Max,0.49264,0.00000
v1_frozen,Max,0.49299,0.00000
v1_frozen,Max,0.49334,0.00000
v1_frozen,Max,0.49369,0.00000
v1_frozen,Max,0.49404,0.00000
v1_frozen,Max,0.49439,0.00000
v1_frozen,Max,0.49474,0.00000
v1_frozen,Max,0.49509,0.00000
v1_frozen,Max,0.49544,0.00000
v1_frozen,Max,0.49580,0.00000
v1_frozen,Max,0.49615,0.00000
v1_frozen,Max,0.49650,0.00000
v1_frozen,Max,0.49685,0.00000
v1_frozen,Max,0.49720,0.00000
v1_frozen,Max,0.49755,0.00000
v1_frozen,Max,0.49790,0.00000
v1_frozen,Max,0.49825,0.00000
v1_frozen,Max,0.49860,0.00000
v1_frozen,Max,0.49895,0.00000
v1_frozen,Max,0.49930,0.00000
v1_frozen,Max,0.49965,0.00000
v1_frozen,Max,0.50000,0.00000
v1_frozen,Max,0.50035,0.00000
v1_frozen,Max,0.50070,0.00000
v1_frozen,Max,0.50105,0.00000
v1_frozen,Max,0.50140,0.00000
v1_frozen,Max,0.50175,0.00000
v1_frozen,Max,0.50210,0.00000
v1_frozen,Max,0.50245,0.00000
v1_frozen,Max,0.50280,0.00000
v1_frozen,Max,0.50315,0.00000
v1_frozen,Max,0.50350,0.00000
v1_frozen,Max,0.50385,0.00000
v1_frozen,Max,0.50420,0.00000
v1_frozen,Max,0.50456,0.00000
v1_frozen,Max,0.50491,0.00000
v1_frozen,Max,0.50526,0.00000
v1_frozen,Max,0.50561,0.00000
v1_frozen,Max,0.50596,0.00000
v1_frozen,Max,0.50631,0.00000
v1_frozen,Max,0.50666,0.00000
v1_frozen,Max,0.50701,0.00000
v1_frozen,Max,0.50736,0.00000
v1_frozen,Max,0.50771,0.00000
v1_frozen,Max,0.50806,0.00000
v1_frozen,Max,0.50841,0.00000
v1_frozen,Max,0.50876,0.00000
v1_frozen,Max,0.50911,0.00000
v1_frozen,Max,0.50946,0.00000
v1_frozen,Max,0.50981,0.00000
v1_frozen,Max,0.51016,0.00000
v1_frozen,Max,0.51051,0.00000
v1_frozen,Max,0.51086,0.00000
v1_frozen,Max,0.51121,0.00000
v1_frozen,Max,0.51156,0.00000
v1_frozen,Max,0.51191,0.00000
v1_frozen,Max,0.51226,0.00000
v1_frozen,Max,0.51261,0.00000
v1_frozen,Max,0.51296,0.00000
v1_frozen,Max,0.51331,0.00000
v1_frozen,Max,0.51367,0.00000
v1_frozen,Max,0.51402,0.00000
v1_frozen,Max,0.51437,0.00000
v1_frozen,Max,0.51472,0.00000
v1_frozen,Max,0.51507,0.00000
v1_frozen,Max,0.51542,0.00000
v1_frozen,Max,0.51577,0.00000
v1_frozen,Max,0.51612,0.00000
v1_frozen,Max,0.51647,0.00000
v1_frozen,Max,0.51682,0.00000
v1_frozen,Max,0.51717,0.00000
v1_frozen,Max,0.51752,0.00000
v1_frozen,Max,0.51787,0.00000
v1_frozen,Max,0.51822,0.00000
v1_frozen,Max,0.51857,0.00000
v1_frozen,Max,0.51892,0.00000
v1_frozen,Max,0.51927,0.00000
v1_frozen,Max,0.51962,0.00000
v1_frozen,Max,0.51997,0.00000
v1_frozen,Max,0.52032,0.00000
v1_frozen,Max,0.52067,0.00000
v1_frozen,Max,0.52102,0.00000
v1_frozen,Max,0.52137,0.00000
v1_frozen,Max,0.52172,0.00000
v1_frozen,Max,0.52207,0.00000
v1_frozen,Max,0.52242,0.00000
v1_frozen,Max,0.52278,0.00000
v1_frozen,Max,0.52313,0.00000
v1_frozen,Max,0.52348,0.00000
v1_frozen,Max,0.52383,0.00000
v1_frozen,Max,0.52418,0.00000
v1_frozen,Max,0.52453,0.00000
v1_frozen,Max,0.52488,0.00000
v1_frozen,Max,0.52523,0.00000
v1_frozen,Max,0.52558,0.00000
v1_frozen,Max,0.52593,0.00000
v1_frozen,Max,0.52628,0.00000
v1_frozen,Max,0.52663,0.00000
v1_frozen,Max,0.52698,0.00000
v1_frozen,Max,0.52733,0.00000
v1_frozen,Max,0.52768,0.00000
v1_frozen,Max,0.52803,0.00000
v1_frozen,Max,0.52838,0.00000
v1_frozen,Max,0.52873,0.00000
v1_frozen,Max,0.52908,0.00000
v1_frozen,Max,0.52943,0.00000
v1_frozen,Max,0.52978,0.00000
v1_frozen,Max,0.53013,0.00000
v1_frozen,Max,0.53048,0.00000
v1_frozen,Max,0.53083,0.00000
v1_frozen,Max,0.53118,0.00000
v1_frozen,Max,0.53153,0.00000
v1_frozen,Max,0.53189,0.00000
v1_frozen,Max,0.53224,0.00000
v1_frozen,Max,0.53259,0.00000
v1_frozen,Max,0.53294,0.00000
v1_frozen,Max,0.53329,0.00000
v1_frozen,Max,0.53364,0.00000
v1_frozen,Max,0.53399,0.00000
v1_frozen,Max,0.53434,0.00000
v1_frozen,Max,0.53469,0.00000
v1_frozen,Max,0.53504,0.00000
v1_frozen,Max,0.53539,0.00000
v1_frozen,Max,0.53574,0.00000
v1_frozen,Max,0.53609,0.00000
v1_frozen,Max,0.53644,0.00000
v1_frozen,Max,0.53679,0.00000
v1_frozen,Max,0.53714,0.00000
v1_frozen,Max,0.53749,0.00000
v1_frozen,Max,0.53784,0.00000
v1_frozen,Max,0.53819,0.00000
v1_frozen,Max,0.53854,0.00000
v1_frozen,Max,0.53889,0.00000
v1_frozen,Max,0.53924,0.00000
v1_frozen,Max,0.53959,0.00000
v1_frozen,Max,0.53994,0.00000
v1_frozen,Max,0.54029,0.00000
v1_frozen,Max,0.54064,0.00000
v1_frozen,Max,0.54100,0.00000
v1_frozen,Max,0.54135,0.00000
v1_frozen,Max,0.54170,0.00000
v1_frozen,Max,0.54205,0.00000
v1_frozen,Max,0.54240,0.00000
v1_frozen,Max,0.54275,0.00000
v1_frozen,Max,0.54310,0.00000
v1_frozen,Max,0.54345,0.00000
v1_frozen,Max,0.54380,0.00000
v1_frozen,Max,0.54415,0.00000
v1_frozen,Max,0.54450,0.00000
v1_frozen,Max,0.54485,0.00000
v1_frozen,Max,0.54520,0.00000
v1_frozen,Max,0.54555,0.00000
v1_frozen,Max,0.54590,0.00000
v1_frozen,Max,0.54625,0.00000
v1_frozen,Max,0.54660,0.00000
v1_frozen,Max,0.54695,0.00000
v1_frozen,Max,0.54730,0.00000
v1_frozen,Max,0.54765,0.00000
v1_frozen,Max,0.54800,0.00000
v1_frozen,Max,0.54835,0.00000
v1_frozen,Max,0.54870,0.00000
v1_frozen,Max,0.54905,0.00000
v1_frozen,Max,0.54940,0.00000
v1_frozen,Max,0.54975,0.00000
v1_frozen,Max,0.55011,0.00000
v1_frozen,Max,0.55046,0.00000
v1_frozen,Max,0.55081,0.00000
v1_frozen,Max,0.55116,0.00000
v1_frozen,Max,0.55151,0.00000
v1_frozen,Max,0.55186,0.00000
v1_frozen,Max,0.55221,0.00000
v1_frozen,Max,0.55256,0.00000
v1_frozen,Max,0.55291,0.00000
v1_frozen,Max,0.55326,0.00000
v1_frozen,Max,0.55361,0.00000
v1_frozen,Max,0.55396,0.00000
v1_frozen,Max,0.55431,0.00000
v1_frozen,Max,0.55466,0.00000
v1_frozen,Max,0.55501,0.00000
v1_frozen,Max,0.55536,0.00000
v1_frozen,Max,0.55571,0.00000
v1_frozen,Max,0.55606,0.00000
v1_frozen,Max,0.55641,0.00000
v1_frozen,Max,0.55676,0.00000
v1_frozen,Max,0.55711,0.00000
v1_frozen,Max,0.55746,0.00000
v1_frozen,Max,0.55781,0.00000
v1_frozen,Max,0.55816,0.00000
v1_frozen,Max,0.55851,0.00000
v1_frozen,Max,0.55886,0.00000
v1_frozen,Max,0.55922,0.00000
v1_frozen,Max,0.55957,0.00000
v1_frozen,Max,0.55992,0.00000
v1_frozen,Max,0.56027,0.00000
v1_frozen,Max,0.56062,0.00000
v1_frozen,Max,0.56097,0.00000
v1_frozen,Max,0.56132,0.00000
v1_frozen,Max,0.56167,0.00000
v1_frozen,Max,0.56202,0.00000
v1_frozen,Max,0.56237,0.00000
v1_frozen,Max,0.56272,0.00000
v1_frozen,Max,0.56307,0.00000
v1_frozen,Max,0.56342,0.00000
v1_frozen,Max,0.56377,0.00000
v1_frozen,Max,0.56412,0.00000
v1_frozen,Max,0.56447,0.00000
v1_frozen,Max,0.56482,0.00000
v1_frozen,Max,0.56517,0.00000
v1_frozen,Max,0.56552,0.00000
v1_frozen,Max,0.56587,0.00000
v1_frozen,Max,0.56622,0.00000
v1_frozen,Max,0.56657,0.00000
v1_frozen,Max,0.56692,0.00000
v1_frozen,Max,0.56727,0.00000
v1_frozen,Max,0.56762,0.00000
v1_frozen,Max,0.56797,0.00000
v1_frozen,Max,0.56833,0.00000
v1_frozen,Max,0.56868,0.00000
v1_frozen,Max,0.56903,0.00000
v1_frozen,Max,0.56938,0.00000
v1_frozen,Max,0.56973,0.00000
v1_frozen,Max,0.57008,0.00000
v1_frozen,Max,0.57043,0.00000
v1_frozen,Max,0.57078,0.00000
v1_frozen,Max,0.57113,0.00000
v1_frozen,Max,0.57148,0.00000
v1_frozen,Max,0.57183,0.00000
v1_frozen,Max,0.57218,0.00000
v1_frozen,Max,0.57253,0.00000
v1_frozen,Max,0.57288,0.00000
v1_frozen,Max,0.57323,0.00000
v1_frozen,Max,0.57358,0.00000
v1_frozen,Max,0.57393,0.00000
v1_frozen,Max,0.57428,0.00000
v1_frozen,Max,0.57463,0.00000
v1_frozen,Max,0.57498,0.00000
v1_frozen,Max,0.57533,0.00000
v1_frozen,Max,0.57568,0.00000
v1_frozen,Max,0.57603,0.00000
v1_frozen,Max,0.57638,0.00000
v1_frozen,Max,0.57673,0.00000
v1_frozen,Max,0.57708,0.00000
v1_frozen,Max,0.57744,0.00000
v1_frozen,Max,0.57779,0.00000
v1_frozen,Max,0.57814,0.00000
v1_frozen,Max,0.57849,0.00000
v1_frozen,Max,0.57884,0.00000
v1_frozen,Max,0.57919,0.00000
v1_frozen,Max,0.57954,0.00000
v1_frozen,Max,0.57989,0.00000
v1_frozen,Max,0.58024,0.00000
v1_frozen,Max,0.58059,0.00000
v1_frozen,Max,0.58094,0.00000
v1_frozen,Max,0.58129,0.00000
v1_frozen,Max,0.58164,0.00000
v1_frozen,Max,0.58199,0.00000
v1_frozen,Max,0.58234,0.00000
v1_frozen,Max,0.58269,0.00000
v1_frozen,Max,0.58304,0.00000
v1_frozen,Max,0.58339,0.00000
v1_frozen,Max,0.58374,0.00000
v1_frozen,Max,0.58409,0.00000
v1_frozen,Max,0.58444,0.00000
v1_frozen,Max,0.58479,0.00000
v1_frozen,Max,0.58514,0.00000
v1_frozen,Max,0.58549,0.00000
v1_frozen,Max,0.58584,0.00000
v1_frozen,Max,0.58619,0.00000
v1_frozen,Max,0.58655,0.00000
v1_frozen,Max,0.58690,0.00000
v1_frozen,Max,0.58725,0.00000
v1_frozen,Max,0.58760,0.00000
v1_frozen,Max,0.58795,0.00000
v1_frozen,Max,0.58830,0.00000
v1_frozen,Max,0.58865,0.00000
v1_frozen,Max,0.58900,0.00000
v1_frozen,Max,0.58935,0.00000
v1_frozen,Max,0.58970,0.00000
v1_frozen,Max,0.59005,0.00000
v1_frozen,Max,0.59040,0.00000
v1_frozen,Max,0.59075,0.00000
v1_frozen,Max,0.59110,0.00000
v1_frozen,Max,0.59145,0.00000
v1_frozen,Max,0.59180,0.00000
v1_frozen,Max,0.59215,0.00000
v1_frozen,Max,0.59250,0.00000
v1_frozen,Max,0.59285,0.00000
v1_frozen,Max,0.59320,0.00000
v1_frozen,Max,0.59355,0.00000
v1_frozen,Max,0.59390,0.00000
v1_frozen,Max,0.59425,0.00000
v1_frozen,Max,0.59460,0.00000
v1_frozen,Max,0.59495,0.00000
v1_frozen,Max,0.59530,0.00000
v1_frozen,Max,0.59566,0.00000
v1_frozen,Max,0.59601,0.00000
v1_frozen,Max,0.59636,0.00000
v1_frozen,Max,0.59671,0.00000
v1_frozen,Max,0.59706,0.00000
v1_frozen,Max,0.59741,0.00000
v1_frozen,Max,0.59776,0.00000
v1_frozen,Max,0.59811,0.00000
v1_frozen,Max,0.59846,0.00000
v1_frozen,Max,0.59881,0.00000
v1_frozen,Max,0.59916,0.00000
v1_frozen,Max,0.59951,0.00000
v1_frozen,Max,0.59986,0.00000
v1_frozen,Max,0.60021,0.00000
v1_frozen,Max,0.60056,0.00000
v1_frozen,Max,0.60091,0.00000
v1_frozen,Max,0.60126,0.00000
v1_frozen,Max,0.60161,0.00000
v1_frozen,Max,0.60196,0.00000
v1_frozen,Max,0.60231,0.00000
v1_frozen,Max,0.60266,0.00000
v1_frozen,Max,0.60301,0.00000
v1_frozen,Max,0.60336,0.00000
v1_frozen,Max,0.60371,0.00000
v1_frozen,Max,0.60406,0.00000
v1_frozen,Max,0.60441,0.00000
v1_frozen,Max,0.60477,0.00000
v1_frozen,Max,0.60512,0.00000
v1_frozen,Max,0.60547,0.00000
v1_frozen,Max,0.60582,0.00000
v1_frozen,Max,0.60617,0.00000
v1_frozen,Max,0.60652,0.00000
v1_frozen,Max,0.60687,0.00000
v1_frozen,Max,0.60722,0.00000
v1_frozen,Max,0.60757,0.00000
v1_frozen,Max,0.60792,0.00000
v1_frozen,Max,0.60827,0.00000
v1_frozen,Max,0.60862,0.00000
v1_frozen,Max,0.60897,0.00000
v1_frozen,Max,0.60932,0.00000
v1_frozen,Max,0.60967,0.00000
v1_frozen,Max,0.61002,0.00000
v1_frozen,Max,0.61037,0.00000
v1_frozen,Max,0.61072,0.00000
v1_frozen,Max,0.61107,0.00000
v1_frozen,Max,0.61142,0.00000
v1_frozen,Max,0.61177,0.00000
v1_frozen,Max,0.61212,0.00000
v1_frozen,Max,0.61247,0.00000
v1_frozen,Max,0.61282,0.00000
v1_frozen,Max,0.61317,0.00000
v1_frozen,Max,0.61352,0.00000
v1_frozen,Max,0.61388,0.00000
v1_frozen,Max,0.61423,0.00000
v1_frozen,Max,0.61458,0.00000
v1_frozen,Max,0.61493,0.00000
v1_frozen,Max,0.61528,0.00000
v1_frozen,Max,0.61563,0.00000
v1_frozen,Max,0.61598,0.00000
v1_frozen,Max,0.61633,0.00000
v1_frozen,Max,0.61668,0.00000
v1_frozen,Max,0.61703,0.00000
v1_frozen,Max,0.61738,0.00000
v1_frozen,Max,0.61773,0.00000
v1_frozen,Max,0.61808,0.00000
v1_frozen,Max,0.61843,0.00000
v1_frozen,Max,0.61878,0.00000
v1_frozen,Max,0.61913,0.00000
v1_frozen,Max,0.61948,0.00000
v1_frozen,Max,0.61983,0.00000
v1_frozen,Max,0.62018,0.00000
v1_frozen,Max,0.62053,0.00000
v1_frozen,Max,0.62088,0.00000
v1_frozen,Max,0.62123,0.00000
v1_frozen,Max,0.62158,0.00000
v1_frozen,Max,0.62193,0.00000
v1_frozen,Max,0.62228,0.00000
v1_frozen,Max,0.62263,0.00000
v1_frozen,Max,0.62299,0.00000
v1_frozen,Max,0.62334,0.00000
v1_frozen,Max,0.62369,0.00000
v1_frozen,Max,0.62404,0.00000
v1_frozen,Max,0.62439,0.00000
v1_frozen,Max,0.62474,0.00000
v1_frozen,Max,0.62509,0.00000
v1_frozen,Max,0.62544,0.00000
v1_frozen,Max,0.62579,0.00000
v1_frozen,Max,0.62614,0.00000
v1_frozen,Max,0.62649,0.00000
v1_frozen,Max,0.62684,0.00000
v1_frozen,Max,0.62719,0.00000
v1_frozen,Max,0.62754,0.00000
v1_frozen,Max,0.62789,0.00000
v1_frozen,Max,0.62824,0.00000
v1_frozen,Max,0.62859,0.00000
v1_frozen,Max,0.62894,0.00000
v1_frozen,Max,0.62929,0.00000
v1_frozen,Max,0.62964,0.00000
v1_frozen,Max,0.62999,0.00000
v1_frozen,Max,0.63034,0.00000
v1_frozen,Max,0.63069,0.00000
v1_frozen,Max,0.63104,0.00000
v1_frozen,Max,0.63139,0.00000
v1_frozen,Max,0.63174,0.00000
v1_frozen,Max,0.63210,0.00000
v1_frozen,Max,0.63245,0.00000
v1_frozen,Max,0.63280,0.00000
v1_frozen,Max,0.63315,0.00000
v1_frozen,Max,0.63350,0.00000
v1_frozen,Max,0.63385,0.00000
v1_frozen,Max,0.63420,0.00000
v1_frozen,Max,0.63455,0.00000
v1_frozen,Max,0.63490,0.00000
v1_frozen,Max,0.63525,0.00000
v1_frozen,Max,0.63560,0.00000
v1_frozen,Max,0.63595,0.00000
v1_frozen,Max,0.63630,0.00000
v1_frozen,Max,0.63665,0.00000
v1_frozen,Max,0.63700,0.00000
v1_frozen,Max,0.63735,0.00000
v1_frozen,Max,0.63770,0.00000
v1_frozen,Max,0.63805,0.00000
v1_frozen,Max,0.63840,0.00000
v1_frozen,Max,0.63875,0.00000
v1_frozen,Max,0.63910,0.00000
v1_frozen,Max,0.63945,0.00000
v1_frozen,Max,0.63980,0.00000
v1_frozen,Max,0.64015,0.00000
v1_frozen,Max,0.64050,0.00000
v1_frozen,Max,0.64085,0.00000
v1_frozen,Max,0.64121,0.00000
v1_frozen,Max,0.64156,0.00000
v1_frozen,Max,0.64191,0.00000
v1_frozen,Max,0.64226,0.00000
v1_frozen,Max,0.64261,0.00000
v1_frozen,Max,0.64296,0.00000
v1_frozen,Max,0.64331,0.00000
v1_frozen,Max,0.64366,0.00000
v1_frozen,Max,0.64401,0.00000
v1_frozen,Max,0.64436,0.00000
v1_frozen,Max,0.64471,0.00000
v1_frozen,Max,0.64506,0.00000
v1_frozen,Max,0.64541,0.00000
v1_frozen,Max,0.64576,0.00000
v1_frozen,Max,0.64611,0.00000
v1_frozen,Max,0.64646,0.00000
v1_frozen,Max,0.64681,0.00000
v1_frozen,Max,0.64716,0.00000
v1_frozen,Max,0.64751,0.00000
v1_frozen,Max,0.64786,0.00000
v1_frozen,Max,0.64821,0.00000
v1_frozen,Max,0.64856,0.00000
v1_frozen,Max,0.64891,0.00000
v1_frozen,Max,0.64926,0.00000
v1_frozen,Max,0.64961,0.00000
v1_frozen,Max,0.64996,0.00000
v1_frozen,Max,0.65032,0.00000
v1_frozen,Max,0.65067,0.00000
v1_frozen,Max,0.65102,0.00000
v1_frozen,Max,0.65137,0.00000
v1_frozen,Max,0.65172,0.00000
v1_frozen,Max,0.65207,0.00000
v1_frozen,Max,0.65242,0.00000
v1_frozen,Max,0.65277,0.00000
v1_frozen,Max,0.65312,0.00000
v1_frozen,Max,0.65347,0.00000
v1_frozen,Max,0.65382,0.00000
v1_frozen,Max,0.65417,0.00000
v1_frozen,Max,0.65452,0.00000
v1_frozen,Max,0.65487,0.00000
v1_frozen,Max,0.65522,0.00000
v1_frozen,Max,0.65557,0.00000
v1_frozen,Max,0.65592,0.00000
v1_frozen,Max,0.65627,0.00000
v1_frozen,Max,0.65662,0.00000
v1_frozen,Max,0.65697,0.00000
v1_frozen,Max,0.65732,0.00000
v1_frozen,Max,0.65767,0.00000
v1_frozen,Max,0.65802,0.00000
v1_frozen,Max,0.65837,0.00000
v1_frozen,Max,0.65872,0.00000
v1_frozen,Max,0.65907,0.00000
v1_frozen,Max,0.65943,0.00000
v1_frozen,Max,0.65978,0.00000
v1_frozen,Max,0.66013,0.00000
v1_frozen,Max,0.66048,0.00000
v1_frozen,Max,0.66083,0.00000
v1_frozen,Max,0.66118,0.00000
v1_frozen,Max,0.66153,0.00000
v1_frozen,Max,0.66188,0.00000
v1_frozen,Max,0.66223,0.00000
v1_frozen,Max,0.66258,0.00000
v1_frozen,Max,0.66293,0.00000
v1_frozen,Max,0.66328,0.00000
v1_frozen,Max,0.66363,0.00000
v1_frozen,Max,0.66398,0.00000
v1_frozen,Max,0.66433,0.00000
v1_frozen,Max,0.66468,0.00000
v1_frozen,Max,0.66503,0.00000
v1_frozen,Max,0.66538,0.00000
v1_frozen,Max,0.66573,0.00000
v1_frozen,Max,0.66608,0.00000
v1_frozen,Max,0.66643,0.00000
v1_frozen,Max,0.66678,0.00000
v1_frozen,Max,0.66713,0.00000
v1_frozen,Max,0.66748,0.00000
v1_frozen,Max,0.66783,0.00000
v1_frozen,Max,0.66819,0.00000
v1_frozen,Max,0.66854,0.00000
v1_frozen,Max,0.66889,0.00000
v1_frozen,Max,0.66924,0.00000
v1_frozen,Max,0.66959,0.00000
v1_frozen,Max,0.66994,0.00000
v1_frozen,Max,0.67029,0.00000
v1_frozen,Max,0.67064,0.00000
v1_frozen,Max,0.67099,0.00000
v1_frozen,Max,0.67134,0.00000
v1_frozen,Max,0.67169,0.00000
v1_frozen,Max,0.67204,0.00000
v1_frozen,Max,0.67239,0.00000
v1_frozen,Max,0.67274,0.00000
v1_frozen,Max,0.67309,0.00000
v1_frozen,Max,0.67344,0.00000
v1_frozen,Max,0.67379,0.00000
v1_frozen,Max,0.67414,0.00000
v1_frozen,Max,0.67449,0.00000
v1_frozen,Max,0.67484,0.00000
v1_frozen,Max,0.67519,0.00000
v1_frozen,Max,0.67554,0.00000
v1_frozen,Max,0.67589,0.00000
v1_frozen,Max,0.67624,0.00000
v1_frozen,Max,0.67659,0.00000
v1_frozen,Max,0.67694,0.00000
v1_frozen,Max,0.67730,0.00000
v1_frozen,Max,0.67765,0.00000
v1_frozen,Max,0.67800,0.00000
v1_frozen,Max,0.67835,0.00000
v1_frozen,Max,0.67870,0.00000
v1_frozen,Max,0.67905,0.00000
v1_frozen,Max,0.67940,0.00000
v1_frozen,Max,0.67975,0.00000
v1_frozen,Max,0.68010,0.00000
v1_frozen,Max,0.68045,0.00000
v1_frozen,Max,0.68080,0.00000
v1_frozen,Max,0.68115,0.00000
v1_frozen,Max,0.68150,0.00000
v1_frozen,Max,0.68185,0.00000
v1_frozen,Max,0.68220,0.00000
v1_frozen,Max,0.68255,0.00000
v1_frozen,Max,0.68290,0.00000
v1_frozen,Max,0.68325,0.00000
v1_frozen,Max,0.68360,0.00000
v1_frozen,Max,0.68395,0.00000
v1_frozen,Max,0.68430,0.00000
v1_frozen,Max,0.68465,0.00000
v1_frozen,Max,0.68500,0.00000
v1_frozen,Max,0.68535,0.00000
v1_frozen,Max,0.68570,0.00000
v1_frozen,Max,0.68605,0.00000
v1_frozen,Max,0.68641,0.00000
v1_frozen,Max,0.68676,0.00000
v1_frozen,Max,0.68711,0.00000
v1_frozen,Max,0.68746,0.00000
v1_frozen,Max,0.68781,0.00000
v1_frozen,Max,0.68816,0.00000
v1_frozen,Max,0.68851,0.00000
v1_frozen,Max,0.68886,0.00000
v1_frozen,Max,0.68921,0.00000
v1_frozen,Max,0.68956,0.00000
v1_frozen,Max,0.68991,0.00000
v1_frozen,Max,0.69026,0.00000
v1_frozen,Max,0.69061,0.00000
v1_frozen,Max,0.69096,0.00000
v1_frozen,Max,0.69131,0.00000
v1_frozen,Max,0.69166,0.00000
v1_frozen,Max,0.69201,0.00000
v1_frozen,Max,0.69236,0.00000
v1_frozen,Max,0.69271,0.00000
v1_frozen,Max,0.69306,0.00000
v1_frozen,Max,0.69341,0.00000
v1_frozen,Max,0.69376,0.00000
v1_frozen,Max,0.69411,0.00000
v1_frozen,Max,0.69446,0.00000
v1_frozen,Max,0.69481,0.00000
v1_frozen,Max,0.69516,0.00000
v1_frozen,Max,0.69552,0.00000
v1_frozen,Max,0.69587,0.00000
v1_frozen,Max,0.69622,0.00000
v1_frozen,Max,0.69657,0.00000
v1_frozen,Max,0.69692,0.00000
v1_frozen,Max,0.69727,0.00000
v1_frozen,Max,0.69762,0.00000
v1_frozen,Max,0.69797,0.00000
v1_frozen,Max,0.69832,0.00000
v1_frozen,Max,0.69867,0.00000
v1_frozen,Max,0.69902,0.00000
v1_frozen,Max,0.69937,0.00000
v1_frozen,Max,0.69972,0.00000
v1_frozen,Max,0.70007,0.00000
v1_frozen,Max,0.70042,0.00000
v1_frozen,Max,0.70077,0.00000
v1_frozen,Max,0.70112,0.00000
v1_frozen,Max,0.70147,0.00000
v1_frozen,Max,0.70182,0.00000
v1_frozen,Max,0.70217,0.00000
v1_frozen,Max,0.70252,0.00000
v1_frozen,Max,0.70287,0.00000
v1_frozen,Max,0.70322,0.00000
v1_frozen,Max,0.70357,0.00000
v1_frozen,Max,0.70392,0.00000
v1_frozen,Max,0.70427,0.00000
v1_frozen,Max,0.70463,0.00000
v1_frozen,Max,0.70498,0.00000
v1_frozen,Max,0.70533,0.00000
v1_frozen,Max,0.70568,0.00000
v1_frozen,Max,0.70603,0.00000
v1_frozen,Max,0.70638,0.00000
v1_frozen,Max,0.70673,0.00000
v1_frozen,Max,0.70708,0.00000
v1_frozen,Max,0.70743,0.00000
v1_frozen,Max,0.70778,0.00000
v1_frozen,Max,0.70813,0.00000
v1_frozen,Max,0.70848,0.00000
v1_frozen,Max,0.70883,0.00000
v1_frozen,Max,0.70918,0.00000
v1_frozen,Max,0.70953,0.00000
v1_frozen,Max,0.70988,0.00000
v1_frozen,Max,0.71023,0.00000
v1_frozen,Max,0.71058,0.00000
v1_frozen,Max,0.71093,0.00000
v1_frozen,Max,0.71128,0.00000
v1_frozen,Max,0.71163,0.00000
v1_frozen,Max,0.71198,0.00000
v1_frozen,Max,0.71233,0.00000
v1_frozen,Max,0.71268,0.00000
v1_frozen,Max,0.71303,0.00000
v1_frozen,Max,0.71338,0.00000
v1_frozen,Max,0.71374,0.00000
v1_frozen,Max,0.71409,0.00000
v1_frozen,Max,0.71444,0.00000
v1_frozen,Max,0.71479,0.00000
v1_frozen,Max,0.71514,0.00000
v1_frozen,Max,0.71549,0.00000
v1_frozen,Max,0.71584,0.00000
v1_frozen,Max,0.71619,0.00000
v1_frozen,Max,0.71654,0.00000
v1_frozen,Max,0.71689,0.00000
v1_frozen,Max,0.71724,0.00000
v1_frozen,Max,0.71759,0.00000
v1_frozen,Max,0.71794,0.00000
v1_frozen,Max,0.71829,0.00000
v1_frozen,Max,0.71864,0.00000
v1_frozen,Max,0.71899,0.00000
v1_frozen,Max,0.71934,0.00000
v1_frozen,Max,0.71969,0.00000
v1_frozen,Max,0.72004,0.00000
v1_frozen,Max,0.72039,0.00000
v1_frozen,Max,0.72074,0.00000
v1_frozen,Max,0.72109,0.00000
v1_frozen,Max,0.72144,0.00000
v1_frozen,Max,0.72179,0.00000
v1_frozen,Max,0.72214,0.00000
v1_frozen,Max,0.72249,0.00000
v1_frozen,Max,0.72285,0.00000
v1_frozen,Max,0.72320,0.00000
v1_frozen,Max,0.72355,0.00000
v1_frozen,Max,0.72390,0.00000
v1_frozen,Max,0.72425,0.00000
v1_frozen,Max,0.72460,0.00000
v1_frozen,Max,0.72495,0.00000
v1_frozen,Max,0.72530,0.00000
v1_frozen,Max,0.72565,0.00000
v1_frozen,Max,0.72600,0.00000
v1_frozen,Max,0.72635,0.00000
v1_frozen,Max,0.72670,0.00000
v1_frozen,Max,0.72705,0.00000
v1_frozen,Max,0.72740,0.00000
v1_frozen,Max,0.72775,0.00000
v1_frozen,Max,0.72810,0.00000
v1_frozen,Max,0.72845,0.00000
v1_frozen,Max,0.72880,0.00000
v1_frozen,Max,0.72915,0.00000
v1_frozen,Max,0.72950,0.00000
v1_frozen,Max,0.72985,0.00000
v1_frozen,Max,0.73020,0.00000
v1_frozen,Max,0.73055,0.00000
v1_frozen,Max,0.73090,0.00000
v1_frozen,Max,0.73125,0.00000
v1_frozen,Max,0.73160,0.00000
v1_frozen,Max,0.73196,0.00000
v1_frozen,Max,0.73231,0.00000
v1_frozen,Max,0.73266,0.00000
v1_frozen,Max,0.73301,0.00000
v1_frozen,Max,0.73336,0.00000
v1_frozen,Max,0.73371,0.00000
v1_frozen,Max,0.73406,0.00000
v1_frozen,Max,0.73441,0.00000
v1_frozen,Max,0.73476,0.00000
v1_frozen,Max,0.73511,0.00000
v1_frozen,Max,0.73546,0.00000
v1_frozen,Max,0.73581,0.00000
v1_frozen,Max,0.73616,0.00000
v1_frozen,Max,0.73651,0.00000
v1_frozen,Max,0.73686,0.00000
v1_frozen,Max,0.73721,0.00000
v1_frozen,Max,0.73756,0.00000
v1_frozen,Max,0.73791,0.00000
v1_frozen,Max,0.73826,0.00000
v1_frozen,Max,0.73861,0.00000
v1_frozen,Max,0.73896,0.00000
v1_frozen,Max,0.73931,0.00000
v1_frozen,Max,0.73966,0.00000
v1_frozen,Max,0.74001,0.00000
v1_frozen,Max,0.74036,0.00000
v1_frozen,Max,0.74071,0.00000
v1_frozen,Max,0.74107,0.00000
v1_frozen,Max,0.74142,0.00000
v1_frozen,Max,0.74177,0.00000
v1_frozen,Max,0.74212,0.00000
v1_frozen,Max,0.74247,0.00000
v1_frozen,Max,0.74282,0.00000
v1_frozen,Max,0.74317,0.00000
v1_frozen,Max,0.74352,0.00000
v1_frozen,Max,0.74387,0.00000
v1_frozen,Max,0.74422,0.00000
v1_frozen,Max,0.74457,0.00000
v1_frozen,Max,0.74492,0.00000
v1_frozen,Max,0.74527,0.00000
v1_frozen,Max,0.74562,0.00000
v1_frozen,Max,0.74597,0.00000
v1_frozen,Max,0.74632,0.00000
v1_frozen,Max,0.74667,0.00000
v1_frozen,Max,0.74702,0.00000
v1_frozen,Max,0.74737,0.00000
v1_frozen,Max,0.74772,0.00000
v1_frozen,Max,0.74807,0.00000
v1_frozen,Max,0.74842,0.00000
v1_frozen,Max,0.74877,0.00000
v1_frozen,Max,0.74912,0.00000
v1_frozen,Max,0.74947,0.00000
v1_frozen,Max,0.74982,0.00000
v1_frozen,Max,0.75018,0.00000
v1_frozen,Max,0.75053,0.00000
v1_frozen,Max,0.75088,0.00000
v1_frozen,Max,0.75123,0.00000
v1_frozen,Max,0.75158,0.00000
v1_frozen,Max,0.75193,0.00000
v1_frozen,Max,0.75228,0.00000
v1_frozen,Max,0.75263,0.00000
v1_frozen,Max,0.75298,0.00000
v1_frozen,Max,0.75333,0.00000
v1_frozen,Max,0.75368,0.00000
v1_frozen,Max,0.75403,0.00000
v1_frozen,Max,0.75438,0.00000
v1_frozen,Max,0.75473,0.00000
v1_frozen,Max,0.75508,0.00000
v1_frozen,Max,0.75543,0.00000
v1_frozen,Max,0.75578,0.00000
v1_frozen,Max,0.75613,0.00000
v1_frozen,Max,0.75648,0.00000
v1_frozen,Max,0.75683,0.00000
v1_frozen,Max,0.75718,0.00000
v1_frozen,Max,0.75753,0.00000
v1_frozen,Max,0.75788,0.00000
v1_frozen,Max,0.75823,0.00000
v1_frozen,Max,0.75858,0.00000
v1_frozen,Max,0.75893,0.00000
v1_frozen,Max,0.75929,0.00000
v1_frozen,Max,0.75964,0.00000
v1_frozen,Max,0.75999,0.00000
v1_frozen,Max,0.76034,0.00000
v1_frozen,Max,0.76069,0.00000
v1_frozen,Max,0.76104,0.00000
v1_frozen,Max,0.76139,0.00000
v1_frozen,Max,0.76174,0.00000
v1_frozen,Max,0.76209,0.00000
v1_frozen,Max,0.76244,0.00000
v1_frozen,Max,0.76279,0.00000
v1_frozen,Max,0.76314,0.00000
v1_frozen,Max,0.76349,0.00000
v1_frozen,Max,0.76384,0.00000
v1_frozen,Max,0.76419,0.00000
v1_frozen,Max,0.76454,0.00000
v1_frozen,Max,0.76489,0.00000
v1_frozen,Max,0.76524,0.00000
v1_frozen,Max,0.76559,0.00000
v1_frozen,Max,0.76594,0.00000
v1_frozen,Max,0.76629,0.00000
v1_frozen,Max,0.76664,0.00000
v1_frozen,Max,0.76699,0.00000
v1_frozen,Max,0.76734,0.00000
v1_frozen,Max,0.76769,0.00000
v1_frozen,Max,0.76804,0.00000
v1_frozen,Max,0.76840,0.00000
v1_frozen,Max,0.76875,0.00000
v1_frozen,Max,0.76910,0.00000
v1_frozen,Max,0.76945,0.00000
v1_frozen,Max,0.76980,0.00000
v1_frozen,Max,0.77015,0.00000
v1_frozen,Max,0.77050,0.00000
v1_frozen,Max,0.77085,0.00000
v1_frozen,Max,0.77120,0.00000
v1_frozen,Max,0.77155,0.00000
v1_frozen,Max,0.77190,0.00000
v1_frozen,Max,0.77225,0.00000
v1_frozen,Max,0.77260,0.00000
v1_frozen,Max,0.77295,0.00000
v1_frozen,Max,0.77330,0.00000
v1_frozen,Max,0.77365,0.00000
v1_frozen,Max,0.77400,0.00000
v1_frozen,Max,0.77435,0.00000
v1_frozen,Max,0.77470,0.00000
v1_frozen,Max,0.77505,0.00000
v1_frozen,Max,0.77540,0.00000
v1_frozen,Max,0.77575,0.00000
v1_frozen,Max,0.77610,0.00000
v1_frozen,Max,0.77645,0.00000
v1_frozen,Max,0.77680,0.00000
v1_frozen,Max,0.77715,0.00000
v1_frozen,Max,0.77751,0.00000
v1_frozen,Max,0.77786,0.00000
v1_frozen,Max,0.77821,0.00000
v1_frozen,Max,0.77856,0.00000
v1_frozen,Max,0.77891,0.00000
v1_frozen,Max,0.77926,0.00000
v1_frozen,Max,0.77961,0.00000
v1_frozen,Max,0.77996,0.00000
v1_frozen,Max,0.78031,0.00000
v1_frozen,Max,0.78066,0.00000
v1_frozen,Max,0.78101,0.00000
v1_frozen,Max,0.78136,0.00000
v1_frozen,Max,0.78171,0.00000
v1_frozen,Max,0.78206,0.00000
v1_frozen,Max,0.78241,0.00000
v1_frozen,Max,0.78276,0.00000
v1_frozen,Max,0.78311,0.00000
v1_frozen,Max,0.78346,0.00000
v1_frozen,Max,0.78381,0.00000
v1_frozen,Max,0.78416,0.00000
v1_frozen,Max,0.78451,0.00000
v1_frozen,Max,0.78486,0.00000
v1_frozen,Max,0.78521,0.00000
v1_frozen,Max,0.78556,0.00000
v1_frozen,Max,0.78591,0.00000
v1_frozen,Max,0.78626,0.00000
v1_frozen,Max,0.78662,0.00000
v1_frozen,Max,0.78697,0.00000
v1_frozen,Max,0.78732,0.00000
v1_frozen,Max,0.78767,0.00000
v1_frozen,Max,0.78802,0.00000
v1_frozen,Max,0.78837,0.00000
v1_frozen,Max,0.78872,0.00000
v1_frozen,Max,0.78907,0.00000
v1_frozen,Max,0.78942,0.00000
v1_frozen,Max,0.78977,0.00000
v1_frozen,Max,0.79012,0.00000
v1_frozen,Max,0.79047,0.00000
v1_frozen,Max,0.79082,0.00000
v1_frozen,Max,0.79117,0.00000
v1_frozen,Max,0.79152,0.00000
v1_frozen,Max,0.79187,0.00000
v1_frozen,Max,0.79222,0.00000
v1_frozen,Max,0.79257,0.00000
v1_frozen,Max,0.79292,0.00000
v1_frozen,Max,0.79327,0.00000
v1_frozen,Max,0.79362,0.00000
v1_frozen,Max,0.79397,0.00000
v1_frozen,Max,0.79432,0.00000
v1_frozen,Max,0.79467,0.00000
v1_frozen,Max,0.79502,0.00000
v1_frozen,Max,0.79537,0.00000
v1_frozen,Max,0.79573,0.00000
v1_frozen,Max,0.79608,0.00000
v1_frozen,Max,0.79643,0.00000
v1_frozen,Max,0.79678,0.00000
v1_frozen,Max,0.79713,0.00000
v1_frozen,Max,0.79748,0.00000
v1_frozen,Max,0.79783,0.00000
v1_frozen,Max,0.79818,0.00000
v1_frozen,Max,0.79853,0.00000
v1_frozen,Max,0.79888,0.00000
v1_frozen,Max,0.79923,0.00000
v1_frozen,Max,0.79958,0.00000
v1_frozen,Max,0.79993,0.00000
v1_frozen,Max,0.80028,0.00000
v1_frozen,Max,0.80063,0.00000
v1_frozen,Max,0.80098,0.00000
v1_frozen,Max,0.80133,0.00000
v1_frozen,Max,0.80168,0.00000
v1_frozen,Max,0.80203,0.00000
v1_frozen,Max,0.80238,0.00000
v1_frozen,Max,0.80273,0.00000
v1_frozen,Max,0.80308,0.00000
v1_frozen,Max,0.80343,0.00000
v1_frozen,Max,0.80378,0.00000
v1_frozen,Max,0.80413,0.00000
v1_frozen,Max,0.80448,0.00000
v1_frozen,Max,0.80484,0.00000
v1_frozen,Max,0.80519,0.00000
v1_frozen,Max,0.80554,0.00000
v1_frozen,Max,0.80589,0.00000
v1_frozen,Max,0.80624,0.00000
v1_frozen,Max,0.80659,0.00000
v1_frozen,Max,0.80694,0.00000
v1_frozen,Max,0.80729,0.00000
v1_frozen,Max,0.80764,0.00000
v1_frozen,Max,0.80799,0.00000
v1_frozen,Max,0.80834,0.00000
v1_frozen,Max,0.80869,0.00000
v1_frozen,Max,0.80904,0.00000
v1_frozen,Max,0.80939,0.00000
v1_frozen,Max,0.80974,0.00000
v1_frozen,Max,0.81009,0.00000
v1_frozen,Max,0.81044,0.00000
v1_frozen,Max,0.81079,0.00000
v1_frozen,Max,0.81114,0.00000
v1_frozen,Max,0.81149,0.00000
v1_frozen,Max,0.81184,0.00000
v1_frozen,Max,0.81219,0.00000
v1_frozen,Max,0.81254,0.00000
v1_frozen,Max,0.81289,0.00000
v1_frozen,Max,0.81324,0.00000
v1_frozen,Max,0.81359,0.00000
v1_frozen,Max,0.81395,0.00000
v1_frozen,Max,0.81430,0.00000
v1_frozen,Max,0.81465,0.00000
v1_frozen,Max,0.81500,0.00000
v1_frozen,Max,0.81535,0.00000
v1_frozen,Max,0.81570,0.00000
v1_frozen,Max,0.81605,0.00000
v1_frozen,Max,0.81640,0.00000
v1_frozen,Max,0.81675,0.00000
v1_frozen,Max,0.81710,0.00000
v1_frozen,Max,0.81745,0.00000
v1_frozen,Max,0.81780,0.00000
v1_frozen,Max,0.81815,0.00000
v1_frozen,Max,0.81850,0.00000
v1_frozen,Max,0.81885,0.00000
v1_frozen,Max,0.81920,0.00000
v1_frozen,Max,0.81955,0.00000
v1_frozen,Max,0.81990,0.00000
v1_frozen,Max,0.82025,0.00000
v1_frozen,Max,0.82060,0.00000
v1_frozen,Max,0.82095,0.00000
v1_frozen,Max,0.82130,0.00000
v1_frozen,Max,0.82165,0.00000
v1_frozen,Max,0.82200,0.00000
v1_frozen,Max,0.82235,0.00000
v1_frozen,Max,0.82270,0.00000
v1_frozen,Max,0.82306,0.00000
v1_frozen,Max,0.82341,0.00000
v1_frozen,Max,0.82376,0.00000
v1_frozen,Max,0.82411,0.00000
v1_frozen,Max,0.82446,0.00000
v1_frozen,Max,0.82481,0.00000
v1_frozen,Max,0.82516,0.00000
v1_frozen,Max,0.82551,0.00000
v1_frozen,Max,0.82586,0.00000
v1_frozen,Max,0.82621,0.00000
v1_frozen,Max,0.82656,0.00000
v1_frozen,Max,0.82691,0.00000
v1_frozen,Max,0.82726,0.00000
v1_frozen,Max,0.82761,0.00000
v1_frozen,Max,0.82796,0.00000
v1_frozen,Max,0.82831,0.00000
v1_frozen,Max,0.82866,0.00000
v1_frozen,Max,0.82901,0.00000
v1_frozen,Max,0.82936,0.00000
v1_frozen,Max,0.82971,0.00000
v1_frozen,Max,0.83006,0.00000
v1_frozen,Max,0.83041,0.00000
v1_frozen,Max,0.83076,0.00000
v1_frozen,Max,0.83111,0.00000
v1_frozen,Max,0.83146,0.00000
v1_frozen,Max,0.83181,0.00000
v1_frozen,Max,0.83217,0.00000
v1_frozen,Max,0.83252,0.00000
v1_frozen,Max,0.83287,0.00000
v1_frozen,Max,0.83322,0.00000
v1_frozen,Max,0.83357,0.00000
v1_frozen,Max,0.83392,0.00000
v1_frozen,Max,0.83427,0.00000
v1_frozen,Max,0.83462,0.00000
v1_frozen,Max,0.83497,0.00000
v1_frozen,Max,0.83532,0.00000
v1_frozen,Max,0.83567,0.00000
v1_frozen,Max,0.83602,0.00000
v1_frozen,Max,0.83637,0.00000
v1_frozen,Max,0.83672,0.00000
v1_frozen,Max,0.83707,0.00000
v1_frozen,Max,0.83742,0.00000
v1_frozen,Max,0.83777,0.00000
v1_frozen,Max,0.83812,0.00000
v1_frozen,Max,0.83847,0.00000
v1_frozen,Max,0.83882,0.00000
v1_frozen,Max,0.83917,0.00000
v1_frozen,Max,0.83952,0.00000
v1_frozen,Max,0.83987,0.00000
v1_frozen,Max,0.84022,0.00000
v1_frozen,Max,0.84057,0.00042
v1_frozen,Max,0.84093,0.00042
v1_frozen,Max,0.84128,0.00042
v1_frozen,Max,0.84163,0.00042
v1_frozen,Max,0.84198,0.00042
v1_frozen,Max,0.84233,0.00042
v1_frozen,Max,0.84268,0.00042
v1_frozen,Max,0.84303,0.00042
v1_frozen,Max,0.84338,0.00042
v1_frozen,Max,0.84373,0.00042
v1_frozen,Max,0.84408,0.00042
v1_frozen,Max,0.84443,0.00041
v1_frozen,Max,0.84478,0.00041
v1_frozen,Max,0.84513,0.00041
v1_frozen,Max,0.84548,0.00041
v1_frozen,Max,0.84583,0.00041
v1_frozen,Max,0.84618,0.00041
v1_frozen,Max,0.84653,0.00041
v1_frozen,Max,0.84688,0.00041
v1_frozen,Max,0.84723,0.00041
v1_frozen,Max,0.84758,0.00041
v1_frozen,Max,0.84793,0.00041
v1_frozen,Max,0.84828,0.00041
v1_frozen,Max,0.84863,0.00041
v1_frozen,Max,0.84898,0.00041
v1_frozen,Max,0.84933,0.00041
v1_frozen,Max,0.84968,0.00041
v1_frozen,Max,0.85004,0.00041
v1_frozen,Max,0.85039,0.00041
v1_frozen,Max,0.85074,0.00041
v1_frozen,Max,0.85109,0.00041
v1_frozen,Max,0.85144,0.00041
v1_frozen,Max,0.85179,0.00041
v1_frozen,Max,0.85214,0.00041
v1_frozen,Max,0.85249,0.00041
v1_frozen,Max,0.85284,0.00041
v1_frozen,Max,0.85319,0.00041
v1_frozen,Max,0.85354,0.00041
v1_frozen,Max,0.85389,0.00041
v1_frozen,Max,0.85424,0.00041
v1_frozen,Max,0.85459,0.00041
v1_frozen,Max,0.85494,0.00041
v1_frozen,Max,0.85529,0.00041
v1_frozen,Max,0.85564,0.00041
v1_frozen,Max,0.85599,0.00041
v1_frozen,Max,0.85634,0.00041
v1_frozen,Max,0.85669,0.00041
v1_frozen,Max,0.85704,0.00041
v1_frozen,Max,0.85739,0.00041
v1_frozen,Max,0.85774,0.00041
v1_frozen,Max,0.85809,0.00041
v1_frozen,Max,0.85844,0.00041
v1_frozen,Max,0.85879,0.00041
v1_frozen,Max,0.85915,0.00041
v1_frozen,Max,0.85950,0.00041
v1_frozen,Max,0.85985,0.00041
v1_frozen,Max,0.86020,0.00041
v1_frozen,Max,0.86055,0.00041
v1_frozen,Max,0.86090,0.00041
v1_frozen,Max,0.86125,0.00041
v1_frozen,Max,0.86160,0.00041
v1_frozen,Max,0.86195,0.00041
v1_frozen,Max,0.86230,0.00041
v1_frozen,Max,0.86265,0.00041
v1_frozen,Max,0.86300,0.00081
v1_frozen,Max,0.86335,0.00122
v1_frozen,Max,0.86370,0.00122
v1_frozen,Max,0.86405,0.00122
v1_frozen,Max,0.86440,0.00122
v1_frozen,Max,0.86475,0.00122
v1_frozen,Max,0.86510,0.00122
v1_frozen,Max,0.86545,0.00121
v1_frozen,Max,0.86580,0.00121
v1_frozen,Max,0.86615,0.00121
v1_frozen,Max,0.86650,0.00121
v1_frozen,Max,0.86685,0.00121
v1_frozen,Max,0.86720,0.00121
v1_frozen,Max,0.86755,0.00121
v1_frozen,Max,0.86790,0.00121
v1_frozen,Max,0.86826,0.00121
v1_frozen,Max,0.86861,0.00121
v1_frozen,Max,0.86896,0.00121
v1_frozen,Max,0.86931,0.00121
v1_frozen,Max,0.86966,0.00121
v1_frozen,Max,0.87001,0.00121
v1_frozen,Max,0.87036,0.00121
v1_frozen,Max,0.87071,0.00121
v1_frozen,Max,0.87106,0.00121
v1_frozen,Max,0.87141,0.00121
v1_frozen,Max,0.87176,0.00161
v1_frozen,Max,0.87211,0.00161
v1_frozen,Max,0.87246,0.00161
v1_frozen,Max,0.87281,0.00161
v1_frozen,Max,0.87316,0.00161
v1_frozen,Max,0.87351,0.00160
v1_frozen,Max,0.87386,0.00160
v1_frozen,Max,0.87421,0.00160
v1_frozen,Max,0.87456,0.00160
v1_frozen,Max,0.87491,0.00160
v1_frozen,Max,0.87526,0.00160
v1_frozen,Max,0.87561,0.00160
v1_frozen,Max,0.87596,0.00160
v1_frozen,Max,0.87631,0.00160
v1_frozen,Max,0.87666,0.00160
v1_frozen,Max,0.87701,0.00160
v1_frozen,Max,0.87737,0.00160
v1_frozen,Max,0.87772,0.00160
v1_frozen,Max,0.87807,0.00160
v1_frozen,Max,0.87842,0.00160
v1_frozen,Max,0.87877,0.00159
v1_frozen,Max,0.87912,0.00159
v1_frozen,Max,0.87947,0.00199
v1_frozen,Max,0.87982,0.00199
v1_frozen,Max,0.88017,0.00199
v1_frozen,Max,0.88052,0.00199
v1_frozen,Max,0.88087,0.00199
v1_frozen,Max,0.88122,0.00199
v1_frozen,Max,0.88157,0.00199
v1_frozen,Max,0.88192,0.00199
v1_frozen,Max,0.88227,0.00199
v1_frozen,Max,0.88262,0.00198
v1_frozen,Max,0.88297,0.00198
v1_frozen,Max,0.88332,0.00198
v1_frozen,Max,0.88367,0.00198
v1_frozen,Max,0.88402,0.00198
v1_frozen,Max,0.88437,0.00198
v1_frozen,Max,0.88472,0.00198
v1_frozen,Max,0.88507,0.00198
v1_frozen,Max,0.88542,0.00198
v1_frozen,Max,0.88577,0.00198
v1_frozen,Max,0.88612,0.00198
v1_frozen,Max,0.88648,0.00198
v1_frozen,Max,0.88683,0.00198
v1_frozen,Max,0.88718,0.00197
v1_frozen,Max,0.88753,0.00197
v1_frozen,Max,0.88788,0.00197
v1_frozen,Max,0.88823,0.00197
v1_frozen,Max,0.88858,0.00197
v1_frozen,Max,0.88893,0.00197
v1_frozen,Max,0.88928,0.00197
v1_frozen,Max,0.88963,0.00197
v1_frozen,Max,0.88998,0.00197
v1_frozen,Max,0.89033,0.00197
v1_frozen,Max,0.89068,0.00197
v1_frozen,Max,0.89103,0.00197
v1_frozen,Max,0.89138,0.00197
v1_frozen,Max,0.89173,0.00196
v1_frozen,Max,0.89208,0.00196
v1_frozen,Max,0.89243,0.00196
v1_frozen,Max,0.89278,0.00196
v1_frozen,Max,0.89313,0.00196
v1_frozen,Max,0.89348,0.00196
v1_frozen,Max,0.89383,0.00196
v1_frozen,Max,0.89418,0.00196
v1_frozen,Max,0.89453,0.00196
v1_frozen,Max,0.89488,0.00196
v1_frozen,Max,0.89523,0.00196
v1_frozen,Max,0.89559,0.00235
v1_frozen,Max,0.89594,0.00235
v1_frozen,Max,0.89629,0.00235
v1_frozen,Max,0.89664,0.00234
v1_frozen,Max,0.89699,0.00234
v1_frozen,Max,0.89734,0.00234
v1_frozen,Max,0.89769,0.00234
v1_frozen,Max,0.89804,0.00234
v1_frozen,Max,0.89839,0.00234
v1_frozen,Max,0.89874,0.00234
v1_frozen,Max,0.89909,0.00234
v1_frozen,Max,0.89944,0.00234
v1_frozen,Max,0.89979,0.00234
v1_frozen,Max,0.90014,0.00234
v1_frozen,Max,0.90049,0.00233
v1_frozen,Max,0.90084,0.00233
v1_frozen,Max,0.90119,0.00233
v1_frozen,Max,0.90154,0.00233
v1_frozen,Max,0.90189,0.00233
v1_frozen,Max,0.90224,0.00233
v1_frozen,Max,0.90259,0.00233
v1_frozen,Max,0.90294,0.00233
v1_frozen,Max,0.90329,0.00233
v1_frozen,Max,0.90364,0.00233
v1_frozen,Max,0.90399,0.00233
v1_frozen,Max,0.90434,0.00232
v1_frozen,Max,0.90470,0.00232
v1_frozen,Max,0.90505,0.00232
v1_frozen,Max,0.90540,0.00232
v1_frozen,Max,0.90575,0.00232
v1_frozen,Max,0.90610,0.00232
v1_frozen,Max,0.90645,0.00232
v1_frozen,Max,0.90680,0.00232
v1_frozen,Max,0.90715,0.00232
v1_frozen,Max,0.90750,0.00232
v1_frozen,Max,0.90785,0.00232
v1_frozen,Max,0.90820,0.00231
v1_frozen,Max,0.90855,0.00231
v1_frozen,Max,0.90890,0.00231
v1_frozen,Max,0.90925,0.00231
v1_frozen,Max,0.90960,0.00231
v1_frozen,Max,0.90995,0.00231
v1_frozen,Max,0.91030,0.00231
v1_frozen,Max,0.91065,0.00231
v1_frozen,Max,0.91100,0.00231
v1_frozen,Max,0.91135,0.00231
v1_frozen,Max,0.91170,0.00231
v1_frozen,Max,0.91205,0.00231
v1_frozen,Max,0.91240,0.00230
v1_frozen,Max,0.91275,0.00230
v1_frozen,Max,0.91310,0.00230
v1_frozen,Max,0.91345,0.00230
v1_frozen,Max,0.91381,0.00230
v1_frozen,Max,0.91416,0.00230
v1_frozen,Max,0.91451,0.00268
v1_frozen,Max,0.91486,0.00268
v1_frozen,Max,0.91521,0.00268
v1_frozen,Max,0.91556,0.00268
v1_frozen,Max,0.91591,0.00268
v1_frozen,Max,0.91626,0.00268
v1_frozen,Max,0.91661,0.00268
v1_frozen,Max,0.91696,0.00267
v1_frozen,Max,0.91731,0.00267
v1_frozen,Max,0.91766,0.00267
v1_frozen,Max,0.91801,0.00267
v1_frozen,Max,0.91836,0.00267
v1_frozen,Max,0.91871,0.00267
v1_frozen,Max,0.91906,0.00267
v1_frozen,Max,0.91941,0.00267
v1_frozen,Max,0.91976,0.00305
v1_frozen,Max,0.92011,0.00305
v1_frozen,Max,0.92046,0.00305
v1_frozen,Max,0.92081,0.00304
v1_frozen,Max,0.92116,0.00304
v1_frozen,Max,0.92151,0.00304
v1_frozen,Max,0.92186,0.00304
v1_frozen,Max,0.92221,0.00304
v1_frozen,Max,0.92256,0.00304
v1_frozen,Max,0.92292,0.00304
v1_frozen,Max,0.92327,0.00304
v1_frozen,Max,0.92362,0.00303
v1_frozen,Max,0.92397,0.00303
v1_frozen,Max,0.92432,0.00303
v1_frozen,Max,0.92467,0.00303
v1_frozen,Max,0.92502,0.00303
v1_frozen,Max,0.92537,0.00303
v1_frozen,Max,0.92572,0.00303
v1_frozen,Max,0.92607,0.00303
v1_frozen,Max,0.92642,0.00303
v1_frozen,Max,0.92677,0.00302
v1_frozen,Max,0.92712,0.00302
v1_frozen,Max,0.92747,0.00302
v1_frozen,Max,0.92782,0.00302
v1_frozen,Max,0.92817,0.00302
v1_frozen,Max,0.92852,0.00302
v1_frozen,Max,0.92887,0.00302
v1_frozen,Max,0.92922,0.00302
v1_frozen,Max,0.92957,0.00302
v1_frozen,Max,0.92992,0.00301
v1_frozen,Max,0.93027,0.00301
v1_frozen,Max,0.93062,0.00301
v1_frozen,Max,0.93097,0.00301
v1_frozen,Max,0.93132,0.00301
v1_frozen,Max,0.93167,0.00301
v1_frozen,Max,0.93203,0.00301
v1_frozen,Max,0.93238,0.00301
v1_frozen,Max,0.93273,0.00301
v1_frozen,Max,0.93308,0.00300
v1_frozen,Max,0.93343,0.00300
v1_frozen,Max,0.93378,0.00300
v1_frozen,Max,0.93413,0.00300
v1_frozen,Max,0.93448,0.00300
v1_frozen,Max,0.93483,0.00300
v1_frozen,Max,0.93518,0.00300
v1_frozen,Max,0.93553,0.00337
v1_frozen,Max,0.93588,0.00337
v1_frozen,Max,0.93623,0.00337
v1_frozen,Max,0.93658,0.00337
v1_frozen,Max,0.93693,0.00337
v1_frozen,Max,0.93728,0.00336
v1_frozen,Max,0.93763,0.00336
v1_frozen,Max,0.93798,0.00336
v1_frozen,Max,0.93833,0.00336
v1_frozen,Max,0.93868,0.00336
v1_frozen,Max,0.93903,0.00336
v1_frozen,Max,0.93938,0.00336
v1_frozen,Max,0.93973,0.00336
v1_frozen,Max,0.94008,0.00335
v1_frozen,Max,0.94043,0.00335
v1_frozen,Max,0.94078,0.00335
v1_frozen,Max,0.94114,0.00335
v1_frozen,Max,0.94149,0.00335
v1_frozen,Max,0.94184,0.00335
v1_frozen,Max,0.94219,0.00335
v1_frozen,Max,0.94254,0.00335
v1_frozen,Max,0.94289,0.00334
v1_frozen,Max,0.94324,0.00334
v1_frozen,Max,0.94359,0.00334
v1_frozen,Max,0.94394,0.00334
v1_frozen,Max,0.94429,0.00371
v1_frozen,Max,0.94464,0.00371
v1_frozen,Max,0.94499,0.00371
v1_frozen,Max,0.94534,0.00371
v1_frozen,Max,0.94569,0.00371
v1_frozen,Max,0.94604,0.00370
v1_frozen,Max,0.94639,0.00370
v1_frozen,Max,0.94674,0.00370
v1_frozen,Max,0.94709,0.00370
v1_frozen,Max,0.94744,0.00370
v1_frozen,Max,0.94779,0.00370
v1_frozen,Max,0.94814,0.00370
v1_frozen,Max,0.94849,0.00369
v1_frozen,Max,0.94884,0.00369
v1_frozen,Max,0.94919,0.00369
v1_frozen,Max,0.94954,0.00369
v1_frozen,Max,0.94989,0.00369
v1_frozen,Max,0.95025,0.00369
v1_frozen,Max,0.95060,0.00369
v1_frozen,Max,0.95095,0.00368
v1_frozen,Max,0.95130,0.00368
v1_frozen,Max,0.95165,0.00368
v1_frozen,Max,0.95200,0.00368
v1_frozen,Max,0.95235,0.00368
v1_frozen,Max,0.95270,0.00368
v1_frozen,Max,0.95305,0.00368
v1_frozen,Max,0.95340,0.00368
v1_frozen,Max,0.95375,0.00367
v1_frozen,Max,0.95410,0.00367
v1_frozen,Max,0.95445,0.00367
v1_frozen,Max,0.95480,0.00404
v1_frozen,Max,0.95515,0.00404
v1_frozen,Max,0.95550,0.00403
v1_frozen,Max,0.95585,0.00403
v1_frozen,Max,0.95620,0.00403
v1_frozen,Max,0.95655,0.00403
v1_frozen,Max,0.95690,0.00403
v1_frozen,Max,0.95725,0.00403
v1_frozen,Max,0.95760,0.00439
v1_frozen,Max,0.95795,0.00439
v1_frozen,Max,0.95830,0.00439
v1_frozen,Max,0.95865,0.00439
v1_frozen,Max,0.95900,0.00438
v1_frozen,Max,0.95936,0.00438
v1_frozen,Max,0.95971,0.00438
v1_frozen,Max,0.96006,0.00438
v1_frozen,Max,0.96041,0.00438
v1_frozen,Max,0.96076,0.00438
v1_frozen,Max,0.96111,0.00437
v1_frozen,Max,0.96146,0.00437
v1_frozen,Max,0.96181,0.00437
v1_frozen,Max,0.96216,0.00437
v1_frozen,Max,0.96251,0.00437
v1_frozen,Max,0.96286,0.00437
v1_frozen,Max,0.96321,0.00437
v1_frozen,Max,0.96356,0.00436
v1_frozen,Max,0.96391,0.00436
v1_frozen,Max,0.96426,0.00436
v1_frozen,Max,0.96461,0.00436
v1_frozen,Max,0.96496,0.00436
v1_frozen,Max,0.96531,0.00436
v1_frozen,Max,0.96566,0.00435
v1_frozen,Max,0.96601,0.00435
v1_frozen,Max,0.96636,0.00435
v1_frozen,Max,0.96671,0.00435
v1_frozen,Max,0.96706,0.00435
v1_frozen,Max,0.96741,0.00471
v1_frozen,Max,0.96776,0.00471
v1_frozen,Max,0.96811,0.00471
v1_frozen,Max,0.96847,0.00470
v1_frozen,Max,0.96882,0.00470
v1_frozen,Max,0.96917,0.00470
v1_frozen,Max,0.96952,0.00470
v1_frozen,Max,0.96987,0.00506
v1_frozen,Max,0.97022,0.00506
v1_frozen,Max,0.97057,0.00505
v1_frozen,Max,0.97092,0.00541
v1_frozen,Max,0.97127,0.00577
v1_frozen,Max,0.97162,0.00577
v1_frozen,Max,0.97197,0.00577
v1_frozen,Max,0.97232,0.00577
v1_frozen,Max,0.97267,0.00612
v1_frozen,Max,0.97302,0.00648
v1_frozen,Max,0.97337,0.00648
v1_frozen,Max,0.97372,0.00648
v1_frozen,Max,0.97407,0.00647
v1_frozen,Max,0.97442,0.00647
v1_frozen,Max,0.97477,0.00647
v1_frozen,Max,0.97512,0.00647
v1_frozen,Max,0.97547,0.00647
v1_frozen,Max,0.97582,0.00646
v1_frozen,Max,0.97617,0.00646
v1_frozen,Max,0.97652,0.00682
v1_frozen,Max,0.97687,0.00681
v1_frozen,Max,0.97722,0.00681
v1_frozen,Max,0.97758,0.00681
v1_frozen,Max,0.97793,0.00681
v1_frozen,Max,0.97828,0.00716
v1_frozen,Max,0.97863,0.00752
v1_frozen,Max,0.97898,0.00752
v1_frozen,Max,0.97933,0.00751
v1_frozen,Max,0.97968,0.00751
v1_frozen,Max,0.98003,0.00751
v1_frozen,Max,0.98038,0.00751
v1_frozen,Max,0.98073,0.00750
v1_frozen,Max,0.98108,0.00750
v1_frozen,Max,0.98143,0.00785
v1_frozen,Max,0.98178,0.00785
v1_frozen,Max,0.98213,0.00785
v1_frozen,Max,0.98248,0.00820
v1_frozen,Max,0.98283,0.00820
v1_frozen,Max,0.98318,0.00820
v1_frozen,Max,0.98353,0.00855
v1_frozen,Max,0.98388,0.00855
v1_frozen,Max,0.98423,0.00854
v1_frozen,Max,0.98458,0.00854
v1_frozen,Max,0.98493,0.00854
v1_frozen,Max,0.98528,0.00853
v1_frozen,Max,0.98563,0.00853
v1_frozen,Max,0.98598,0.00853
v1_frozen,Max,0.98633,0.00888
v1_frozen,Max,0.98669,0.00888
v1_frozen,Max,0.98704,0.00923
v1_frozen,Max,0.98739,0.00923
v1_frozen,Max,0.98774,0.00922
v1_frozen,Max,0.98809,0.00957
v1_frozen,Max,0.98844,0.00993
v1_frozen,Max,0.98879,0.00992
v1_frozen,Max,0.98914,0.01027
v1_frozen,Max,0.98949,0.01027
v1_frozen,Max,0.98984,0.01027
v1_frozen,Max,0.99019,0.01062
v1_frozen,Max,0.99054,0.01061
v1_frozen,Max,0.99089,0.01061
v1_frozen,Max,0.99124,0.01060
v1_frozen,Max,0.99159,0.01060
v1_frozen,Max,0.99194,0.01095
v1_frozen,Max,0.99229,0.01095
v1_frozen,Max,0.99264,0.01094
v1_frozen,Max,0.99299,0.01129
v1_frozen,Max,0.99334,0.01129
v1_frozen,Max,0.99369,0.01128
v1_frozen,Max,0.99404,0.01128
v1_frozen,Max,0.99439,0.01128
v1_frozen,Max,0.99474,0.01162
v1_frozen,Max,0.99509,0.01162
v1_frozen,Max,0.99544,0.01197
v1_frozen,Max,0.99580,0.01196
v1_frozen,Max,0.99615,0.01231
v1_frozen,Max,0.99650,0.01266
v1_frozen,Max,0.99685,0.01265
v1_frozen,Max,0.99720,0.01265
v1_frozen,Max,0.99755,0.01300
v1_frozen,Max,0.99790,0.01334
v1_frozen,Max,0.99825,0.01369
v1_frozen,Max,0.99860,0.01404
v1_frozen,Max,0.99895,0.01403
v1_frozen,Max,0.99930,0.01438
v1_frozen,Max,0.99965,0.01472
v1_frozen,Max,1.00000,0.01507
